,windows_run_9,windows_run_8,windows_run_0,windows_run_1,windows_run_3,windows_run_2,windows_run_6,windows_run_7,windows_run_5,windows_run_4,window_mean
0,1,1,1,1,1,1,1,1,1,1,1.0
1,2,2,2,2,2,2,2,2,2,2,2.0
2,3,3,3,3,3,3,3,3,3,3,3.0
3,4,4,4,4,4,4,4,4,4,4,4.0
4,5,5,5,5,5,5,5,5,5,5,5.0
5,6,6,6,6,6,6,6,6,6,6,6.0
6,7,7,7,7,7,7,7,7,7,7,7.0
7,8,8,8,8,8,8,8,8,8,8,8.0
8,9,9,9,9,9,9,9,9,9,9,9.0
9,10,10,10,10,10,10,10,10,10,10,10.0
10,11,11,11,11,11,11,11,11,11,11,11.0
11,12,12,12,12,12,12,12,12,12,12,12.0
12,13,13,13,13,13,13,13,13,13,13,13.0
13,14,14,14,14,14,14,14,14,14,14,14.0
14,15,15,15,15,15,15,15,15,15,15,15.0
15,16,16,16,16,16,16,16,16,16,16,16.0
16,17,17,17,17,17,17,17,17,17,17,17.0
17,18,18,18,18,18,18,18,18,18,18,18.0
18,19,19,19,19,19,19,19,19,19,19,19.0
19,20,20,20,20,20,20,20,20,20,20,20.0
20,21,21,21,21,21,21,21,21,21,21,21.0
21,22,22,22,22,22,22,22,22,22,22,22.0
22,23,23,23,23,23,23,23,23,23,23,23.0
23,24,24,24,24,24,24,24,24,24,24,24.0
24,25,25,25,25,25,25,25,25,25,25,25.0
25,26,26,26,26,26,26,26,26,26,26,26.0
26,27,27,27,27,27,27,27,27,27,27,27.0
27,28,28,28,28,28,28,28,28,28,28,28.0
28,29,29,29,29,29,29,29,29,29,29,29.0
29,30,30,30,30,30,30,30,30,30,30,30.0
30,31,31,31,31,31,31,31,31,31,31,31.0
31,32,32,32,32,32,32,32,32,32,32,32.0
32,33,33,33,33,33,33,33,33,33,33,33.0
33,34,34,34,34,34,34,34,34,34,34,34.0
34,35,35,35,35,35,35,35,35,35,35,35.0
35,36,36,36,36,36,36,36,36,36,36,36.0
36,37,37,37,37,37,37,37,37,37,37,37.0
37,38,38,38,38,38,38,38,38,38,38,38.0
38,39,39,39,39,39,39,39,39,39,39,39.0
39,40,40,40,40,40,40,40,40,40,40,40.0
40,41,41,41,41,41,41,41,41,41,41,41.0
41,42,42,42,42,42,42,42,42,42,42,42.0
42,43,43,43,43,43,43,43,43,43,43,43.0
43,44,44,44,44,44,44,44,44,44,44,44.0
44,45,45,45,45,45,45,45,45,45,45,45.0
45,46,46,46,46,46,46,46,46,46,46,46.0
46,47,47,47,47,47,47,47,47,47,47,47.0
47,48,48,48,48,48,48,48,48,48,48,48.0
48,49,49,49,49,49,49,49,49,49,49,49.0
49,50,50,50,50,50,50,50,50,50,50,50.0
50,51,51,51,51,51,51,51,51,51,51,51.0
51,52,52,52,52,52,52,52,52,52,52,52.0
52,53,53,53,53,53,53,53,53,53,53,53.0
53,54,54,54,54,54,54,54,54,54,54,54.0
54,55,55,55,55,55,55,55,55,55,55,55.0
55,56,56,56,56,56,56,56,56,56,56,56.0
56,57,57,57,57,57,57,57,57,57,57,57.0
57,58,58,58,58,58,58,58,58,58,58,58.0
58,59,59,59,59,59,59,59,59,59,59,59.0
59,60,60,60,60,60,60,60,60,60,60,60.0
60,61,61,61,61,61,61,61,61,61,61,61.0
61,62,62,62,62,62,62,62,62,62,62,62.0
62,63,63,63,63,63,63,63,63,63,63,63.0
63,64,64,64,64,64,64,64,64,64,64,64.0
64,65,65,65,65,65,65,65,65,65,65,65.0
65,66,66,66,66,66,66,66,66,66,66,66.0
66,67,67,67,67,67,67,67,67,67,67,67.0
67,68,68,68,68,68,68,68,68,68,68,68.0
68,69,69,69,69,69,69,69,69,69,69,69.0
69,70,70,70,70,70,70,70,70,70,70,70.0
70,71,71,71,71,71,71,71,71,71,71,71.0
71,72,72,72,72,72,72,72,72,72,72,72.0
72,73,73,73,73,73,73,73,73,73,73,73.0
73,74,74,74,74,74,74,74,74,74,74,74.0
74,75,75,75,75,75,75,75,75,75,75,75.0
75,76,76,76,76,76,76,76,76,76,76,76.0
76,77,77,77,77,77,77,77,77,77,77,77.0
77,78,78,78,78,78,78,78,78,78,78,78.0
78,79,79,79,79,79,79,79,79,79,79,79.0
79,80,80,80,80,80,80,80,80,80,80,80.0
80,81,81,81,81,81,81,81,81,81,81,81.0
81,82,82,82,82,82,82,82,82,82,82,82.0
82,83,83,83,83,83,83,83,83,83,83,83.0
83,84,84,84,84,84,84,84,84,84,84,84.0
84,85,85,85,85,85,85,85,85,85,85,85.0
85,86,86,86,86,86,86,86,86,86,86,86.0
86,87,87,87,87,87,87,87,87,87,87,87.0
87,88,88,88,88,88,88,88,88,88,88,88.0
88,89,89,89,89,89,89,89,89,89,89,89.0
89,90,90,90,90,90,90,90,90,90,90,90.0
90,91,91,91,91,91,91,91,91,91,91,91.0
91,92,92,92,92,92,92,92,92,92,92,92.0
92,93,93,93,93,93,93,93,93,93,93,93.0
93,94,94,94,94,94,94,94,94,94,94,94.0
94,95,95,95,95,95,95,95,95,95,95,95.0
95,96,96,96,96,96,96,96,96,96,96,96.0
96,97,97,97,97,97,97,97,97,97,97,97.0
97,98,98,98,98,98,98,98,98,98,98,98.0
98,99,99,99,99,99,99,99,99,99,99,99.0
99,100,100,100,100,100,100,100,100,100,100,100.0
100,101,101,101,101,101,101,101,101,101,101,101.0
101,102,102,102,102,102,102,102,102,102,102,102.0
102,103,103,103,103,103,103,103,103,103,103,103.0
103,104,104,104,104,104,104,104,104,104,104,104.0
104,105,105,105,105,105,105,105,105,105,105,105.0
105,106,106,106,106,106,106,106,106,106,106,106.0
106,107,107,107,107,107,107,107,107,107,107,107.0
107,108,108,108,108,108,108,108,108,108,108,108.0
108,109,109,109,109,109,109,109,109,109,109,109.0
109,110,110,110,110,110,110,110,110,110,110,110.0
110,111,111,111,111,111,111,111,111,111,111,111.0
111,112,112,112,112,112,112,112,112,112,112,112.0
112,113,113,113,113,113,113,113,113,113,113,113.0
113,114,114,114,114,114,114,114,114,114,114,114.0
114,115,115,115,115,115,115,115,115,115,115,115.0
115,116,116,116,116,116,116,116,116,116,116,116.0
116,117,117,117,117,117,117,117,117,117,117,117.0
117,118,118,118,118,118,118,118,118,118,118,118.0
118,119,119,119,119,119,119,119,119,119,119,119.0
119,120,120,120,120,120,120,120,120,120,120,120.0
120,121,121,121,121,121,121,121,121,121,121,121.0
121,122,122,122,122,122,122,122,122,122,122,122.0
122,123,123,123,123,123,123,123,123,123,123,123.0
123,124,124,124,124,124,124,124,124,124,124,124.0
124,125,125,125,125,125,125,125,125,125,125,125.0
125,126,126,126,126,126,126,126,126,126,126,126.0
126,127,127,127,127,127,127,127,127,127,127,127.0
127,128,128,128,128,128,128,128,128,128,128,128.0
128,129,129,129,129,129,129,129,129,129,129,129.0
129,130,130,130,130,130,130,130,130,130,130,130.0
130,131,131,131,131,131,131,131,131,131,131,131.0
131,132,132,132,132,132,132,132,132,132,132,132.0
132,133,133,133,133,133,133,133,133,133,133,133.0
133,134,134,134,134,134,134,134,134,134,134,134.0
134,135,135,135,135,135,135,135,135,135,135,135.0
135,136,136,136,136,136,136,136,136,136,136,136.0
136,137,137,137,137,137,137,137,137,137,137,137.0
137,138,138,138,138,138,138,138,138,138,138,138.0
138,139,139,139,139,139,139,139,139,139,139,139.0
139,140,140,140,140,140,140,140,140,140,140,140.0
140,141,141,141,141,141,141,141,141,141,141,141.0
141,142,142,142,142,142,142,142,142,142,142,142.0
142,143,143,143,143,143,143,143,143,143,143,143.0
143,144,144,144,144,144,144,144,144,144,144,144.0
144,145,145,145,145,145,145,145,145,145,145,145.0
145,146,146,146,146,146,146,146,146,146,146,146.0
146,147,147,147,147,147,147,147,147,147,147,147.0
147,148,148,148,148,148,148,148,148,148,148,148.0
148,149,149,149,149,149,149,149,149,149,149,149.0
149,150,150,150,150,150,150,150,150,150,150,150.0
150,151,151,151,151,151,151,151,151,151,151,151.0
151,152,152,152,152,152,150,152,152,150,152,151.6
152,153,153,153,153,153,153,153,153,153,153,153.0
153,154,154,154,154,154,154,154,154,154,154,154.0
154,155,155,155,155,155,155,155,155,155,155,155.0
155,156,156,156,156,156,156,156,156,156,156,156.0
156,150,157,157,150,157,157,157,150,157,157,154.9
157,158,158,150,150,158,158,150,158,150,150,154.0
158,150,159,150,150,159,150,150,150,150,150,151.8
159,160,160,150,150,150,150,160,160,160,150,155.0
160,150,161,150,161,161,150,161,161,150,161,156.6
161,162,162,150,162,162,150,150,162,162,162,158.4
162,150,150,150,150,150,150,150,150,150,163,151.3
163,150,164,150,150,150,150,150,164,150,150,152.8
164,165,150,150,165,165,150,150,150,150,150,154.5
165,166,166,166,150,150,166,166,150,150,166,159.6
166,150,167,150,150,167,150,167,167,167,167,160.2
167,150,150,168,168,150,168,168,150,168,168,160.8
168,169,169,169,169,169,169,150,169,150,169,165.2
169,170,170,170,150,150,150,170,170,170,150,162.0
170,150,171,171,171,171,171,171,171,171,171,168.9
171,172,172,172,172,172,172,172,172,172,172,172.0
172,173,173,173,173,173,173,173,173,173,173,173.0
173,174,174,174,174,174,174,174,174,174,150,171.6
174,175,175,175,175,175,150,175,175,175,175,172.5
175,176,176,176,176,176,176,176,176,176,176,176.0
176,177,177,177,177,177,177,177,177,177,177,177.0
177,178,178,178,178,178,178,178,178,178,178,178.0
178,179,179,150,179,179,179,179,179,179,179,176.1
179,150,180,180,180,180,180,180,180,180,180,177.0
180,181,181,181,181,181,181,181,181,181,181,181.0
181,182,182,182,182,182,182,182,182,182,182,182.0
182,183,183,183,183,183,183,183,183,183,183,183.0
183,184,184,184,184,184,184,184,184,184,184,184.0
184,185,185,185,185,185,185,185,185,185,185,185.0
185,186,186,186,186,186,186,186,186,186,186,186.0
186,187,187,187,187,187,187,187,187,187,187,187.0
187,188,188,188,188,188,188,188,188,188,188,188.0
188,189,189,189,189,189,189,189,189,189,189,189.0
189,190,190,190,190,190,190,190,190,190,190,190.0
190,191,191,191,191,191,191,191,191,191,191,191.0
191,192,192,192,192,192,150,192,192,192,192,187.8
192,193,193,193,193,193,193,193,193,193,193,193.0
193,194,194,194,194,194,194,194,194,194,194,194.0
194,195,195,195,195,195,195,195,195,195,195,195.0
195,196,196,196,196,196,196,196,196,196,196,196.0
196,197,197,197,197,197,197,197,197,197,197,197.0
197,198,198,198,198,198,198,198,198,198,198,198.0
198,199,199,199,199,199,199,199,199,199,199,199.0
199,200,200,200,200,200,200,200,200,200,200,200.0
200,201,201,201,201,201,201,201,201,201,201,201.0
201,202,202,202,202,202,202,202,202,202,202,202.0
202,203,203,203,203,203,203,203,203,203,203,203.0
203,204,204,204,204,204,150,150,204,204,204,193.2
204,205,205,205,205,205,205,205,205,205,150,199.5
205,206,206,206,206,206,206,206,206,206,206,206.0
206,207,207,207,207,207,207,207,207,207,207,207.0
207,208,208,208,208,208,208,208,208,208,208,208.0
208,209,209,209,209,209,209,209,209,209,209,209.0
209,210,210,210,210,210,210,210,210,210,210,210.0
210,211,211,211,211,211,211,211,211,211,211,211.0
211,212,212,212,212,212,212,212,212,212,212,212.0
212,213,213,213,213,213,213,213,213,213,213,213.0
213,214,214,214,214,214,214,214,214,214,214,214.0
214,215,215,215,215,215,215,215,215,215,215,215.0
215,216,216,216,216,216,216,216,216,216,216,216.0
216,217,217,217,217,217,217,217,217,217,217,217.0
217,218,218,218,218,218,218,218,218,218,218,218.0
218,219,219,219,219,219,219,219,219,219,219,219.0
219,220,220,220,220,220,220,220,220,220,220,220.0
220,221,221,221,221,221,221,221,221,221,221,221.0
221,222,222,222,222,222,222,222,222,222,222,222.0
222,223,223,223,223,223,223,223,223,223,223,223.0
223,224,224,224,224,224,224,224,224,224,224,224.0
224,225,225,225,225,225,225,225,225,225,225,225.0
225,226,226,226,226,226,226,226,226,226,226,226.0
226,227,227,227,227,227,227,227,227,227,227,227.0
227,225,228,228,228,228,225,228,228,228,150,219.6
228,229,229,225,229,229,229,229,229,229,229,228.6
229,230,230,230,230,230,230,230,230,230,230,230.0
230,231,231,231,231,231,231,231,231,231,231,231.0
231,232,232,232,232,232,232,232,232,232,232,232.0
232,233,233,233,233,233,233,233,233,233,233,233.0
233,234,234,234,234,234,234,234,234,234,234,234.0
234,235,235,235,235,235,235,235,235,235,235,235.0
235,236,236,236,236,236,236,236,236,236,236,236.0
236,237,237,237,237,237,237,237,237,237,237,237.0
237,238,238,238,238,238,238,238,238,238,238,238.0
238,239,239,239,239,239,239,239,239,239,239,239.0
239,240,240,240,240,240,240,240,240,240,240,240.0
240,241,241,241,241,241,241,241,241,241,241,241.0
241,242,242,242,242,242,242,242,242,242,242,242.0
242,243,243,243,243,243,243,243,243,243,243,243.0
243,244,244,244,244,244,244,244,244,244,244,244.0
244,245,245,245,245,245,245,245,245,245,245,245.0
245,246,246,246,246,246,246,246,246,246,246,246.0
246,247,247,247,247,247,247,247,247,247,247,247.0
247,248,150,248,248,248,248,248,248,248,248,238.2
248,249,249,249,150,249,249,249,249,249,249,239.1
249,250,250,250,250,150,250,150,250,250,250,230.0
250,251,251,251,251,251,251,251,150,251,251,240.9
251,252,252,252,252,252,252,252,252,252,252,252.0
252,253,253,253,253,253,253,253,253,253,253,253.0
253,254,254,254,254,254,254,254,254,254,254,254.0
254,255,255,255,255,255,255,255,255,255,255,255.0
255,256,256,256,256,256,256,256,256,256,256,256.0
256,257,257,257,257,257,257,257,257,257,257,257.0
257,258,258,258,258,258,258,258,258,258,258,258.0
258,259,259,259,259,259,259,259,259,259,259,259.0
259,260,260,260,260,260,260,260,260,260,260,260.0
260,261,261,261,261,261,261,261,261,261,261,261.0
261,262,262,262,262,262,262,262,262,262,262,262.0
262,263,263,263,263,263,263,263,263,263,263,263.0
263,264,264,264,264,264,264,264,264,264,264,264.0
264,265,265,265,265,265,265,265,265,265,265,265.0
265,266,266,266,266,266,266,266,266,266,266,266.0
266,267,267,267,267,267,267,267,267,267,267,267.0
267,268,268,268,268,268,268,268,268,268,268,268.0
268,269,269,269,269,269,269,269,269,269,269,269.0
269,270,270,270,270,270,270,270,270,270,270,270.0
270,271,271,271,225,271,271,271,271,271,271,266.4
271,225,272,272,272,272,272,272,272,272,272,267.3
272,225,273,273,273,273,273,273,273,273,273,268.2
273,274,274,274,274,274,274,274,274,274,274,274.0
274,275,275,275,275,275,275,275,275,275,275,275.0
275,276,276,276,276,276,276,276,276,276,276,276.0
276,277,277,277,277,277,277,277,277,277,277,277.0
277,278,225,278,278,278,278,278,278,278,278,272.7
278,279,279,279,279,279,279,279,279,279,279,279.0
279,150,280,280,280,280,280,280,280,280,280,267.0
280,281,281,281,281,281,281,281,281,281,281,281.0
281,282,282,282,282,282,282,282,282,282,282,282.0
282,283,283,283,283,283,283,283,283,283,283,283.0
283,284,284,284,284,284,284,284,284,284,284,284.0
284,285,285,285,285,285,285,285,285,285,285,285.0
285,286,286,286,286,286,286,286,286,286,286,286.0
286,287,287,287,287,287,287,287,287,287,287,287.0
287,288,288,288,288,288,288,288,288,288,288,288.0
288,289,289,289,289,289,289,289,289,289,289,289.0
289,290,290,290,290,290,290,290,290,290,290,290.0
290,291,291,291,291,291,291,291,291,291,291,291.0
291,292,292,292,292,292,292,292,292,292,292,292.0
292,293,225,293,293,293,293,225,293,293,293,279.4
293,294,225,294,294,294,294,294,294,294,294,287.1
294,295,295,295,295,295,295,225,295,295,295,288.0
295,296,296,296,296,296,296,296,296,296,296,296.0
296,297,297,297,297,297,297,297,297,297,297,297.0
297,298,298,298,298,298,298,298,298,298,298,298.0
298,299,299,299,299,299,299,299,299,299,299,299.0
299,300,300,300,300,300,300,300,300,225,300,292.5
300,301,301,301,301,301,301,301,301,301,301,301.0
301,302,302,302,302,302,302,302,302,302,302,302.0
302,303,303,303,303,303,303,225,303,303,303,295.2
303,304,304,304,225,304,304,304,304,225,304,288.2
304,305,305,305,305,225,305,225,225,305,225,273.0
305,225,306,306,225,306,306,306,306,225,306,281.7
306,307,307,300,307,307,307,307,307,307,300,305.6
307,225,308,308,308,225,300,300,308,308,225,281.5
308,309,309,225,309,309,309,309,225,309,309,292.2
309,310,225,310,310,300,310,310,310,310,310,300.5
310,311,225,311,225,311,225,311,225,300,311,275.5
311,225,312,312,300,225,225,312,312,312,312,284.7
312,313,313,313,313,225,313,225,300,313,313,294.1
313,314,300,314,314,225,314,225,225,314,314,285.9
314,300,225,225,315,315,315,225,315,315,315,286.5
315,316,316,225,316,316,225,225,225,225,316,270.5
316,317,225,317,317,317,317,225,317,317,225,289.4
317,318,318,318,318,225,318,318,318,225,318,299.4
318,319,319,225,225,225,225,300,319,319,319,279.5
319,225,320,320,320,320,300,320,320,225,320,299.0
320,321,321,225,321,321,321,321,321,321,321,311.4
321,322,225,225,322,225,322,322,322,225,225,273.5
322,225,300,323,225,323,225,225,323,225,225,261.9
323,225,300,324,225,225,324,300,300,300,300,282.3
324,325,300,225,225,325,325,225,325,325,300,290.0
325,225,225,225,225,300,225,300,300,225,300,255.0
326,225,300,225,327,327,327,225,327,225,225,273.3
327,300,300,225,328,300,225,328,225,225,225,268.1
328,300,225,329,329,300,300,329,225,329,329,299.5
329,300,300,225,225,300,330,225,225,225,225,258.0
330,300,225,225,331,331,300,300,331,331,225,289.9
331,225,225,225,225,332,332,332,332,225,332,278.5
332,333,225,333,333,333,333,333,300,333,225,308.1
333,334,225,334,300,300,334,300,300,334,334,309.5
334,225,335,300,225,225,300,225,335,225,335,273.0
335,225,225,336,336,225,225,336,225,336,225,269.4
336,225,225,300,225,225,225,337,225,225,225,243.7
337,225,225,338,225,225,225,225,225,225,225,236.3
338,225,225,225,225,225,150,225,300,300,300,240.0
339,225,300,225,225,300,225,225,225,300,300,255.0
340,225,341,225,225,341,225,225,225,225,341,259.8
341,300,225,300,300,225,300,300,225,225,225,262.5
342,225,225,225,343,225,225,225,225,225,225,236.8
343,344,225,344,225,225,300,225,225,225,344,268.2
344,345,345,225,225,345,225,225,345,225,225,273.0
345,225,300,225,225,225,225,225,346,346,225,256.7
346,225,347,300,225,300,347,300,225,225,225,271.9
347,225,225,300,225,348,225,225,225,300,225,252.3
348,300,225,225,349,300,225,225,349,300,225,272.3
349,225,350,225,350,225,225,300,300,225,350,277.5
350,225,225,300,225,351,351,300,351,225,225,277.8
351,352,352,352,352,225,352,225,225,300,352,308.7
352,225,353,225,225,225,225,225,225,225,353,250.6
353,225,225,300,354,354,225,354,225,225,225,271.2
354,300,225,225,225,355,355,225,355,225,355,284.5
355,225,300,300,356,225,300,225,300,225,225,268.1
356,300,357,300,357,225,357,225,300,300,357,307.8
357,225,358,225,358,300,225,300,358,300,225,287.4
358,225,359,300,300,300,359,225,300,359,225,295.2
359,225,300,225,225,225,225,300,360,360,300,274.5
360,300,225,225,225,225,225,361,225,225,300,253.6
361,225,225,225,300,225,300,225,225,225,225,240.0
362,300,225,363,225,225,300,225,225,225,300,261.3
363,225,364,225,364,225,364,225,225,300,225,274.2
364,365,225,225,225,300,300,300,225,365,225,275.5
365,225,300,300,225,366,225,225,300,225,225,261.6
366,225,225,225,367,225,225,367,225,225,225,253.4
367,368,368,300,300,225,225,368,368,225,225,297.2
368,369,300,300,225,225,300,225,300,225,300,276.9
369,225,370,225,225,370,225,300,370,300,225,283.5
370,225,371,300,300,225,300,225,300,371,225,284.2
371,300,300,372,372,372,300,300,300,300,372,328.8
372,225,300,373,300,373,300,300,373,300,225,306.9
373,300,374,374,300,300,374,300,225,300,374,322.1
374,225,300,300,300,225,375,375,300,375,375,315.0
375,375,300,376,300,300,375,300,376,225,376,330.3
376,300,375,225,300,377,300,300,377,225,375,315.4
377,300,300,375,300,378,378,300,300,375,375,338.1
378,225,300,300,225,300,300,300,300,379,379,300.8
379,300,380,300,225,300,380,380,225,300,375,316.5
380,225,381,300,225,300,381,375,225,381,300,309.3
381,300,382,382,382,300,375,300,225,300,300,324.6
382,375,300,383,375,383,375,300,225,383,383,348.2
383,300,375,300,300,225,384,300,375,384,300,324.3
384,385,385,385,385,375,225,300,375,225,300,334.0
385,225,225,225,225,300,375,300,225,386,300,278.6
386,300,300,300,300,375,300,225,387,387,375,324.9
387,375,375,300,300,300,375,375,300,375,300,337.5
388,375,375,300,300,300,300,375,300,375,300,330.0
389,375,390,300,300,225,375,390,300,390,300,334.5
390,300,391,375,391,375,375,391,300,300,300,349.8
391,392,300,300,375,300,392,375,300,300,300,333.4
392,393,375,300,300,375,375,393,393,375,393,367.2
393,375,394,375,300,394,150,300,394,394,300,337.6
394,395,300,395,375,300,395,395,395,395,395,374.0
395,396,396,300,396,375,300,300,300,300,375,343.8
396,397,300,397,397,300,375,300,300,397,397,356.0
397,375,398,375,375,300,300,398,300,375,398,359.4
398,375,300,300,225,375,375,300,375,300,399,332.4
399,300,300,400,400,300,375,375,300,375,375,350.0
400,375,375,375,401,300,375,375,401,300,300,357.7
401,300,402,300,300,375,300,402,402,300,402,348.3
402,375,300,300,300,300,300,375,375,300,375,330.0
403,225,404,375,375,375,375,300,404,404,375,361.2
404,405,375,300,375,300,300,375,300,300,300,333.0
405,300,406,375,406,300,300,375,406,406,375,364.9
406,300,407,407,300,375,375,300,407,407,407,368.5
407,300,408,300,300,300,408,375,408,300,300,339.9
408,375,375,225,375,409,300,375,300,300,375,340.9
409,225,300,375,225,225,410,300,300,300,410,307.0
410,225,225,411,411,375,300,375,300,300,375,329.7
411,375,225,375,225,300,375,300,375,412,412,337.4
412,300,413,413,413,375,300,300,375,300,300,348.9
413,375,375,300,375,300,300,300,300,225,414,326.4
414,300,375,415,225,415,415,225,415,375,300,346.0
415,416,300,300,375,300,416,416,300,416,416,365.5
416,417,300,225,300,300,300,300,300,417,417,327.6
417,300,300,418,418,375,300,300,418,300,300,342.9
418,150,300,419,225,300,150,419,300,300,225,278.8
419,420,300,225,420,375,150,300,225,420,150,298.5
420,375,375,421,375,421,300,421,300,300,225,351.3
421,422,225,300,300,422,300,422,422,375,225,341.3
422,300,375,300,375,300,300,300,225,300,225,300.0
423,375,375,300,300,375,375,375,300,375,375,352.5
424,375,300,375,300,300,425,225,425,300,225,325.0
425,300,225,150,426,300,225,375,375,426,300,310.2
426,225,375,300,225,375,300,300,225,375,300,300.0
427,300,375,428,375,428,375,300,375,300,428,368.4
428,300,150,429,429,300,300,300,375,225,300,310.8
429,225,375,375,225,375,375,375,300,375,300,330.0
430,375,431,300,300,225,225,300,225,300,225,290.6
431,432,432,375,225,432,300,432,300,432,375,373.5
432,225,375,300,300,300,300,375,300,300,300,307.5
433,375,150,300,300,225,300,300,300,225,300,277.5
434,375,300,375,300,300,225,375,300,435,300,328.5
435,375,375,300,300,150,300,300,300,436,375,321.1
436,375,150,437,300,300,225,300,300,150,300,283.7
437,225,300,225,438,300,300,375,225,300,300,298.8
438,300,300,300,150,439,300,300,150,300,439,297.8
439,150,300,300,300,300,440,300,375,375,300,314.0
440,300,300,300,300,300,225,375,300,375,375,315.0
441,300,375,442,225,442,442,300,300,300,300,342.6
442,150,443,375,150,300,375,300,225,225,225,276.8
443,300,150,225,150,300,300,375,300,300,375,277.5
444,375,375,150,375,445,375,150,150,300,300,299.5
445,150,300,300,225,225,375,225,375,150,300,262.5
446,300,300,300,375,150,225,300,300,375,150,277.5
447,300,300,300,375,300,300,375,375,448,375,344.8
448,300,300,150,300,375,375,150,300,300,375,292.5
449,450,225,300,300,375,450,225,300,300,375,330.0
450,150,150,300,300,450,300,300,451,225,300,292.6
451,150,225,300,225,150,225,300,225,225,300,232.5
452,225,300,375,300,375,453,225,375,225,300,315.3
453,375,300,300,454,300,375,300,225,300,300,322.9
454,300,300,300,300,225,300,300,300,300,300,292.5
455,300,375,300,300,375,150,300,375,225,150,285.0
456,375,225,300,300,300,300,375,375,375,300,322.5
457,300,150,300,450,300,375,300,375,300,300,315.0
458,300,225,300,300,300,300,300,300,300,300,292.5
459,300,375,300,300,300,460,375,300,225,300,323.5
460,150,300,300,375,300,225,300,450,225,450,307.5
461,300,300,225,300,462,300,450,300,225,300,316.2
462,300,225,450,375,225,300,300,300,150,300,292.5
463,300,300,300,300,375,225,375,150,300,375,300.0
464,300,450,300,300,300,375,300,300,225,300,315.0
465,225,375,150,450,300,225,466,450,375,300,331.6
466,300,300,467,467,375,375,375,450,450,450,400.9
467,375,150,375,468,468,375,225,300,225,300,326.1
468,450,450,375,300,469,225,300,300,450,469,378.8
469,470,225,375,150,300,470,150,300,450,150,304.0
470,300,450,300,471,375,471,150,300,150,150,311.7
471,472,225,472,375,472,300,375,375,375,375,381.6
472,225,300,225,300,300,225,375,225,225,225,262.5
473,300,225,150,225,375,225,225,225,300,375,262.5
474,475,375,300,225,150,375,300,375,300,375,325.0
475,300,225,300,375,225,375,150,300,300,375,292.5
476,375,375,225,375,225,375,225,300,375,225,307.5
477,478,150,225,225,375,225,225,300,225,375,280.3
478,300,300,225,225,375,300,150,225,225,300,262.5
479,225,150,225,300,225,225,300,300,375,225,255.0
480,225,300,225,300,375,225,450,300,375,225,300.0
481,225,300,300,300,450,150,300,225,150,300,270.0
482,300,225,300,225,300,225,300,225,225,150,247.5
483,225,150,150,225,225,225,300,150,300,484,243.4
484,150,300,450,225,300,150,300,300,225,300,270.0
485,225,150,150,300,375,150,300,225,150,300,232.5
486,225,450,150,300,225,300,225,300,300,300,277.5
487,300,225,488,225,300,300,300,300,488,300,322.6
488,300,225,300,375,225,300,300,300,225,225,277.5
489,450,300,300,150,225,375,225,375,225,225,285.0
490,450,300,300,150,300,150,300,300,300,225,277.5
491,300,300,300,225,300,300,300,300,300,300,292.5
492,493,375,450,225,300,225,225,300,300,150,304.3
493,300,300,300,494,450,225,375,300,375,300,341.9
494,375,495,300,225,450,300,495,300,225,300,346.5
495,300,300,496,300,375,300,300,300,300,225,319.6
496,300,300,300,375,450,300,300,225,300,300,315.0
497,375,375,300,300,300,300,300,375,300,498,342.3
498,300,300,375,450,300,499,499,225,300,375,362.3
499,500,300,375,300,500,300,225,300,300,450,355.0
500,300,300,501,300,375,375,375,300,450,501,377.7
501,502,150,375,450,300,300,502,150,300,375,340.4
502,375,300,375,300,375,375,300,225,150,503,327.8
503,300,300,375,375,300,504,375,450,300,375,365.4
504,450,450,450,375,375,300,375,375,225,300,367.5
505,450,450,300,150,300,450,450,225,300,300,337.5
506,375,150,300,150,450,300,375,150,300,300,285.0
507,375,150,450,300,450,300,300,375,375,300,337.5
508,300,375,509,450,300,375,300,509,450,300,386.8
509,300,375,225,225,300,450,225,300,225,300,292.5
510,300,300,150,375,300,300,225,300,450,300,300.0
511,300,300,300,300,300,300,300,300,225,300,292.5
512,375,300,225,300,300,375,375,375,300,300,322.5
513,300,300,375,300,300,300,375,375,300,300,322.5
514,375,225,225,375,300,300,300,300,300,300,300.0
515,375,375,375,375,300,300,300,300,300,300,330.0
516,300,300,300,300,375,375,375,300,375,225,322.5
517,300,300,300,300,300,300,375,225,300,300,300.0
518,375,300,375,300,225,450,300,375,300,300,330.0
519,375,300,300,300,300,375,225,375,300,300,315.0
520,450,375,375,300,300,225,300,300,300,300,322.5
521,300,450,300,300,300,300,300,375,375,300,330.0
522,300,150,523,300,375,150,300,375,225,300,299.8
523,300,300,300,375,300,300,225,375,375,225,307.5
524,300,300,300,300,300,300,300,450,300,375,322.5
525,300,300,300,375,300,300,300,375,375,525,345.0
526,375,300,225,300,300,375,375,300,225,300,307.5
527,300,375,300,300,300,300,300,375,225,150,292.5
528,450,375,450,300,450,300,300,375,300,225,352.5
529,375,300,300,300,225,300,300,375,375,300,315.0
530,300,300,375,300,450,300,375,300,300,375,337.5
531,300,375,300,300,300,375,225,300,300,300,307.5
532,300,450,375,300,375,375,300,375,300,450,360.0
533,300,300,375,300,375,300,300,375,375,375,337.5
534,525,375,375,450,150,225,535,300,535,300,377.0
535,300,525,450,536,150,450,450,300,300,525,398.6
536,300,300,300,375,375,300,450,150,225,300,307.5
537,300,300,300,375,300,300,450,300,300,450,337.5
538,300,375,150,150,375,525,300,150,450,375,315.0
539,450,150,450,375,375,300,450,525,300,375,375.0
540,450,300,450,375,150,150,300,375,375,300,322.5
541,450,300,300,300,300,450,300,300,300,375,337.5
542,375,300,300,375,300,300,525,300,375,450,360.0
543,300,375,525,300,300,525,300,300,300,150,337.5
544,375,300,300,300,300,300,300,300,300,300,307.5
545,300,300,300,300,300,300,300,300,300,300,300.0
546,300,300,300,375,300,450,375,300,300,300,330.0
547,375,375,375,300,300,300,300,300,300,225,315.0
548,225,300,300,300,525,300,300,450,300,300,330.0
549,225,300,300,300,375,300,300,375,225,375,307.5
550,300,450,300,300,300,225,225,525,300,300,322.5
551,375,375,375,300,225,300,375,375,300,225,322.5
552,150,300,375,375,300,375,375,150,150,553,310.3
553,300,450,300,450,150,450,375,375,300,300,345.0
554,300,300,300,375,225,375,450,375,375,150,322.5
555,150,150,375,375,300,150,150,300,300,150,240.0
556,300,150,525,300,525,300,300,300,300,300,330.0
557,300,300,225,450,150,300,375,300,450,150,300.0
558,300,450,375,375,300,375,375,300,300,450,360.0
559,525,375,300,300,300,375,150,225,525,375,345.0
560,375,525,450,150,300,150,375,300,375,525,352.5
561,450,300,375,450,225,375,375,300,150,225,322.5
562,375,150,563,375,450,300,525,300,150,375,356.3
563,225,300,525,564,564,300,450,225,300,300,375.3
564,525,300,150,375,375,150,150,300,300,300,292.5
565,525,150,150,150,150,525,150,300,150,450,270.0
566,375,150,300,150,150,300,375,300,450,150,270.0
567,375,150,375,150,375,150,150,375,568,375,304.3
568,150,150,300,225,375,525,150,375,150,300,270.0
569,150,375,300,375,150,150,375,375,300,300,285.0
570,300,375,150,375,300,450,375,375,300,300,330.0
571,375,300,375,375,150,375,300,300,375,300,322.5
572,375,375,375,525,300,150,150,300,525,150,322.5
573,375,300,300,300,300,300,300,300,300,300,307.5
574,300,375,300,300,150,300,375,300,375,525,330.0
575,576,375,375,375,375,300,375,375,300,150,357.6
576,375,375,150,150,375,150,525,300,450,375,322.5
577,525,150,375,300,150,150,375,300,450,150,292.5
578,375,150,225,300,150,150,375,375,150,150,240.0
579,150,150,525,450,150,150,150,300,375,150,255.0
580,300,450,300,150,150,150,525,150,525,450,315.0
581,150,375,150,582,300,582,150,375,300,150,311.4
582,150,375,150,375,150,150,375,450,300,375,285.0
583,150,375,450,150,584,375,150,450,450,375,350.9
584,150,375,150,375,525,150,150,375,375,375,300.0
585,450,150,150,586,375,450,150,150,375,525,336.1
586,150,375,150,375,150,150,375,450,525,150,285.0
587,375,150,150,150,450,375,150,375,450,375,300.0
588,375,375,375,150,375,375,589,150,150,150,306.4
589,300,375,375,525,300,525,375,300,375,300,375.0
590,150,525,375,375,300,300,375,450,225,150,322.5
591,450,525,300,375,300,375,375,450,375,300,382.5
592,375,375,375,375,375,300,450,375,450,450,390.0
593,450,300,300,300,300,375,300,375,300,375,337.5
594,450,375,375,450,300,375,300,450,300,375,375.0
595,375,150,375,150,300,375,375,375,150,375,300.0
596,300,300,375,375,300,450,450,300,450,375,367.5
597,375,450,300,300,450,450,375,450,375,300,382.5
598,375,300,300,150,150,300,375,300,450,300,300.0
599,225,150,450,300,300,300,375,600,300,300,330.0
600,300,300,525,300,375,300,300,300,375,375,345.0
601,300,300,450,300,450,300,300,375,300,375,345.0
602,300,300,300,300,300,300,150,300,375,300,292.5
603,300,375,300,300,300,300,300,375,300,300,315.0
604,300,300,300,375,300,300,375,300,300,300,315.0
605,375,300,375,300,300,300,300,300,300,375,322.5
606,450,300,300,375,375,300,450,300,450,300,360.0
607,300,150,300,300,300,375,375,608,300,300,330.8
608,375,375,375,300,150,450,375,150,375,300,322.5
609,375,375,300,300,375,375,300,375,300,300,337.5
610,375,300,300,375,375,375,300,300,300,450,345.0
611,300,300,300,375,300,300,450,375,300,300,330.0
612,450,300,375,375,300,300,375,300,525,300,360.0
613,150,375,375,300,300,375,300,300,300,375,315.0
614,300,300,300,150,300,375,300,300,375,375,307.5
615,300,300,375,450,300,375,300,375,375,300,345.0
616,375,375,300,300,300,150,300,300,300,375,307.5
617,300,300,300,375,300,375,300,375,300,375,330.0
618,300,300,300,300,375,450,300,375,375,300,337.5
619,300,300,300,300,375,300,375,300,300,375,322.5
620,225,300,375,300,300,300,300,300,525,300,322.5
621,375,300,300,300,300,300,375,300,300,375,322.5
622,300,300,300,525,300,300,300,300,300,300,322.5
623,300,300,375,300,300,375,300,300,300,300,315.0
624,300,300,300,300,300,375,300,300,300,375,315.0
625,300,300,300,300,150,300,300,300,375,525,315.0
626,300,300,375,300,375,375,375,300,300,300,330.0
627,300,300,300,375,375,375,450,300,300,375,345.0
628,375,300,300,300,375,300,300,375,300,300,322.5
629,375,300,150,375,300,375,375,375,300,300,322.5
630,300,300,300,300,300,450,300,150,375,375,315.0
631,300,300,375,375,300,300,375,300,300,300,322.5
632,300,450,375,375,375,375,375,375,300,375,367.5
633,300,375,375,300,300,375,300,375,375,375,345.0
634,375,375,300,375,300,300,300,300,375,375,337.5
635,375,300,375,375,300,375,375,375,300,300,345.0
636,300,375,375,300,375,375,300,300,375,300,337.5
637,300,300,150,375,375,300,300,300,300,450,315.0
638,300,375,300,375,375,300,300,300,375,300,330.0
639,300,300,375,375,300,300,375,375,375,300,337.5
640,375,375,375,375,300,300,375,375,300,225,337.5
641,300,375,450,375,375,375,300,300,300,300,345.0
642,300,375,300,300,300,300,300,450,300,375,330.0
643,375,450,300,375,375,300,300,300,600,300,367.5
644,375,375,300,375,300,375,300,300,300,300,330.0
645,300,300,300,300,450,300,375,300,375,300,330.0
646,375,300,375,300,450,300,300,375,300,375,345.0
647,300,300,300,300,300,300,375,300,375,450,330.0
648,450,300,375,375,375,300,450,375,375,300,367.5
649,300,375,300,300,375,450,375,300,300,150,322.5
650,300,300,300,300,300,300,150,300,450,375,307.5
651,300,375,300,300,300,300,300,300,300,375,315.0
652,375,300,375,300,450,375,375,375,300,375,360.0
653,375,300,300,375,300,300,300,300,300,375,322.5
654,300,375,450,300,300,300,375,300,375,375,345.0
655,375,450,300,375,300,375,300,375,300,375,352.5
656,375,300,375,300,375,375,300,375,375,450,360.0
657,300,375,375,450,375,375,300,375,375,375,367.5
658,375,375,300,300,375,300,375,375,300,300,337.5
659,300,375,300,300,300,375,450,375,375,375,352.5
660,375,375,300,375,450,375,375,300,375,375,367.5
661,375,375,375,375,375,375,375,375,375,300,367.5
662,375,450,450,450,375,300,375,375,300,300,375.0
663,375,375,375,450,375,300,300,375,300,450,367.5
664,300,300,450,300,300,300,300,300,375,375,330.0
665,375,375,375,450,300,450,300,375,300,375,367.5
666,375,375,300,300,300,375,450,375,300,375,352.5
667,375,375,450,375,375,375,375,300,375,375,375.0
668,300,300,375,375,375,300,375,375,375,300,345.0
669,375,375,300,450,300,300,450,375,375,375,367.5
670,450,375,150,375,375,375,525,375,450,300,375.0
671,300,300,450,300,375,300,375,300,375,375,345.0
672,375,450,300,525,375,375,375,375,375,375,390.0
673,375,375,375,300,150,150,300,300,300,375,300.0
674,375,375,450,375,450,375,375,300,300,300,367.5
675,375,450,375,375,375,300,300,300,375,375,360.0
676,375,300,300,300,300,300,375,300,375,375,330.0
677,300,300,300,375,375,375,450,375,375,450,367.5
678,375,300,300,450,300,375,300,300,300,375,337.5
679,375,300,300,375,375,375,375,375,300,300,345.0
680,300,375,300,375,600,450,300,300,300,375,367.5
681,450,300,375,450,300,375,375,375,375,375,375.0
682,375,300,375,300,300,375,375,375,375,375,352.5
683,300,300,300,300,300,375,300,300,300,375,315.0
684,375,225,300,225,225,300,375,300,225,225,277.5
685,300,450,375,375,300,375,300,300,300,300,337.5
686,300,375,300,300,225,300,225,450,225,225,292.5
687,300,225,300,300,150,300,375,300,375,225,285.0
688,300,375,225,300,375,225,300,225,300,300,292.5
689,225,375,375,375,375,375,300,300,225,300,322.5
690,300,300,300,300,375,300,300,300,300,375,315.0
691,375,375,375,300,375,300,300,300,225,375,330.0
692,375,300,300,375,300,300,300,300,375,450,337.5
693,375,300,300,225,450,225,300,225,375,225,300.0
694,375,300,150,375,300,300,225,225,300,300,285.0
695,150,225,300,150,375,225,300,300,300,300,262.5
696,225,225,225,300,300,300,300,300,300,150,262.5
697,300,225,225,375,300,225,300,300,225,375,285.0
698,300,300,150,375,450,150,150,300,300,300,277.5
699,300,300,450,375,150,300,300,375,300,300,315.0
700,300,300,300,300,300,300,375,375,225,150,292.5
701,375,225,300,225,300,300,300,300,150,300,277.5
702,450,300,375,300,300,225,300,225,300,300,307.5
703,300,375,450,300,300,225,300,375,150,450,322.5
704,300,300,225,300,300,300,225,300,300,450,300.0
705,300,300,300,375,225,225,300,375,300,225,292.5
706,375,300,225,150,375,225,300,300,375,300,292.5
707,300,300,225,225,300,375,300,225,300,225,277.5
708,375,375,225,300,150,300,150,150,300,150,247.5
709,300,300,300,225,300,300,375,150,225,225,270.0
710,225,225,225,300,225,225,300,225,300,300,255.0
711,300,300,375,300,300,300,300,300,225,225,292.5
712,300,225,225,300,300,300,150,300,150,150,240.0
713,225,300,300,300,225,150,300,150,150,225,232.5
714,225,150,300,300,375,225,300,225,150,375,262.5
715,225,300,225,375,300,225,300,225,300,225,270.0
716,225,300,225,300,300,300,150,300,150,225,247.5
717,300,225,300,150,150,375,225,225,150,150,225.0
718,300,225,225,225,150,225,150,150,150,225,202.5
719,150,150,150,150,150,150,150,150,150,150,150.0
720,150,300,150,150,150,150,300,225,150,150,187.5
721,150,150,150,300,150,150,150,225,150,150,172.5
722,225,150,150,150,150,225,150,150,150,300,180.0
723,150,150,150,225,225,150,150,225,225,225,187.5
724,150,375,150,150,150,150,150,150,150,150,172.5
725,150,150,150,150,150,150,150,300,150,225,172.5
726,375,300,225,300,150,150,225,375,225,150,247.5
727,150,300,225,225,150,300,225,225,300,225,232.5
728,375,150,150,225,225,150,225,150,300,150,210.0
729,300,375,450,300,150,225,225,375,375,150,292.5
730,450,225,225,225,225,300,300,225,225,300,270.0
731,225,225,375,300,450,300,300,225,150,300,285.0
732,225,300,225,225,225,225,150,300,150,300,232.5
733,300,375,300,225,375,375,225,300,225,225,292.5
734,300,450,375,225,300,225,150,225,225,225,270.0
735,225,300,300,225,375,225,300,300,225,150,262.5
736,450,300,225,225,225,225,150,150,300,225,247.5
737,375,150,300,225,225,225,150,150,300,450,255.0
738,300,300,225,150,150,300,150,150,300,225,225.0
739,300,150,225,300,300,225,225,150,150,225,225.0
740,300,375,525,150,150,225,150,300,150,150,247.5
741,300,300,225,150,225,225,375,300,225,300,262.5
742,150,150,225,225,150,150,300,225,225,150,195.0
743,375,225,450,150,300,150,225,300,300,225,270.0
744,225,525,300,150,300,300,300,150,300,150,270.0
745,150,450,375,300,150,300,300,150,225,300,270.0
746,150,300,150,150,150,300,150,150,150,450,210.0
747,150,300,225,300,375,300,225,300,375,450,300.0
748,225,300,375,225,375,300,225,300,225,225,277.5
749,225,225,300,150,300,450,375,225,300,300,285.0
750,225,300,225,225,525,300,225,375,600,300,330.0
751,300,300,225,225,375,225,225,300,450,450,307.5
752,450,300,300,225,300,225,225,375,375,300,307.5
753,300,375,300,300,225,225,375,300,225,375,300.0
754,225,375,300,450,450,450,300,225,225,300,330.0
755,300,300,300,300,150,300,300,375,375,450,315.0
756,450,225,150,375,300,450,300,375,450,225,330.0
757,225,300,300,225,300,300,375,225,375,375,300.0
758,225,225,300,300,300,225,300,375,225,375,285.0
759,300,300,375,375,225,375,300,225,225,225,292.5
760,225,150,225,225,450,525,300,225,300,225,285.0
761,225,225,225,225,225,225,450,225,225,300,255.0
762,375,225,300,300,300,300,225,375,300,375,307.5
763,225,300,225,450,225,225,225,300,225,225,262.5
764,225,300,150,375,225,225,300,225,525,225,277.5
765,450,150,300,225,225,225,300,225,150,150,240.0
766,300,150,375,150,225,225,225,225,225,225,232.5
767,225,150,150,450,225,150,300,150,150,225,217.5
768,150,300,225,150,150,225,225,225,225,225,210.0
769,225,300,225,150,150,300,375,300,450,300,277.5
770,300,150,225,300,300,300,150,375,300,225,262.5
771,225,300,225,225,300,225,300,225,225,225,247.5
772,225,450,525,225,525,225,225,225,225,225,307.5
773,225,225,225,225,225,225,225,225,300,225,232.5
774,300,225,225,225,225,300,375,225,150,225,247.5
775,225,225,300,525,225,225,225,225,300,150,262.5
776,300,225,225,300,225,225,225,375,300,225,262.5
777,225,225,450,150,225,375,225,225,225,225,255.0
778,225,225,225,225,225,300,225,225,225,225,232.5
779,225,150,375,225,225,225,150,225,225,150,217.5
780,225,450,225,150,225,150,150,225,225,225,225.0
781,225,300,225,225,150,225,450,300,225,225,255.0
782,225,300,225,300,225,225,150,225,150,150,217.5
783,225,225,300,450,225,225,150,225,225,525,277.5
784,150,225,225,225,150,225,225,150,225,375,217.5
785,225,225,150,225,225,300,150,225,150,225,210.0
786,225,150,150,300,300,225,300,300,225,525,270.0
787,375,300,375,150,375,150,225,300,150,225,262.5
788,225,225,225,300,225,225,225,225,225,150,225.0
789,150,225,225,225,225,225,225,225,225,225,217.5
790,225,300,150,375,225,225,225,225,225,150,232.5
791,225,225,225,225,225,225,225,225,225,225,225.0
792,300,375,225,225,225,225,225,225,450,225,270.0
793,225,225,225,225,150,300,225,150,150,150,202.5
794,150,225,225,225,225,300,225,225,225,225,225.0
795,375,225,150,150,225,225,225,225,225,150,217.5
796,150,225,225,225,150,225,225,150,225,150,195.0
797,225,225,225,225,225,150,225,150,225,150,202.5
798,150,150,225,225,150,150,150,225,225,150,180.0
799,225,150,150,225,300,225,150,225,150,150,195.0
800,225,150,150,225,150,150,225,300,150,300,202.5
801,225,150,150,150,150,225,225,150,150,150,172.5
802,225,150,225,225,150,150,225,150,150,150,180.0
803,150,225,150,150,150,300,150,225,150,225,187.5
804,225,150,300,225,225,150,150,225,150,300,210.0
805,225,150,150,225,150,150,150,150,150,150,165.0
806,150,150,225,150,150,225,225,150,225,150,180.0
807,225,225,225,225,300,150,150,150,225,225,210.0
808,225,225,375,225,225,300,375,225,300,150,262.5
809,225,225,225,150,150,150,225,300,225,150,202.5
810,225,225,225,225,375,225,225,300,300,225,255.0
811,225,375,225,225,300,300,300,225,225,300,270.0
812,225,225,300,225,300,225,300,300,225,225,255.0
813,225,300,225,225,300,225,225,300,300,525,285.0
814,225,225,225,225,150,225,225,225,300,225,225.0
815,225,225,225,225,225,375,450,150,225,225,255.0
816,225,225,225,225,300,225,225,225,225,300,240.0
817,150,150,150,225,225,150,225,150,225,225,187.5
818,225,150,225,150,150,225,225,150,300,150,195.0
819,225,225,150,150,225,225,150,225,450,300,232.5
820,225,150,225,150,300,225,225,300,225,150,217.5
821,300,225,225,225,150,150,150,150,225,150,195.0
822,300,225,225,225,225,150,150,150,300,225,217.5
823,225,150,225,150,150,300,150,225,150,300,202.5
824,300,150,150,150,375,150,150,150,150,225,195.0
825,150,225,300,225,225,150,300,300,300,150,232.5
826,300,225,225,150,150,150,150,150,150,150,180.0
827,225,150,150,225,225,375,300,300,225,150,232.5
828,225,375,300,150,225,150,300,300,300,225,255.0
829,150,450,225,225,225,225,300,225,225,300,255.0
830,225,225,225,225,150,300,150,300,150,300,225.0
831,225,150,225,300,225,150,225,525,225,150,240.0
832,225,225,225,225,225,300,225,225,300,225,240.0
833,225,300,225,225,300,225,225,225,225,300,247.5
834,300,225,225,300,150,150,150,300,375,300,247.5
835,225,225,300,225,225,225,225,225,225,375,247.5
836,525,225,225,225,225,300,225,225,300,225,270.0
837,225,375,225,225,225,225,300,225,225,150,240.0
838,300,225,525,225,225,225,225,225,225,225,262.5
839,225,225,300,225,225,225,150,225,225,225,225.0
840,225,225,225,225,225,300,300,225,225,150,232.5
841,225,225,150,300,225,225,300,150,525,225,255.0
842,150,225,375,300,225,450,225,300,225,225,270.0
843,225,225,225,150,300,300,300,225,225,225,240.0
844,375,225,300,225,225,750,300,375,225,225,322.5
845,450,525,300,300,375,300,300,300,225,375,345.0
846,225,225,450,300,150,375,300,225,225,225,270.0
847,150,375,300,375,225,375,450,225,300,600,337.5
848,150,375,225,525,225,225,225,150,300,375,277.5
849,375,225,300,300,225,225,225,375,300,225,277.5
850,375,525,300,300,450,375,300,525,450,225,382.5
851,300,300,300,300,150,300,225,225,300,225,262.5
852,375,150,225,225,375,225,300,225,300,450,285.0
853,225,375,225,225,375,300,300,225,300,225,277.5
854,450,225,225,225,225,225,375,450,225,150,277.5
855,225,300,375,375,225,225,300,300,225,300,285.0
856,225,225,225,300,225,300,300,225,300,225,255.0
857,225,225,375,300,225,525,225,450,300,225,307.5
858,225,300,225,150,450,150,450,450,300,375,307.5
859,450,300,525,300,150,450,300,300,225,300,330.0
860,150,300,450,150,375,150,150,150,300,450,262.5
861,300,225,225,150,150,300,150,375,225,450,255.0
862,375,450,300,300,300,300,225,150,225,150,277.5
863,300,300,450,225,150,450,150,150,375,225,277.5
864,150,450,450,300,225,375,450,300,300,150,315.0
865,300,225,300,375,300,150,450,150,150,375,277.5
866,225,450,225,225,300,300,225,225,300,300,277.5
867,300,300,300,300,150,150,225,150,450,525,285.0
868,375,225,300,300,300,300,450,300,300,300,315.0
869,300,225,225,300,300,300,300,300,150,375,277.5
870,150,300,375,300,225,300,300,300,225,450,292.5
871,300,300,300,450,300,300,225,300,375,450,330.0
872,300,300,225,225,300,300,225,375,300,375,292.5
873,300,225,300,300,300,300,375,375,450,525,345.0
874,150,300,450,375,450,225,300,450,300,300,330.0
875,225,225,150,225,225,225,225,375,225,375,247.5
876,225,300,225,225,300,300,450,225,225,300,277.5
877,300,225,300,225,225,300,375,225,225,375,277.5
878,225,300,450,300,225,225,225,225,300,225,270.0
879,375,225,375,300,225,300,375,225,225,450,307.5
880,225,300,300,300,375,150,300,225,150,225,255.0
881,300,300,300,225,225,375,300,300,225,300,285.0
882,150,300,225,300,225,300,300,300,150,150,240.0
883,150,300,300,150,225,300,150,150,300,225,225.0
884,300,300,225,300,450,225,300,300,450,225,307.5
885,150,150,450,300,300,300,375,300,300,375,300.0
886,300,300,300,450,300,300,150,300,300,300,300.0
887,300,300,600,375,375,300,300,300,300,450,360.0
888,150,300,450,450,300,150,375,150,150,375,285.0
889,375,300,600,300,300,375,225,150,150,375,315.0
890,150,375,300,300,225,300,375,300,150,525,300.0
891,300,300,150,300,300,300,450,450,225,300,307.5
892,375,375,375,375,375,300,150,300,150,225,300.0
893,375,300,300,150,675,375,225,300,300,375,337.5
894,300,300,225,150,150,300,375,375,300,525,300.0
895,300,450,375,375,300,300,375,150,300,450,337.5
896,375,375,300,225,225,375,225,375,375,450,330.0
897,375,375,375,300,225,300,675,225,300,600,375.0
898,375,450,375,450,375,450,225,450,225,375,375.0
899,525,375,600,300,225,300,375,375,300,375,375.0
900,750,375,375,300,375,225,300,300,450,225,367.5
901,300,150,375,300,600,300,525,375,375,450,375.0
902,375,225,375,300,150,375,225,300,375,450,315.0
903,375,300,375,225,450,150,300,375,300,525,337.5
904,300,150,375,450,300,300,525,450,525,375,375.0
905,300,300,375,375,300,525,375,375,300,300,352.5
906,300,300,600,150,300,150,300,150,150,675,307.5
907,450,150,375,450,300,375,375,300,150,525,345.0
908,300,675,525,300,300,300,375,300,300,375,375.0
909,525,300,525,150,300,300,150,300,375,300,322.5
910,300,150,300,300,450,300,300,300,300,150,285.0
911,450,450,600,450,600,375,675,375,375,525,487.5
912,375,525,375,600,600,375,300,375,375,150,405.0
913,375,300,375,450,300,300,375,300,375,375,352.5
914,450,600,600,300,375,600,375,375,375,300,435.0
915,300,150,300,150,300,300,300,375,300,150,262.5
916,375,375,150,375,300,450,450,300,225,375,337.5
917,150,150,375,300,300,450,375,300,375,375,315.0
918,450,450,300,600,150,675,150,450,600,450,427.5
919,375,375,150,150,300,150,375,450,450,450,322.5
920,300,375,375,225,375,300,375,450,375,450,360.0
921,375,300,525,375,300,375,375,450,525,300,390.0
922,375,150,300,300,375,450,150,375,300,450,322.5
923,375,375,375,150,375,150,750,600,375,300,382.5
924,525,150,150,375,300,300,375,525,225,450,337.5
925,300,450,225,375,450,300,300,300,225,375,330.0
926,225,375,300,300,300,300,300,300,450,300,315.0
927,525,450,300,525,300,150,525,300,300,525,390.0
928,450,300,300,375,450,150,375,300,375,450,352.5
929,300,150,300,525,300,225,300,375,225,525,322.5
930,225,300,375,525,375,300,150,375,375,150,315.0
931,300,300,300,225,675,150,375,300,300,300,322.5
932,375,225,375,450,300,225,150,450,300,525,337.5
933,375,450,300,375,150,225,375,300,150,300,300.0
934,300,375,225,450,375,150,375,450,225,300,322.5
935,375,150,300,450,225,375,525,300,150,150,300.0
936,525,450,225,675,300,300,150,750,150,150,367.5
937,375,300,450,300,300,375,300,300,450,300,345.0
938,375,675,150,375,375,525,450,450,525,150,405.0
939,300,375,525,150,375,225,300,450,300,300,330.0
940,450,375,225,150,300,375,525,375,300,300,337.5
941,375,375,300,375,300,150,300,450,525,450,360.0
942,525,375,375,600,375,450,300,300,450,675,442.5
943,450,300,525,300,300,150,450,375,450,450,375.0
944,375,375,450,375,450,300,150,300,600,225,360.0
945,375,150,150,150,675,300,375,450,300,300,322.5
946,150,450,375,300,300,375,150,300,375,150,292.5
947,300,375,150,300,375,450,450,150,300,300,315.0
948,450,525,300,150,450,150,150,150,150,375,285.0
949,150,150,375,150,300,300,375,525,300,150,277.5
950,150,150,150,300,300,150,300,675,150,300,262.5
951,450,150,300,150,150,150,150,375,150,150,217.5
952,150,300,375,450,375,375,300,375,150,300,315.0
953,375,150,450,300,300,300,525,525,300,375,360.0
954,300,525,300,375,300,150,375,150,150,375,300.0
955,225,150,150,225,300,525,375,150,150,225,247.5
956,300,150,150,525,300,150,150,375,375,450,292.5
957,150,225,150,225,150,375,150,225,150,525,232.5
958,300,225,150,375,525,225,150,375,300,375,300.0
959,375,300,300,300,150,225,525,300,150,150,277.5
960,150,225,150,225,525,675,225,150,450,225,300.0
961,450,375,225,300,300,375,300,375,225,225,315.0
962,300,375,300,375,300,525,375,375,450,375,375.0
963,150,450,300,300,150,300,300,225,450,375,300.0
964,150,375,300,375,300,525,375,150,375,375,330.0
965,450,150,150,300,300,375,150,300,300,375,285.0
966,375,375,375,450,375,300,450,375,525,150,375.0
967,300,300,600,375,450,450,375,150,450,450,390.0
968,300,300,450,150,150,150,450,375,150,375,285.0
969,375,300,450,150,375,450,150,525,450,450,367.5
970,150,300,300,375,300,375,375,450,300,375,330.0
971,375,300,375,150,300,375,525,150,375,375,330.0
972,300,375,375,150,300,375,150,375,375,150,292.5
973,300,375,150,300,150,525,375,375,450,375,337.5
974,300,300,675,375,450,375,150,300,375,300,360.0
975,675,600,300,225,300,525,450,525,150,375,412.5
976,375,300,300,375,375,375,675,225,300,600,390.0
977,375,150,150,300,375,225,375,450,450,450,330.0
978,150,375,525,375,150,225,300,675,300,375,345.0
979,300,375,225,525,525,300,375,225,150,300,330.0
980,600,300,300,525,675,225,375,225,225,225,367.5
981,675,600,150,450,375,300,525,375,375,375,420.0
982,375,375,525,450,525,600,150,150,150,525,382.5
983,450,300,225,150,375,525,600,375,525,300,382.5
984,375,375,300,375,375,375,525,225,675,450,405.0
985,375,375,300,150,450,300,375,375,675,525,390.0
986,450,450,300,375,300,300,375,150,375,300,337.5
987,450,450,675,450,375,525,450,375,525,300,457.5
988,375,375,375,300,150,600,450,450,375,450,390.0
989,300,450,300,375,375,375,300,375,525,600,397.5
990,450,525,300,450,225,525,375,300,300,375,382.5
991,450,450,450,300,525,300,300,450,375,375,397.5
992,450,375,450,300,225,525,375,375,300,375,375.0
993,675,450,300,375,450,300,375,450,375,450,420.0
994,300,375,375,375,450,300,450,375,450,525,397.5
995,525,450,375,450,150,450,375,525,525,300,412.5
996,450,375,525,375,300,300,525,525,150,300,382.5
997,375,525,525,525,375,600,375,375,150,600,442.5
998,600,675,525,450,150,375,525,375,300,525,450.0
999,525,150,525,300,450,525,300,525,300,375,397.5
1000,375,600,300,525,300,450,375,150,300,375,375.0
1001,150,450,525,375,375,450,525,450,525,375,420.0
1002,525,375,600,375,300,300,525,300,600,525,442.5
1003,300,750,600,375,525,450,300,300,375,600,457.5
1004,375,600,300,525,450,600,750,600,150,750,510.0
1005,450,375,300,600,525,600,300,375,375,450,435.0
1006,375,450,525,525,375,450,450,450,450,450,450.0
1007,375,300,300,150,450,300,300,375,375,450,337.5
1008,300,300,150,450,450,675,675,300,150,300,375.0
1009,750,300,450,300,450,450,150,300,150,450,375.0
1010,450,450,450,300,600,150,300,450,600,300,405.0
1011,150,450,675,300,150,825,450,375,600,750,472.5
1012,450,375,150,300,450,450,450,300,150,150,322.5
1013,150,450,150,450,525,750,450,375,450,300,405.0
1014,450,150,600,150,375,150,600,450,675,300,390.0
1015,150,225,150,150,300,150,150,450,225,300,225.0
1016,750,150,150,150,450,150,150,675,150,150,292.5
1017,225,150,150,525,150,150,150,225,150,300,217.5
1018,150,150,750,150,675,150,150,150,600,600,352.5
1019,150,750,675,150,300,150,150,150,150,150,277.5
1020,150,150,225,150,150,150,225,150,150,225,172.5
1021,750,150,150,450,150,150,150,150,150,150,240.0
1022,750,375,225,150,150,150,150,150,150,150,240.0
1023,150,150,150,150,150,150,150,150,150,150,150.0
1024,225,150,150,150,150,225,150,150,150,150,165.0
1025,225,150,150,150,150,150,150,150,150,150,157.5
1026,150,225,150,150,150,150,150,150,150,225,165.0
1027,150,150,150,225,150,225,225,300,150,225,195.0
1028,150,225,150,150,150,150,150,150,150,150,157.5
1029,150,150,150,150,150,150,225,150,225,150,165.0
1030,150,150,225,225,150,150,150,300,150,150,180.0
1031,150,150,300,150,150,150,150,150,150,150,165.0
1032,150,150,225,150,150,150,225,150,150,150,165.0
1033,225,150,150,150,150,150,150,225,150,150,165.0
1034,150,150,150,150,225,300,150,150,150,225,180.0
1035,150,150,150,150,225,150,150,150,150,150,157.5
1036,150,150,225,150,300,150,150,225,150,150,180.0
1037,225,150,150,150,150,150,150,150,150,150,157.5
1038,150,150,150,225,300,150,150,150,225,225,187.5
1039,150,150,150,150,150,150,150,150,150,225,157.5
1040,150,150,225,225,150,150,150,150,150,150,165.0
1041,150,150,150,225,150,150,150,150,150,225,165.0
1042,300,225,150,150,150,300,150,225,150,150,195.0
1043,150,150,150,225,150,300,150,150,150,150,172.5
1044,150,150,150,150,150,150,150,150,300,150,165.0
1045,225,150,150,150,150,150,150,150,150,150,157.5
1046,150,150,150,150,150,150,150,150,150,150,150.0
1047,150,150,150,150,150,150,150,150,150,225,157.5
1048,150,150,150,150,150,225,150,150,300,225,180.0
1049,150,225,150,150,150,300,225,225,150,150,187.5
1050,225,150,225,150,150,150,150,150,225,150,172.5
1051,150,225,225,225,225,150,300,225,225,225,217.5
1052,150,225,225,225,225,225,150,150,150,225,195.0
1053,225,150,150,225,150,225,225,150,150,150,180.0
1054,150,150,225,150,225,150,150,225,225,225,187.5
1055,150,150,225,150,150,150,150,225,225,150,172.5
1056,150,225,150,225,150,150,225,300,150,225,195.0
1057,150,150,225,225,150,150,225,150,150,225,180.0
1058,150,150,150,150,300,150,150,150,150,225,172.5
1059,150,225,150,150,150,225,150,150,225,150,172.5
1060,225,150,150,300,225,150,150,225,225,225,202.5
1061,150,150,225,150,150,225,150,150,150,225,172.5
1062,150,150,225,150,150,225,150,150,150,150,165.0
1063,150,150,150,150,150,150,150,150,150,150,150.0
1064,300,150,150,150,150,150,150,150,150,150,165.0
1065,150,150,150,150,150,150,150,150,150,150,150.0
1066,150,225,150,150,150,150,150,150,150,300,172.5
1067,150,150,150,300,150,150,150,150,150,150,165.0
1068,150,150,150,150,150,150,150,225,150,150,157.5
1069,225,150,150,150,150,150,150,150,150,150,157.5
1070,150,300,150,150,225,150,150,150,150,150,172.5
1071,150,150,150,150,150,150,150,150,300,300,180.0
1072,300,150,300,150,150,150,150,150,150,150,180.0
1073,300,150,225,150,225,225,225,150,225,150,202.5
1074,225,300,150,300,150,300,300,225,675,225,285.0
1075,150,225,300,225,225,225,225,225,300,300,240.0
1076,225,300,150,225,225,225,225,150,225,300,225.0
1077,150,375,150,300,300,150,225,300,225,150,232.5
1078,150,300,300,225,150,150,225,150,225,225,210.0
1079,150,225,150,225,450,225,300,300,150,300,247.5
1080,300,150,225,150,150,300,300,300,300,300,247.5
1081,150,150,150,375,225,150,225,225,225,225,210.0
1082,225,150,300,300,150,375,150,375,150,150,232.5
1083,225,300,150,225,300,150,150,225,150,375,225.0
1084,225,225,150,300,300,150,300,150,150,225,217.5
1085,225,300,150,150,375,300,375,150,300,450,277.5
1086,150,150,225,300,225,150,225,150,375,150,210.0
1087,150,300,225,225,150,300,225,225,225,150,217.5
1088,300,150,300,150,300,225,300,150,150,300,232.5
1089,225,150,150,150,150,300,225,150,225,300,202.5
1090,150,150,375,150,150,300,300,150,150,150,202.5
1091,150,150,150,225,300,150,150,300,300,225,210.0
1092,150,150,300,225,150,150,225,150,150,150,180.0
1093,150,150,300,300,225,150,225,225,225,300,225.0
1094,150,150,150,150,150,150,300,150,225,225,180.0
1095,225,150,150,300,150,225,300,225,300,225,225.0
1096,225,300,225,225,300,150,225,225,300,300,247.5
1097,300,225,150,300,225,225,300,150,225,225,232.5
1098,150,225,150,150,150,300,225,300,225,150,202.5
1099,225,150,225,225,300,150,150,150,300,225,210.0
1100,150,150,150,150,150,225,150,150,225,150,165.0
1101,300,300,150,300,150,225,150,150,150,300,217.5
1102,225,225,300,150,225,300,225,150,225,225,225.0
1103,150,150,150,150,300,300,225,150,150,150,187.5
1104,150,300,150,150,225,150,150,300,225,300,210.0
1105,300,225,150,225,300,225,225,150,150,225,217.5
1106,225,300,300,225,150,150,225,225,300,150,225.0
1107,150,225,300,150,150,150,150,150,150,150,172.5
1108,225,225,300,150,150,150,150,225,150,225,195.0
1109,225,150,300,150,150,225,225,300,225,150,210.0
1110,150,225,225,225,150,225,300,225,150,225,210.0
1111,225,225,150,225,300,225,150,225,225,225,217.5
1112,150,300,225,300,225,225,375,150,225,225,240.0
1113,225,225,300,225,225,225,375,150,150,225,232.5
1114,225,225,225,150,300,150,225,225,150,225,210.0
1115,150,225,225,225,150,225,150,225,150,150,187.5
1116,225,150,150,225,150,225,150,225,225,225,195.0
1117,150,150,150,150,225,225,300,150,150,150,180.0
1118,150,150,150,150,150,150,150,150,225,150,157.5
1119,150,150,150,150,150,150,150,150,150,150,150.0
1120,225,150,150,150,150,150,150,150,150,150,157.5
1121,150,150,150,150,150,150,150,150,150,150,150.0
1122,150,150,150,150,150,150,150,150,150,225,157.5
1123,150,150,150,150,150,300,225,150,150,150,172.5
1124,300,150,150,150,150,300,150,150,150,150,180.0
1125,225,150,150,225,225,150,150,150,150,150,172.5
1126,150,150,150,300,150,150,150,300,150,150,180.0
1127,150,300,150,300,300,225,225,150,150,150,210.0
1128,150,150,225,150,150,150,300,150,150,150,172.5
1129,150,150,150,150,150,150,225,300,150,150,172.5
1130,150,150,150,150,150,150,150,300,150,225,172.5
1131,300,150,150,150,150,150,150,225,150,150,172.5
1132,150,150,225,225,150,150,150,150,225,150,172.5
1133,150,150,150,150,300,150,300,225,300,150,202.5
1134,150,150,150,150,150,150,150,225,150,150,157.5
1135,300,150,225,150,225,150,225,225,150,150,195.0
1136,300,150,225,150,225,150,300,150,150,150,195.0
1137,300,225,225,150,225,150,300,150,150,150,202.5
1138,150,150,225,150,300,150,150,150,300,225,195.0
1139,150,225,150,150,150,225,150,225,150,225,180.0
1140,150,225,150,225,150,225,300,150,225,150,195.0
1141,225,225,150,225,150,150,225,150,225,150,187.5
1142,150,150,375,150,150,150,150,225,225,150,187.5
1143,150,150,150,150,150,150,150,150,225,225,165.0
1144,150,150,150,150,150,150,150,225,150,150,157.5
1145,225,300,150,375,150,150,150,150,150,150,195.0
1146,225,375,150,150,225,225,150,150,150,225,202.5
1147,150,225,150,150,150,150,150,375,150,375,202.5
1148,150,375,150,150,150,150,150,150,375,150,195.0
1149,225,375,150,150,300,150,375,300,150,300,247.5
1150,150,150,150,300,300,375,300,375,150,375,262.5
1151,375,300,150,225,300,300,150,375,300,375,285.0
1152,300,150,150,150,150,300,150,375,300,300,232.5
1153,150,225,150,150,225,300,225,150,150,375,210.0
1154,150,150,150,150,300,300,150,150,300,150,195.0
1155,225,375,150,375,150,150,150,225,225,225,225.0
1156,300,150,375,225,225,150,150,150,375,150,225.0
1157,225,150,150,225,300,225,150,150,225,225,202.5
1158,375,225,300,150,150,225,225,225,150,150,217.5
1159,150,375,150,300,225,150,225,375,375,150,247.5
1160,375,225,150,150,375,300,300,225,150,300,255.0
1161,375,375,150,150,150,150,375,300,300,150,247.5
1162,300,300,150,225,225,150,150,150,300,300,225.0
1163,225,150,225,375,375,150,300,375,150,375,270.0
1164,375,225,300,375,300,300,375,375,375,375,337.5
1165,375,150,225,225,375,300,225,225,225,225,255.0
1166,225,300,225,375,375,225,225,300,150,375,277.5
1167,375,300,225,300,150,375,300,375,225,225,285.0
1168,375,375,150,300,300,300,225,300,150,300,277.5
1169,150,300,300,225,300,150,300,225,150,150,225.0
1170,150,150,150,225,375,225,150,150,375,225,217.5
1171,300,225,300,300,225,300,300,225,300,300,277.5
1172,150,150,300,225,300,150,225,225,300,300,232.5
1173,225,225,225,300,300,300,225,150,225,300,247.5
1174,300,300,375,375,300,300,300,225,150,300,292.5
1175,225,225,300,225,300,225,225,300,225,300,255.0
1176,225,150,375,225,300,225,375,225,225,225,255.0
1177,375,375,375,150,300,375,375,225,375,225,315.0
1178,300,375,375,375,300,375,375,300,225,300,330.0
1179,375,375,300,375,375,150,225,150,300,300,292.5
1180,150,150,150,300,300,150,300,225,300,300,232.5
1181,150,300,300,375,375,375,150,375,150,150,270.0
1182,375,150,300,300,225,300,150,225,375,375,277.5
1183,225,150,225,150,300,300,300,375,450,300,277.5
1184,225,225,375,300,300,150,300,150,300,225,255.0
1185,300,300,225,225,375,150,225,150,300,300,255.0
1186,225,450,300,150,375,300,150,150,225,225,255.0
1187,300,225,225,150,225,300,300,300,150,300,247.5
1188,225,225,300,450,375,300,300,150,150,300,277.5
1189,150,225,300,300,225,300,375,300,300,150,262.5
1190,375,300,375,225,375,300,300,225,300,150,292.5
1191,300,375,225,225,225,300,225,225,150,150,240.0
1192,225,150,300,300,225,225,150,150,225,150,210.0
1193,225,150,225,225,225,375,225,225,300,225,240.0
1194,225,375,300,225,225,225,225,300,225,225,255.0
1195,300,225,225,225,150,225,225,225,225,300,232.5
1196,225,150,375,225,225,225,150,150,150,225,210.0
1197,225,225,225,225,225,225,375,225,225,225,240.0
1198,300,225,225,300,225,150,225,225,225,150,225.0
1199,375,225,375,225,225,375,225,300,225,225,277.5
1200,150,225,225,450,225,300,375,225,225,225,262.5
1201,225,225,300,225,225,225,225,225,225,225,232.5
1202,225,225,225,225,225,375,225,225,225,225,240.0
1203,225,225,375,225,150,150,225,150,225,225,217.5
1204,225,225,225,225,225,225,225,375,225,225,240.0
1205,375,225,225,225,225,300,150,225,225,150,232.5
1206,150,450,225,375,225,225,225,150,225,300,255.0
1207,225,225,225,225,225,225,225,225,225,225,225.0
1208,225,225,300,225,225,375,225,225,225,225,247.5
1209,150,225,300,225,225,225,150,225,225,225,217.5
1210,225,225,225,375,225,225,225,450,225,225,262.5
1211,225,375,225,225,375,225,225,225,225,375,270.0
1212,150,225,225,225,450,225,375,300,150,150,247.5
1213,225,225,225,375,225,225,225,225,225,225,240.0
1214,225,225,225,225,225,225,225,225,450,300,255.0
1215,225,225,225,300,225,225,225,225,300,300,247.5
1216,300,225,225,300,450,225,225,225,225,225,262.5
1217,450,225,225,225,225,150,225,450,225,225,262.5
1218,225,225,225,225,225,225,300,225,225,450,255.0
1219,150,225,450,225,225,450,375,300,375,225,300.0
1220,225,225,225,225,225,450,150,225,225,225,240.0
1221,375,225,225,450,150,225,150,450,450,225,292.5
1222,150,225,450,300,225,150,375,375,225,375,285.0
1223,225,450,225,450,150,225,225,225,450,300,292.5
1224,225,225,225,375,225,450,225,225,450,225,285.0
1225,450,225,450,450,225,375,450,450,375,225,367.5
1226,225,300,225,225,450,150,375,225,225,300,270.0
1227,150,225,225,300,225,225,450,450,375,225,285.0
1228,450,225,450,300,225,450,225,450,225,225,322.5
1229,225,150,225,375,450,225,225,225,450,450,300.0
1230,375,450,375,375,225,225,300,300,375,375,337.5
1231,225,150,450,225,225,225,300,300,225,300,262.5
1232,225,375,225,450,450,300,150,450,225,300,315.0
1233,450,450,225,450,375,450,225,450,225,300,360.0
1234,300,450,450,375,375,300,225,150,375,300,330.0
1235,225,375,300,225,225,375,450,525,450,300,345.0
1236,450,450,450,450,375,150,150,450,450,450,382.5
1237,300,150,150,450,300,225,375,375,225,225,277.5
1238,450,225,225,150,225,450,225,225,450,225,285.0
1239,375,450,300,300,225,450,450,375,450,150,352.5
1240,225,300,300,450,375,150,450,300,300,300,315.0
1241,300,150,150,225,225,225,450,300,450,225,270.0
1242,150,225,225,450,450,300,150,300,225,375,285.0
1243,375,300,300,150,300,375,450,300,225,300,307.5
1244,450,225,375,375,225,375,375,150,150,375,307.5
1245,450,225,225,375,375,375,375,375,300,375,345.0
1246,375,450,375,375,300,450,300,375,300,225,352.5
1247,300,375,450,150,225,375,225,225,225,450,300.0
1248,300,225,225,450,225,300,375,225,450,375,315.0
1249,375,300,375,450,375,225,375,225,225,150,307.5
1250,450,150,225,225,450,300,225,375,300,375,307.5
1251,300,150,225,375,450,450,450,150,225,450,322.5
1252,375,375,225,225,225,225,375,450,225,300,300.0
1253,450,225,225,450,450,450,225,450,450,225,360.0
1254,450,300,225,225,450,450,375,375,300,150,330.0
1255,300,375,375,375,225,300,300,300,225,225,300.0
1256,375,150,300,450,450,375,150,375,375,225,322.5
1257,375,225,375,225,375,300,450,450,225,225,322.5
1258,375,375,375,375,450,225,450,300,375,375,367.5
1259,300,300,300,300,450,375,450,375,225,375,345.0
1260,375,300,300,375,375,375,300,225,450,450,352.5
1261,375,375,150,375,375,450,300,150,300,300,315.0
1262,300,375,150,450,225,225,450,300,450,300,322.5
1263,225,375,300,225,450,450,225,225,300,300,307.5
1264,300,225,225,300,300,300,300,375,225,375,292.5
1265,300,300,375,225,225,225,225,525,225,225,285.0
1266,450,300,300,300,450,375,375,225,300,375,345.0
1267,375,375,300,300,300,225,375,225,300,225,300.0
1268,225,225,375,300,375,450,300,300,150,225,292.5
1269,225,375,300,300,300,375,225,150,450,225,292.5
1270,300,300,225,450,300,450,300,300,300,300,322.5
1271,450,225,300,300,225,300,300,300,300,300,300.0
1272,225,375,300,300,300,300,450,300,450,525,352.5
1273,300,525,375,225,150,300,300,300,225,150,285.0
1274,300,300,225,375,150,450,225,450,450,300,322.5
1275,450,450,450,375,300,450,450,450,450,300,412.5
1276,375,450,225,225,300,150,375,300,300,375,307.5
1277,225,300,450,450,150,225,300,300,300,225,292.5
1278,375,300,450,225,300,300,375,300,450,300,337.5
1279,375,300,300,300,300,300,225,225,150,225,270.0
1280,300,300,375,300,300,300,225,375,375,375,322.5
1281,375,375,225,225,300,300,450,300,225,300,307.5
1282,375,450,300,300,450,225,375,375,300,300,345.0
1283,300,300,300,375,450,450,300,300,375,300,345.0
1284,300,450,375,225,300,300,300,450,300,300,330.0
1285,300,525,300,450,375,375,375,300,300,450,375.0
1286,300,375,300,450,225,300,300,300,300,225,307.5
1287,225,300,150,150,300,225,450,225,300,225,255.0
1288,300,300,300,525,150,225,225,300,300,300,292.5
1289,450,300,300,300,300,300,300,225,375,225,307.5
1290,150,375,300,300,300,150,300,150,150,225,240.0
1291,375,375,300,300,150,375,150,375,225,225,285.0
1292,375,300,450,375,225,450,300,225,375,300,337.5
1293,300,300,375,300,225,450,375,375,375,300,337.5
1294,375,300,150,375,300,225,375,300,225,375,300.0
1295,300,225,375,375,375,150,225,300,300,225,285.0
1296,300,225,375,375,300,375,150,300,375,300,307.5
1297,225,375,300,375,300,225,225,450,150,150,277.5
1298,300,300,300,525,375,225,300,375,225,300,322.5
1299,225,450,225,300,375,375,225,300,375,450,330.0
1300,450,375,225,375,300,225,375,375,300,375,337.5
1301,450,375,375,375,450,225,375,225,375,225,345.0
1302,300,225,150,225,525,300,225,300,450,300,300.0
1303,300,375,375,300,375,525,450,450,375,300,382.5
1304,225,300,300,450,375,375,375,450,450,375,367.5
1305,375,450,375,375,300,375,225,450,375,450,375.0
1306,450,375,300,300,375,375,300,375,300,225,337.5
1307,150,300,225,375,375,375,375,450,450,225,330.0
1308,300,450,450,450,375,525,450,300,300,525,412.5
1309,450,450,450,525,375,525,450,375,525,375,450.0
1310,375,225,450,375,375,225,525,450,150,450,360.0
1311,525,225,225,375,525,450,375,375,300,150,352.5
1312,375,375,450,450,450,375,225,450,375,375,390.0
1313,375,300,375,450,375,375,225,225,375,450,352.5
1314,150,450,300,450,375,525,150,525,375,300,360.0
1315,450,375,450,450,525,525,525,300,300,525,442.5
1316,150,450,525,375,375,525,375,375,375,375,390.0
1317,375,150,300,525,375,375,450,150,225,450,337.5
1318,150,150,375,150,525,450,225,375,375,225,300.0
1319,375,525,450,150,375,150,375,375,450,450,367.5
1320,450,375,150,450,525,450,525,375,150,150,360.0
1321,450,375,450,450,375,450,450,450,375,225,405.0
1322,150,225,150,450,150,150,450,225,450,375,277.5
1323,150,525,375,525,150,525,300,225,150,150,307.5
1324,375,450,450,150,150,450,375,375,525,150,345.0
1325,450,375,450,450,450,150,375,375,300,450,382.5
1326,375,375,225,375,225,375,150,450,225,375,315.0
1327,450,150,300,225,375,225,150,150,450,450,292.5
1328,150,450,375,225,450,450,225,525,450,450,375.0
1329,375,525,225,375,150,375,450,375,225,225,330.0
1330,375,450,375,225,225,375,450,450,375,450,375.0
1331,375,450,375,225,375,150,225,450,375,450,345.0
1332,450,150,150,150,375,375,450,375,450,450,337.5
1333,225,450,375,450,450,375,450,150,150,150,322.5
1334,375,375,450,300,450,450,450,225,375,150,360.0
1335,450,450,450,225,225,225,450,450,375,450,375.0
1336,225,450,375,375,150,375,375,375,375,450,352.5
1337,450,375,150,150,375,450,150,225,375,300,300.0
1338,450,375,150,375,225,375,375,150,150,375,300.0
1339,225,150,375,375,375,450,375,375,375,300,337.5
1340,450,225,375,225,225,375,150,225,375,225,285.0
1341,375,375,450,225,375,375,450,375,225,375,360.0
1342,375,375,375,225,375,150,375,150,375,375,315.0
1343,225,300,300,150,225,225,375,150,375,375,270.0
1344,150,225,375,375,375,375,375,375,300,225,315.0
1345,375,225,375,375,375,375,375,150,375,375,337.5
1346,375,375,375,300,375,225,450,225,375,375,345.0
1347,375,375,375,225,375,375,375,375,375,375,360.0
1348,150,375,375,150,225,450,300,225,150,375,277.5
1349,150,225,150,375,450,300,450,450,375,375,330.0
1350,375,375,225,375,225,150,150,300,225,225,262.5
1351,150,375,225,375,375,375,450,450,375,150,330.0
1352,375,450,375,375,300,375,375,150,375,450,360.0
1353,300,225,375,225,450,375,225,375,225,300,307.5
1354,300,225,375,450,375,450,450,225,150,225,322.5
1355,375,375,375,450,525,150,375,375,375,375,375.0
1356,225,225,375,375,375,450,375,375,375,450,360.0
1357,225,225,225,450,375,225,525,375,375,225,322.5
1358,375,375,225,450,375,375,375,375,300,375,360.0
1359,375,375,375,150,375,450,375,375,150,450,345.0
1360,225,300,150,450,225,150,375,225,375,375,285.0
1361,375,150,375,375,375,375,225,375,225,375,322.5
1362,375,150,450,150,225,300,375,375,375,375,315.0
1363,300,375,375,150,375,375,225,375,375,150,307.5
1364,375,375,375,450,225,375,150,375,375,300,337.5
1365,300,375,375,375,450,375,375,225,225,375,345.0
1366,150,450,375,375,450,225,375,150,225,150,292.5
1367,225,375,375,225,375,150,225,225,375,225,277.5
1368,300,225,375,150,225,150,150,450,150,225,240.0
1369,225,375,225,225,150,225,150,450,150,375,255.0
1370,450,225,150,150,225,150,300,150,375,150,232.5
1371,450,375,150,225,150,150,375,225,375,450,292.5
1372,375,225,150,450,450,150,450,375,375,225,322.5
1373,225,150,525,450,450,450,375,150,375,450,360.0
1374,225,225,150,375,225,450,225,450,225,300,285.0
1375,450,375,525,225,225,450,450,225,225,450,360.0
1376,375,450,450,450,600,225,225,375,225,225,360.0
1377,225,150,150,450,450,225,375,450,225,225,292.5
1378,150,225,225,375,450,375,150,375,450,450,322.5
1379,450,225,225,225,150,150,375,225,450,450,292.5
1380,375,225,450,450,225,375,225,375,225,150,307.5
1381,225,225,375,150,225,525,375,375,375,225,307.5
1382,150,450,375,225,375,225,375,450,375,450,345.0
1383,225,150,375,450,450,525,525,225,450,150,352.5
1384,450,450,450,225,150,300,150,375,450,150,315.0
1385,450,150,375,225,375,450,150,450,225,225,307.5
1386,450,525,450,450,525,450,150,375,225,450,405.0
1387,450,450,225,450,300,150,450,450,525,450,390.0
1388,375,525,375,375,525,450,150,525,450,450,420.0
1389,150,150,375,450,450,450,375,450,300,450,360.0
1390,450,450,450,150,525,450,450,450,450,150,397.5
1391,450,150,300,450,450,450,450,225,450,450,382.5
1392,450,375,375,375,225,450,150,375,450,225,345.0
1393,450,300,300,150,450,450,150,225,450,150,307.5
1394,225,450,225,450,225,525,450,450,150,375,352.5
1395,150,150,225,300,450,225,450,300,450,225,292.5
1396,300,150,450,450,525,225,225,450,450,150,337.5
1397,525,150,300,450,450,150,450,150,300,150,307.5
1398,300,450,450,450,450,300,225,450,300,375,375.0
1399,375,375,525,225,450,525,450,300,450,450,412.5
1400,300,450,450,450,300,450,450,450,450,300,405.0
1401,225,525,450,450,300,300,375,525,300,450,390.0
1402,150,225,450,450,375,450,450,450,150,150,330.0
1403,375,450,150,225,225,450,450,450,525,375,367.5
1404,300,300,225,300,300,150,150,300,450,300,277.5
1405,150,450,150,300,525,450,300,150,450,450,337.5
1406,450,225,225,375,225,450,450,225,450,150,322.5
1407,525,225,150,450,450,450,300,150,300,150,315.0
1408,300,450,150,375,150,225,150,300,450,450,300.0
1409,450,450,450,300,300,450,300,150,450,150,345.0
1410,450,375,225,450,450,450,300,450,150,450,375.0
1411,225,450,450,525,450,450,525,450,450,450,442.5
1412,450,150,450,375,225,300,450,300,375,450,352.5
1413,450,225,150,450,150,450,225,450,225,150,292.5
1414,150,150,150,150,450,150,150,150,450,450,240.0
1415,225,450,450,300,150,375,150,450,150,150,285.0
1416,450,150,450,150,450,450,225,300,150,450,322.5
1417,150,450,450,375,450,450,300,150,150,450,337.5
1418,150,150,300,150,450,150,450,300,300,150,255.0
1419,150,150,150,225,300,300,150,150,300,450,232.5
1420,150,450,450,150,150,450,225,300,450,450,322.5
1421,450,150,150,450,150,450,450,300,150,450,315.0
1422,450,300,300,300,150,450,150,450,450,150,315.0
1423,450,150,300,225,300,150,525,150,450,300,300.0
1424,150,375,300,450,525,150,375,450,300,450,352.5
1425,450,450,300,525,450,150,450,150,375,150,345.0
1426,450,150,525,450,525,525,525,150,300,150,375.0
1427,300,525,375,225,225,450,450,450,450,450,390.0
1428,450,150,525,450,450,525,450,450,150,450,405.0
1429,150,525,300,150,450,300,450,450,300,300,337.5
1430,150,450,150,450,150,150,150,450,300,150,255.0
1431,300,600,150,150,450,450,450,150,150,150,300.0
1432,300,450,450,300,450,300,300,450,375,525,390.0
1433,525,450,375,150,225,150,300,450,300,300,322.5
1434,225,375,300,225,300,225,450,450,225,150,292.5
1435,450,450,450,300,150,300,300,450,300,450,360.0
1436,150,225,450,450,300,300,450,300,150,450,322.5
1437,525,450,300,225,450,150,450,300,450,300,360.0
1438,150,300,150,300,150,450,450,150,450,300,285.0
1439,450,150,150,525,450,150,450,450,300,450,352.5
1440,300,450,450,300,300,450,450,150,300,300,345.0
1441,150,450,150,525,300,450,375,150,450,225,322.5
1442,450,375,450,450,450,450,300,300,150,300,367.5
1443,300,450,450,300,525,225,300,300,450,450,375.0
1444,150,300,150,450,150,525,225,450,450,300,315.0
1445,225,300,300,450,525,300,300,300,450,300,345.0
1446,450,450,525,450,300,300,525,450,375,450,427.5
1447,300,525,150,525,450,450,225,150,525,300,360.0
1448,450,300,525,150,300,525,525,300,525,450,405.0
1449,450,300,450,525,150,525,150,300,300,150,330.0
1450,300,525,150,450,150,150,300,300,450,450,322.5
1451,600,450,525,525,150,450,450,150,600,150,405.0
1452,150,150,300,150,525,150,150,525,450,300,285.0
1453,450,150,450,300,450,525,525,450,525,150,397.5
1454,225,300,300,225,150,225,450,525,225,225,285.0
1455,525,450,150,600,300,600,300,150,225,525,382.5
1456,525,525,150,150,375,375,150,525,150,450,337.5
1457,525,150,225,525,150,150,150,150,150,150,232.5
1458,225,450,525,300,225,225,450,450,450,225,352.5
1459,225,525,150,150,450,450,525,300,300,525,360.0
1460,225,525,150,225,150,525,150,450,450,450,330.0
1461,600,225,450,525,225,225,225,450,300,450,367.5
1462,150,450,525,450,525,525,300,225,300,450,390.0
1463,525,525,225,525,300,300,525,525,225,525,420.0
1464,525,525,450,525,150,525,525,525,225,225,420.0
1465,525,525,225,525,525,525,450,300,450,300,435.0
1466,450,450,150,525,300,150,225,150,450,300,315.0
1467,450,450,150,525,300,525,450,300,225,450,382.5
1468,525,525,525,525,225,525,525,150,300,300,412.5
1469,300,525,225,450,150,450,300,525,300,225,345.0
1470,300,300,525,525,300,450,150,300,300,450,360.0
1471,225,525,300,525,525,525,150,300,300,300,367.5
1472,225,525,525,300,300,525,300,300,300,525,382.5
1473,525,450,525,525,375,150,525,225,375,300,397.5
1474,300,600,225,525,525,300,300,525,225,300,382.5
1475,525,450,450,450,525,300,525,300,525,525,457.5
1476,300,525,450,450,600,525,450,525,525,300,465.0
1477,525,375,300,525,525,300,375,300,150,525,390.0
1478,525,300,300,300,300,225,150,450,300,300,315.0
1479,150,300,300,225,300,300,300,150,450,300,277.5
1480,375,525,525,225,300,300,225,525,300,525,382.5
1481,300,525,300,300,300,150,225,300,225,150,277.5
1482,525,375,450,525,375,450,300,525,150,450,412.5
1483,525,300,225,525,300,525,150,300,300,300,345.0
1484,525,525,525,525,150,525,300,225,525,300,412.5
1485,300,600,525,375,375,300,300,300,525,300,390.0
1486,225,150,525,525,525,525,300,300,150,300,352.5
1487,300,450,525,300,300,450,525,450,525,300,412.5
1488,150,300,450,225,150,525,450,300,525,525,360.0
1489,525,525,450,150,525,450,300,525,525,525,450.0
1490,150,525,525,300,300,300,375,525,450,450,390.0
1491,300,300,300,225,525,150,300,375,525,150,315.0
1492,300,300,300,300,525,525,375,525,300,375,382.5
1493,525,525,450,225,150,525,450,300,300,525,397.5
1494,525,300,600,300,300,300,300,225,450,300,360.0
1495,300,525,150,300,300,150,300,525,150,450,315.0
1496,150,300,300,300,525,300,375,300,525,450,352.5
1497,300,525,450,300,300,150,525,525,375,525,397.5
1498,300,300,450,450,300,300,300,225,525,300,345.0
1499,300,525,525,525,300,525,525,450,375,300,435.0
