N,Z_0,Z_1
2.9997234993817385,2.0409191213851825,-0.523986566079811
-2.9631855483388345,-2.5556650313141818,-0.8315182052096515
-0.16264115384755923,0.41809884672577885,1.1150941363525306
-1.4228966414829864,-0.5677696061279298,-0.27248270296089605
-2.0828928116334495,-0.45264929211044586,-0.653443699270705
-1.9094408087419459,-0.2155971630897659,1.1615248644637748
-5.386502045298569,-2.019986129147251,0.7875040131807999
-5.479082123347671,-0.23193237764418947,-2.6181998485852493
-7.112737258072141,-0.8652130762749417,-0.36186226085479
0.0006793163052593032,3.3229995166448827,0.7963046861508021
-2.2510593295199897,0.22578661322792176,0.8459317034247255
-3.013152805303322,-0.3526307943415954,-0.4945407294383277
-2.2106280875477107,-0.2812874181513504,1.5728285038928136
-4.01028056212185,-0.6680463461089501,-0.7711960784885744
-5.902076569527872,-1.0551505512051214,-0.21201692091308755
-5.00789701001416,-0.39080097723465473,0.14625568406868633
-3.6616762845528545,0.48194538850678587,0.014140341307796992
-4.202512635652741,-0.2385536065733667,0.8223953418167449
-2.251074396299884,0.9577587029597641,1.0362455129539054
-3.1090427820167292,-0.19980212906658,-0.02310773837491408
-2.625877630988661,0.024259565076664623,1.4129376511458496
-0.13333259285890334,1.545820851212812,-0.6593137419033913
-0.16979497659184828,0.5451055226876446,-0.18944174819500728
-0.49840051555129117,-0.505228735614018,1.7349375304754646
-0.9414505600509185,-0.1828389745977349,0.12129327759013919
-0.2770090007914482,0.5405251317548021,1.0870572946056467
2.391380921199802,1.9350880340988528,-0.40286741587196184
1.0542347295613594,-0.2696203273419135,-0.23735825333829785
0.3229753710564304,-0.24355867907910456,-0.07818763240320399
1.3738188716546156,1.0023136012756912,0.19849229121818998
0.031131033332529312,-0.8864599431605871,-0.3080573875911613
-0.013402537109076074,-0.291720232439864,0.0458087698844743
1.6408475366470403,0.8825389674564839,0.6959390132737416
2.373687182321458,0.5803500161908991,1.2295970893769619
2.4500230562370966,0.09151670328235219,0.13920231922919826
4.299214246407369,0.6701043548284794,0.6767752798166785
-1.3041255603727913,-2.8281623068437627,0.939063901483633
1.6602312230946559,1.02130681750008,-1.0389409870090718
-1.333920588623051,-0.9596447598081417,-1.5325172332535317
-3.0492206979578507,-1.6686198426559695,1.6407750994889578
-1.9745623619617574,0.27644575952099965,1.3455351571565999
-1.625087148841936,0.7005448853493901,0.09034295542964439
-2.396679715243654,-0.4447674556827841,0.38273127170665544
-4.474358802762473,-1.0764058401008076,-0.9037478234674562
-4.0012431241543895,0.026124833534033623,-1.3427045663065966
-4.236507161012571,-0.05274730824287927,0.3475897860032843
-1.6064648039497964,1.4055981660180925,-1.4453568064866562
-0.5470982150613517,0.7474079874793504,0.9417096667024065
-0.2109557551104838,0.19381564626462,-0.6438192431944034
1.5834062511301528,1.1116332052239921,0.32171125493741226
2.051031391633561,-0.20552304990579248,1.9572620058163346
0.8251757794506963,-0.9258995736483681,1.91028419566216
2.0781569100851582,0.584058311025248,-0.2386619066849615
3.630468165595784,0.5825384186556901,1.0937919298443493
1.6337867889373867,-0.2148289111268558,-0.9944708437779083
-0.03605845817593245,-0.7828085779639662,-0.5517164946885466
1.76896372187913,0.22915390521326254,0.3992884012621131
-3.1406341372867113,-2.4938942784579905,1.4106777849100662
-1.2250515916334335,0.690124770162812,-0.5413222843554989
-0.15396653757135323,0.4913682607449912,0.5688711005646269
-2.793782648560213,-1.6388571438904884,0.13061578596665463
-2.812334865595141,0.06135350983817159,-1.22837303738122
-4.396996163388716,-0.9640996635412404,-0.10485062794403936
-2.5326448844565355,0.7572210447581504,1.5210869091729187
-6.7283343542948755,-2.034167273443428,-0.06379214386950008
-6.792084345312536,-0.9144945379945887,0.5277710536756282
-4.851625906297412,0.7095799877420675,0.852909447607447
-3.625662490439612,1.156401048432157,-0.705968272677274
-7.165068288997748,-2.158005380126208,1.2532442802797041
-6.57335970473712,-0.49803984475130336,1.5241741848773291
-5.243636585346828,0.32802009254257697,1.6178135175674475
-6.288745756021467,-0.6092161379498706,1.334511845950983
-3.944968521432385,1.5906402313231438,-0.4369236920951514
-6.580412215017343,-1.1912266816177808,-0.557915076510938
-6.305060849580349,0.354531946286926,-0.7572282149430827
-8.12539126807505,-1.0484055185445111,-0.8790299157739
-4.769370100017599,1.4059629431348852,-0.768124185207776
-4.513955531575255,-0.021651229055558368,1.0123260269086938
-3.8256222639039947,-0.3722505640006159,1.480972537995625
-7.797108802100818,-1.7181849497326165,-0.6153769403916513
-3.5236151744740973,1.6818255450666806,0.8306652773920857
-4.027374400917596,0.7527785926973876,-1.2391290520244573
-3.3116585753989876,0.753563837509362,-0.3037212024395619
-2.696330531584625,1.1378812589177814,-0.9720001619100026
-3.588960768315884,0.3492265781230293,-1.6033056904998684
-4.198022347358179,-0.6392466105764212,0.0731394637043319
-5.145233122358697,-0.8002412270301018,0.0965435305212338
-6.065280733700466,-0.800199979361005,-0.38846282610605287
-3.290695303877751,1.3700723413337117,-0.5046857462957114
-6.6860314439635875,-1.4603812011954127,-0.9667872128422035
-7.554229740495488,-0.5963695117707888,-0.11661641042619199
-8.214298280713098,-0.32124391928619556,-0.5841053901776451
-7.347201797748217,0.22461902534909414,0.2543144827704248
-6.75305780470053,0.5753493885078089,-1.189256233676433
-9.284410456471113,-1.2490970090955427,0.23966781175697335
-11.836324707940618,-1.730013451272522,0.5226711027286318
-10.886473463896536,-0.004414232621967487,1.2523923814609677
-7.912955589452407,1.2135638252860816,1.0603009002893962
-7.205868105629359,0.7570580592965243,0.20144441188950793
-7.79845201206397,0.21565078369996044,-0.6709134728455887
-9.693934142981504,-0.3171556440173552,-1.8168476465311738
-8.749589834128933,0.2932336958002246,0.0026918591410809924
-9.454836919252015,-0.24333508574217566,1.4207584312852297
-7.360634327135641,0.817206580492595,1.665061108374722
-10.98304133423535,-0.7944473388868819,-2.5293108372616144
-10.915283196641939,0.13423994708633882,-0.7472799078678781
-11.332783512031066,-0.11078013611159404,-0.3420387728749947
-10.999861764519297,0.5433593895301524,-1.0319069915241772
-9.61529322693459,0.22463852364937692,0.19379171704412237
-5.784546415717884,2.550034636307906,0.04599625449058993
-4.359917139171178,1.498654758135483,-0.5092268572742029
-2.7998844735554425,1.4967371655185107,-0.02870499045275027
-8.393492314353022,-2.0395038375946424,-1.5835889083214365
-8.04278960790172,-0.3403166247023773,-0.9637572881637517
-8.828834455925938,-0.6086106159129299,-0.8882927634718033
-7.918201697960424,0.5327215998890392,0.9028779948810413
-13.19478685492514,-2.279026489055327,-1.619164053427882
-10.064158410004477,1.1744986790091876,-0.20645304286758895
-8.560985780431906,1.0669833108953142,0.7836444489443992
-12.588363006952807,-1.3020708582457947,-0.04793410743422885
-12.899303861524634,-0.9785485286214127,0.8168279035327226
-14.864247100405047,-0.8011720107811816,-0.6461483961691021
-14.264452525984609,0.043295900283144985,0.44123481658854596
-13.57929670718446,0.6409710646894711,0.9096816816502008
-9.085853069813007,2.0478860553573326,2.23761741027226
-9.97590963016973,-0.19744542988767094,0.7338247420108708
-8.488815056086022,0.7675025589036195,1.4342801204305018
-8.63138853736741,0.15541781005943467,0.019471597452817485
-6.221145418370304,1.7599262839082537,0.10710142947179534
-5.007831337845549,0.7421578612115688,1.577398924776663
-3.307983758449242,1.3685504508744795,0.5929287977342136
-5.003113873469817,-1.0776751897834627,1.4286029808912826
-5.0389827416264055,-0.19224071152595104,0.7207574087633665
-4.699530125502023,-0.8137724218420405,2.1328044532854626
-1.0343167596469844,1.5049474040083073,2.3948030633707247
-1.8253653538142556,0.6576399038177728,-0.8218938515296664
-0.657906011186038,-0.3051444257775161,1.8732021105156156
-1.160423533041478,-0.4524678870704014,0.4500902558158507
0.3866667744965769,0.4846648782067015,0.49367762112424235
-1.1844216021060696,-0.7014955301795535,-0.09755853835382106
-1.7296141440908313,-0.9305888762121555,0.7372644278533792
-1.5366652668934262,0.4812744922715323,-1.0916911900342134
1.6300792368988961,2.463132032105226,-0.7062584904481232
0.11808677847429552,-0.24613355406481327,-0.7429202577785541
-0.3330108062334917,-0.5558657807935545,0.311862551544278
-1.4229408147952038,-1.171156834025543,0.9444763601081907
-2.5659094543667496,-1.3350109575593827,0.760995533186628
-1.940912896952693,0.524983234564226,0.3936436568096576
-0.9602187951648357,0.8508030327785525,-0.5666345160254288
-2.7227490852054355,0.0091747208824902,-1.7332822229223872
-1.7637307908626891,0.3325759886762084,0.4309342230190271
-1.4799444801870736,0.11591657750710396,0.17362280952761913
-1.1381852655371618,0.13865484604722084,0.38556008880811876
-3.066957965956508,-1.5261590525828475,1.4560154985822233
-3.3245985199894017,-0.45811827304922115,-0.1532615193136399
-3.280735711051708,0.11147930758994773,-0.1728496235801135
-5.895624834283169,-0.7831667805636854,-2.2867226191300865
-5.451100499710655,-0.47642974385981746,0.5885845288083376
-7.182705458920262,-0.8191201803277345,-0.01933251621322463
-8.6519035576861,-0.3334966741984413,-0.7095016393831609
-6.955290509857889,0.8531082743251359,0.4153133402890035
-8.654316777235087,-0.40658035065559817,-1.0146246596416926
-9.272760040064544,-0.15387068019710476,-0.5123656005132324
-7.281748185272801,0.813718359438118,1.9919570971876286
-7.175879547864931,0.6447702141569163,0.781093563577951
-4.6373747518837565,1.6952075589596332,0.9548371618467292
-8.661479669788474,-2.090485078128588,0.7776476928468461
-6.2182133429387445,0.856858944523106,0.6709345590011961
-7.485826870412435,-0.4822840867730822,0.22161290558804042
-5.478390506905349,0.13469181881788084,2.3129711783848887
-4.877973216000653,0.837719384899064,-0.04668075743033169
-2.392940219741656,1.0832531556913447,0.7619715565666217
-1.5668038171550367,1.0393506903088359,-0.19263182523713254
-1.7062443432849392,0.15510669107825276,-0.3258672073175367
-1.15612560855497,1.6096626830183138,-2.4131600011970837
-2.9797678227675477,-0.2829742272161367,-1.8994191242928125
-1.3679831024157751,-0.14098191307078672,1.5717996939064283
1.0150388607325873,0.7993511888940862,1.5119464677246137
-0.17305368913716024,-0.5513724079804637,-0.4144875709263799
3.1598628549334378,2.160906258701247,-0.010676425364118978
4.966245427131069,1.019206565354622,0.633803879929386
8.129939477028383,2.1755753226203938,-0.9740736959091011
9.263140632954492,-0.026589187155779802,1.7892077700569693
8.00276497867462,-0.38308855026130717,-1.0210283303663754
8.379949085642167,0.16704800216692559,-0.7019392870946349
7.75637172102357,0.7345765026061907,-2.7455914518146813
8.687392509552751,-0.5874276868740115,1.532064207180208
10.299689938694902,0.3797017469724474,0.07483273920492538
11.983312128403602,-0.01680427892083426,1.6393996396267054
14.065524112350621,1.6156817605764437,-0.986065105770456
13.351677504670477,-0.6627018123008657,0.3538240957786738
15.511231495484143,1.046161771728719,0.0900579189228875
16.222554187639265,-0.6438635355400087,0.2141766635142352
16.964529187798522,-0.9606341931074224,2.0897886768254135
18.60009316829457,-0.7102994273756232,2.280782048653146
18.479721784568497,-1.1901858618422472,1.3934330393347147
19.633565984392206,0.1463503600664521,-0.3871988694360025
22.81748454716511,1.0312607960786646,0.9069615639610678
24.946557552626178,0.1643148785347983,1.3587637491051068
27.98150237002692,0.6243251121848756,0.5713238569635583
31.742938424619584,1.6321741955751323,0.5823291223490992
33.911368124549156,0.27002644717885166,0.49460151282036857
35.07712585509913,0.19516236096309458,-0.888985623834793
37.14231506951316,-0.27506146796027464,0.25727791023401997
37.698556407938426,-1.6082422850112825,1.615493201185691
40.541241800682194,0.7597389318680837,-0.9842339341550517
39.64294025596927,-1.7564604476259789,0.09306641615885244
43.31057806854529,0.6526764363838281,0.8460756884063226
43.84985769601476,-0.014320335733954404,-1.353917339266203
47.74558312281254,1.1267814508104348,-0.12730293078131774
48.20214832476856,-0.067770260510462,-1.6869893821450357
49.34011065177617,-0.8232001579576669,-0.59655740561007
52.29100965913884,0.3579102667525859,-1.3980454494179755
53.16040595254368,-0.5602361357081261,-0.8877118009919004
55.997493831838206,-0.1809568246618137,-0.48221983413201086
59.11430468111046,0.0418707868620003,-0.26986025344078063
61.74664750993215,-0.13454971174566932,-0.19842673476766629
62.65730291944654,-0.18880227497381663,-2.401157389763011
66.94712243188245,-0.8324449882870513,1.5930668857230408
70.34574530042426,-0.18913378409281006,-0.27143872479913433
70.09738532443627,-2.13834060712102,-1.0933544185464719
74.0642714499755,-0.15733209522523053,-0.6267236176082052
76.92543126782495,-1.198055985931922,0.31149447343231174
81.81199425074757,1.1202636903470218,-1.0011583147851832
87.9744903232985,1.2699267473212534,-0.41353852395876844
89.51101563684017,-1.951025780521256,-0.4698505969768115
96.5960701553003,0.14491679036588978,0.539739941736314
100.55482786600949,-0.12636392216675604,-0.7485898141895587
105.02562968802746,-1.0467156300808687,0.45348924855482103
112.48319203199989,0.5316531426489993,0.3490698320618196
117.69925010839135,-0.46168954465474565,-0.14843380445321855
122.9881696195705,-1.7675990956866041,1.241103706461563
130.070838139416,-0.2666766520569678,0.02043960560289747
136.32220634224686,-0.14825311830009477,-1.177624501666097
144.86883241758076,0.10643101824147437,0.2978175835368062
151.72881296439385,-1.2312329987327657,0.12318903722818446
161.02317696158946,0.6156809269215894,-0.040502829002204206
171.88085211344222,0.7354570881988916,0.23232640681619574
181.11517445281768,-1.1458272768549103,2.3495531721956855
191.74092938872843,-0.6588555689831765,0.23351901997783128
203.6675459106132,-0.08033731382935666,0.457794753077021
214.21967087885898,-0.5659253270123664,-0.24645480856286245
231.0865393662261,1.7437546098496857,1.3103865519597715
244.13548201462822,0.20837211615824647,-0.05656058864668221
256.46340703669244,-1.010582036354199,-0.8021083355278161
270.1242179256413,-0.7881089276247821,-1.2226428849539965
286.9902611288828,-0.05747025825572099,0.5270918831485563
307.77038194920584,2.2957788082586084,0.7442358784331412
323.8397518336187,-0.17826432182306642,-1.588551827774419
342.7304673170201,0.12747641923980615,-0.7237141069722046
364.3837035451816,0.5140453781581755,0.6413868499110363
386.29716063065194,-0.0401259362630417,1.0271160617787196
410.4408169783801,2.280660872566708,-1.3212260599450445
434.1869105755604,-0.5315249470251602,-0.4087118552942355
462.2342949762681,0.7442031251457859,0.831768869291634
488.6168484797659,0.16043796898357113,-0.5348942725265395
518.511309885563,0.6211963732164166,-0.4517353828944098
547.3781117900232,-1.1766429584197382,-0.5417974689822959
580.8136800252701,1.768112695107191,-1.3082161382774413
615.0594675571341,-0.12152750716346146,0.04540970767256627
652.2013706551713,0.03416326206751611,0.3029250715030712
689.3438145567743,-0.9349762618687502,-1.4035863277668814
730.4967456686029,-0.7296952681832494,0.09848556594080901
776.6650698955507,0.5642394331680308,1.1060581160781187
824.4436945147827,0.9864998861106795,0.20567148048059108
875.8251292955524,0.7532546907537343,0.9453840155840322
928.5921988467272,1.2089702496885697,-0.5513148318244018
986.617177627575,0.7144889121895972,1.3672061393525128
1044.9707392520666,0.02846183335685169,-0.7881364875171292
1110.045264694235,0.8365259894445134,1.8833833034706247
1176.7224053202167,0.5936032404079788,-0.4511039082529584
1246.9853143665869,-0.10057526654145102,-0.7207785056850035
1322.7397857352948,0.726072718540168,-0.8949810818089227
1403.7982110770909,1.285697394529069,-0.41504493138051307
1487.1749424740115,0.2345713239341999,-0.4955772466526089
1575.2179793871628,-0.35620509743082307,-0.6917725638406813
1670.2673853299973,0.7187113729613218,-0.33178500902044955
1773.8638574543736,1.9007217378325845,0.6620391064287441
1879.6153246671436,-0.2105620431624384,0.8797226429138996
1991.1461792302596,-0.09230962211598169,-0.3400291332547872
2110.7495568179215,-0.13639753203462462,1.2321465640163338
2237.610130341111,1.2230174081629868,-1.000674009730229
2367.9390290772862,-1.837198256913153,-1.0312794134437753
2509.006766577767,0.3658453707474612,-1.1338053955310952
2660.6795104305675,1.1922639157608697,0.5986278853586913
2816.3255006662034,-0.8133831709015653,-1.5538412220643407
2985.5853985364665,1.4889774081624723,-1.399834668218403
3164.436328666027,0.5353090084702862,1.2750935383100084
3353.129025827057,-0.5490359172550382,1.7088872697564919
3553.67257649989,0.20413981937772036,1.3391127644647582
3760.929217027861,-1.5344921212662044,-1.4963747550383706
3984.058179635254,-0.5655710361854747,0.0065392554304298115
4223.355598344123,1.8269038175493117,0.826159701872232
4471.384058072099,-0.8938040482383052,0.09072638217942289
4736.754542314637,1.8445717319111685,-1.6242270588344543
5015.78035392769,-0.08157358819027508,-0.3487217781640566
5310.680405413897,0.9946628839764439,-1.7051393371808987
5621.800625080302,0.04389702264947434,-1.2394411568718704
5950.626240287819,-2.24148154362366,2.1451520357429232
6299.440829602019,-0.5726513109844991,0.6719362710029061
6666.395991976083,0.1898535965813863,-1.4750693303909352
7052.52360211147,-1.1509497089580938,-1.5086182003094526
7462.805550881541,-1.3474107332725922,0.4481253905037407
7896.404272055829,0.3661858537229255,-0.6179530470677405
8354.439382467292,-0.649414999777468,0.5686865679295522
8835.78264465444,-1.6958272209806426,-0.6563408232622712
9346.396435014674,-0.6841151736064445,-0.20918554944812545
9887.189194932742,0.8607375733597276,0.22913804836699356
10454.993990254421,-0.47374607008243474,-1.0425843086187383
11055.921868379819,0.9347725714518614,-1.930194037646372
11690.918367154874,1.5272727626498412,-1.204502626035393
12358.403113580054,0.03251540049551873,-0.7088424652129783
13061.557463690853,-1.1296833434653808,-0.21507838266500906
13803.549042398981,-1.3015650956398057,-0.0706887691553342
14587.305711811221,-0.026253854187163014,-0.07921269392390515
15414.389229614095,0.8810556770082387,0.5019532202178966
16283.793886381161,0.2690153283133568,-0.9050357596317037
17202.712878107654,0.5472571901882256,1.382136313697382
18170.223358892235,-0.4433417809053284,1.988347489154716
19189.24724313253,0.3004227591479358,0.3520614266417755
20261.291861916616,-0.4713087658775225,0.1739412726734303
21390.14199776606,-0.32560990354708425,1.2332775946474066
22576.762154776734,-1.292246473319263,0.6337528708044734
23824.476690920423,-1.5722129972246757,0.17293903103560176
25138.130321223405,-0.4819566918389441,-0.18279434902449157
26518.99663184614,-1.1075993405277864,-0.7540787671055834
27970.872153792836,-0.9587457201198237,-1.1843869781421177
29500.64882116807,0.6710474629653865,0.6499515036791333
31108.026427903915,-0.10708092147336722,1.17223424297214
32797.75680130999,2.914125888022547,-1.0725984514356413
34571.92027463065,0.926342075423221,-0.08787476349616176
36433.110420457895,-0.6331876151795489,0.2021257572271039
38389.10546908773,0.7780073420949039,-0.44147812189575236
40440.778531156044,0.3568038879399853,-0.7774019533764328
42593.173308563615,-0.6856810795173335,-0.40872577854715136
44852.02095674735,1.102594967084939,-1.986573793588022
47219.94368247253,-0.7753286078642612,-0.07726774500169377
49700.25542553208,-3.0583812523616074,-0.3106481701334202
52307.503450946984,0.7940647591398647,2.1002647416741365
55035.7534489077,-0.6172591186177742,0.9197710972652077
57895.35166198883,1.4860374923545419,-0.36233625364362343
60887.59266548335,-0.6496722067169012,-0.02498371325575958
64021.547478821754,-1.1813542467853593,1.6989366631605227
67304.9787088358,1.548461665941953,1.588795013006287
70735.7458849733,-1.0754983251353518,0.16741353315593088
74325.46612861469,0.20339369150255643,-0.1457453698422363
78079.93791055186,1.4497271957967346,-1.46231693200154
82003.75527805454,0.11449734341089023,-0.34448553044702235
86104.0806272102,-0.08058491531778637,-0.18632164207772312
90386.98484192087,0.10242343723857332,-0.7531993282122036
94862.12344592597,0.8390536522388322,1.7125871847761867
99529.22429105117,-0.8068121596797956,-1.8930187151158349
104402.25618986429,0.6106409992957679,-0.15312954802751536
109486.49392738478,0.5770754169394714,0.3895240579324037
114790.23921129708,2.332712025382542,0.419251660827471
120317.04220925007,-0.3365255299285121,1.6691079751612958
126072.81044602413,-0.9148298592004128,-1.416148707946831
132071.09991289017,0.735687023006662,-0.7655752406683713
138316.67317184113,-0.3971572496742207,0.07940022335721988
144818.565433033,0.28911616638337856,0.11466498050017616
151583.5308715022,0.13257652253025445,-0.40341545434498727
158619.7061577677,1.1683939613256054,-0.7818981090560784
165935.6698103307,-0.6568374851700608,1.0552582138094186
173537.3252496047,-0.09227952885816246,-1.0677046112304174
181432.41907280055,-2.5521126492129294,-0.5929406673222379
189634.85244180748,-0.8901138962794292,1.4195395676360656
198151.6049543026,1.5363388115385548,1.7160123873264832
206984.13385774882,-0.6815059146443607,0.8537982089473496
216144.2230870764,-0.7014768178924555,-0.8782702341820496
225640.3342013753,-1.2179071819849998,-0.8709902646932083
235482.1808383078,0.579834289685921,-0.9172168423129599
245675.90804826427,0.17799016337176263,-1.15247914137563
256229.10245741523,-1.1868668596304217,-0.43407506437830745
267153.5725155572,0.6674503740893216,1.252468159533808
278452.6130852674,0.26010587984314715,0.2040317137638252
290133.9640516354,0.7540333794321797,-0.7745705329496348
302205.9226108113,-0.6414795084271917,-0.797057565340283
314676.33256788866,1.7380087577355086,-1.195201052013818
327552.5719579021,0.40986760593441185,1.1866185535233382
340836.45396338735,-0.11688951697619845,-2.040504380600246
354540.8302661876,-0.5188342816073336,0.25173079304344975
368667.90044079704,-0.24482737168821864,-1.4622981361005167
383225.73168814485,0.8587919943195114,-1.0827615837006996
398216.8748359167,-0.268966692098378,-1.512913408289115
413652.9606964445,1.0781438737081128,0.9379880811278674
429531.4073001886,0.5806761725615901,-0.10783298845229917
445861.8620598884,1.34649517381152,2.7162272789621746
462640.39108499774,0.8141042283911752,-1.064976433074287
479873.4871276756,-0.06293926633583413,-1.1233488174763162
497565.5668070902,-1.9093399421565507,0.5610081682206371
515720.39585251146,0.29857058049706936,0.5322913211026215
534334.8038810765,0.7890760328884069,-0.312752579841828
553409.0621602735,0.16289228138710912,-2.052834922739572
572950.2382789413,0.5564317167499324,1.4116051772766451
592949.5341185493,-0.47162009784744924,0.5343497679978567
613410.4129284637,-0.3804775819610508,0.36350691367384036
634326.2846321317,-0.942389043899057,-0.6297993974836996
655700.6809555737,1.3619004028225532,0.603452291181055
677523.34344015,0.15839426359312406,-0.5992394254479873
699792.5565103709,-0.49248608454765586,0.002782362028699419
722500.6413496985,-1.3318525072296399,-0.23031125033700295
745643.9298686747,-0.15330727623306564,1.215344509742451
769212.7507979136,1.4426311919625505,-0.5142291775100767
793198.773316332,0.46192164641731587,-0.39040138695912274
817591.8792188938,-0.7245215730251725,1.0593440260021498
842383.7529603763,1.429494960235201,0.17986184518242124
867560.1636873325,1.428510149498043,-0.06755071567350249
893108.9706902691,0.9807761712193034,-0.2900110919043919
919017.4228782507,0.7888168682681604,0.9010508614757021
945266.4016290291,1.1556517800640662,-0.7011904877438835
971844.6327461775,0.5432590463456582,0.4197467627090478
998734.5077616943,0.7750008175241467,1.9785337005133665
1025912.0550882352,-0.7800253357812693,0.34653185158580296
1053362.7451725786,1.4995578106517762,-0.8393389532624606
1081062.8232533066,0.23118019002747622,-1.2570782775538027
1108995.485235315,2.0242118077633657,0.0913928921761727
1137129.470108272,-2.0422479736216355,-1.2842551323548932
1165448.2651359863,0.7054088681323775,-1.6518002934310132
1193924.785937556,0.9814615404533438,-0.8178593240212917
1222529.2780568441,-0.3429326109514602,-1.1548838798059364
1251239.2949536077,0.45244430747526604,0.8153216554309594
1280022.1755601799,0.748326398332743,-1.5129322089603954
1308851.2588496332,0.5773815122948983,1.5206858984910974
1337691.8164614604,-0.5396592560845508,-0.8151857651342108
1366517.3523028148,-0.14193782995556545,0.054662978872448975
1395295.170839666,1.0190394667806781,0.6076080292332172
1423988.1918834415,1.2773200842190644,0.15800535486330722
1452564.0036222325,0.09897684360803072,0.6552466645712847
1480985.5807896666,0.07703247904000432,-1.054365703737103
1509218.82855058,0.20049635374714067,-2.341079099388513
1537230.7630745159,1.0376652098418804,-0.270742250497455
1564977.876312558,-1.054038467943683,-1.7528945955959814
1592428.0381980315,-1.3290658339488934,-0.6525186158748978
1619544.1424792148,0.1243149661886982,0.8720540969383103
1646283.2840943462,-1.1065287680035132,-0.27137987374942657
1672608.9288671443,-0.5871094746650899,-0.6681801860042257
1698482.0708798065,0.08629573829863545,-1.205816597844541
1723865.6995401098,0.4825049304155798,-0.36867168433691105
1748718.0803432486,-1.0720918354802698,-0.25081680293783243
1773000.7246359566,0.8016054467552017,-1.6610216668350122
1796676.0356668998,-1.7737146221951365,0.21573514740291905
1819704.6941821428,0.5454160492757826,-1.1555926876966116
1842047.5559654126,-1.577731751159489,0.13841683858152587
1863667.3308928679,-1.2749233921914813,-0.532583247535998
1884529.5676161705,0.6422219295773648,0.9094871454462922
1904593.3463188848,-0.4063622235346329,0.775747641036947
1923823.7295829158,-0.7955582977503591,-0.07191889499725981
1942186.130136853,-0.4447767592897314,-0.18943499544916995
1959646.677667148,0.46503259415537146,0.35863452374958005
1976171.9997848875,-0.05404679613036737,1.3057222449014558
1991729.0548725014,-0.029382775458245247,0.9909160243519445
2006287.6601321164,1.0547764003067657,0.08859570606956685
2019817.029432994,-0.7163905922233165,0.24926498110087889
2032290.5094175034,-0.4719336785754862,1.5156350108956544
2043678.0633011064,-0.5224299788413164,-1.6955165561987913
2053960.8587370084,1.1689221606866564,0.4848982329631039
2063110.4993259234,0.9914056580780776,-0.9567307938507938
2071109.6383880654,1.287076554368245,1.3039183586818974
2077931.8940865316,-0.033750607022160345,-0.5436124326602008
2083563.4026436019,-0.15680255183864147,-0.15811483591241962
2087988.91961621,0.8527729960275634,-1.13066503564093
2091193.3695580557,-0.394411679840583,-0.024170144096250457
2093168.495009728,0.8306663583748539,0.7569795471893374
2093901.2862868502,0.724292751580105,1.6395380071343677
2093381.17980983,-0.6983180131877972,-1.2954630823226267
2091608.6489006171,-0.08319466924015172,-0.4699377462582708
2088583.0302678905,-0.11925099258087192,3.8864552710410796
2084297.4476918448,1.7333403801281198,0.9217358897855625
2078755.9247530645,2.587823339085075,-0.025641660071995545
2071961.804397204,-0.09992724908523933,0.5070818598060605
2063919.120070782,0.014064678908795957,-2.681901571333781
2054643.7332674428,-2.281584454788879,1.60351971804367
2044142.5622593453,0.21153229962984432,0.14751459445916568
2032426.7161149916,-0.007032972324828838,-1.4456269739712746
2019518.1666742447,-1.0728437917831282,1.1621213844890788
2005429.8443359209,0.7855942327622222,-0.6370449948071236
1990182.6014390786,-1.5657538112025182,-1.0342037330804474
1973803.262259898,-0.21485295179845887,0.5195441639314857
1956312.328497879,0.13885676222309065,0.3987098615681088
1937734.3355367708,-1.2489999428150438,-0.46217542782828724
1918102.77038474,0.8567407422067436,-0.07581267564668939
1897445.0657701043,1.0555617492223077,-1.3466926889404711
1875793.2124226878,-1.3864208531734517,-1.4483717961252065
1853183.8592994234,-1.4078385985858624,0.8991607563497701
1829653.5869122485,0.6022594837290922,1.3172838676535006
1805235.4399875551,-0.030497003390982384,0.4312852345935342
1779969.1420920605,-1.2114031397194822,0.37363965609735533
1753895.7203229973,-0.2952267328703558,-0.3960975965738327
1727057.5807742851,-0.10751668062926192,-0.13019312759828652
1699493.8415674514,-0.14303893375775825,-0.9373248956610112
1671253.5203962151,0.8274886487936504,1.758270921248861
1642375.6773797816,0.38419824987466866,-0.5680427060002515
1612909.0714277981,1.7694638062602646,0.41060240157624794
1582895.9507405648,1.3743604920127137,0.00016674677896742597
1552382.760588405,0.6784737722930204,-1.4002809519865258
1521421.0214802634,1.0770793746294716,1.9391935035563979
1490052.619766687,1.3238196707795207,-0.3758299307032596
1458324.9169104814,0.7059948367398967,-0.7687258613081643
1426286.859436751,-1.2257422789738366,0.11466400875383675
1393984.774939293,0.8594171615043201,-0.8982965864809159
1361465.3633798037,0.07227258699984476,0.029630368652132515
1328774.8306413405,1.6188110035491479,-0.9602843937335086
1295959.6010506193,0.09347418660601088,0.5653350728830093
1263064.2006850312,0.5259924507257387,0.05565896092577249
1230131.597153737,0.3296399060832553,-1.368286420817873
1197210.5163329793,1.6812255047368971,1.037698202800225
1164338.8581618064,0.17718231816918553,0.1943228857790696
1131558.4155539754,-0.26953990135448314,-1.1029078829842012
1098914.0326003183,0.3090917997525676,0.36140230834075937
1066441.9138168052,-0.4395082675794795,0.43308210693144034
1034182.669859336,0.16203923695686367,1.865730609338056
1002169.7006014483,-0.007472030587014089,-0.8602581155350567
970443.1923688038,0.2716225655000424,0.8611261288591832
939034.6426562447,1.9232840368305892,-0.08875591413070164
907974.6307063189,-0.4056905706008755,0.6232821271715745
877296.6822545175,0.036973207474528515,-0.2556106749053293
847029.4385193858,-0.19949174751407084,-0.05049641095083523
817201.8176988057,0.6726115401587713,0.5057614826048096
787836.159394538,-1.181574633229492,-1.1841302440536672
758959.1269832895,-0.6927294849595582,-2.098577562735211
730595.7266753515,-0.039489602024773245,-0.00016556387578946797
702764.3003581197,0.546147850287316,-0.4367785013228669
675484.291317804,-0.0462812104759397,0.09812105876600097
648772.3887953549,-0.500286271413878,0.6559041690469416
622643.6002294793,-0.8668274037713739,-0.2033843250993628
597114.7902467176,0.5117526343856253,1.2112682825036059
572195.1902559221,1.4421985927618208,-0.024050770185300285
547896.1819615378,0.3228754921362857,0.13227414545791594
524226.22340611456,0.18813502523214104,0.855094960218829
501192.95183910197,0.44387300624657344,0.6115973107692956
478800.34733562486,-0.9426529166182747,-0.06459700496052836
457054.6397359794,-0.31167488591815634,0.15147794717976315
435956.46945683315,-0.2679264212011225,-0.7325077075725053
415508.8775457664,0.2952404526319335,-0.5885402327147731
395710.6374598739,-0.03202569059951777,0.13132265828990042
376560.2706709386,-1.2164000519599374,0.8462540265376409
358055.1613696448,1.1252290550750943,-0.4059438232776296
340191.27519478765,1.6924084444954788,0.8735382871450506
322963.5628361175,-0.2631971139798569,1.9794363955328722
306365.91892134194,0.3988408892647443,2.1877755810645407
290387.61791486514,0.26716158198610773,0.06357245403903584
275024.11274204997,0.784663616313171,1.095914334286998
260264.4432415359,-1.4797830979545041,0.652855865054215
246100.1314161336,1.6130097237719507,0.8306879240179876
232518.89291898304,-0.46785233119142344,0.884154477405213
219509.01318201105,1.264226142300449,0.570092253775361
207060.12467726617,0.08067114454322016,0.875439245116228
195157.7746754287,-0.38955563416540184,0.24068192177543613
183790.07084386787,-0.14045269886994857,-0.20984597803395438
172944.5455003299,0.8971729458240187,0.30575821533983477
162604.66442941542,-0.8632761291280208,0.5470753539463475
152758.39207485516,-0.37517791405736595,1.28047588518512
143388.59213632427,-0.4821802238887624,0.4263070672726552
134483.7550833973,-1.7154483954323279,0.7989929010721081
126029.78126322525,1.3004253222139086,1.4833457972471682
118006.59019491932,0.5788888325424985,-0.8798562848592036
110402.4725493846,-0.02131502150956778,-0.20736754043443523
103203.9181127322,1.1636627062482152,0.5968579591827916
96393.01032550952,-0.956429851590967,0.08149553187709808
89955.67039638039,-0.07344981424153836,-0.9605385504148742
83880.77464599397,1.7254028366012994,1.0465215571750213
78148.05147438595,0.9796664136280306,-0.015999235517005012
72743.35262856881,-2.2254504071604724,-0.9484673608574571
67657.86992211692,-3.332081302399862,1.9530872597100337
62873.38060095438,-1.0379038620938246,-1.232303911515722
58378.69328395674,1.0612833086890912,0.03862752955704673
54158.20219812078,-0.4724457887095114,-0.6207221489901279
50200.38637948937,-0.21774406477559366,0.16117169074175516
46492.45611985787,0.608271442129631,0.6161871156697357
43019.99521507644,-0.8852023039740778,-0.7686342067399412
39773.171123923035,0.2128778954780192,-0.05466770264738846
36740.872156299614,0.7920982258103866,-0.08203095697633514
33909.66754764249,0.4670132202301799,-0.9570086194403548
31271.305184635443,0.39594546397562663,1.216826196312125
28811.40560851284,-0.602046114952505,0.22016793539333407
26522.179668814006,0.514287145166029,-0.24215134445472328
24392.586605917473,-0.4276300729183073,-0.6210333963155036
22415.424621759703,1.3049469505616562,-0.28904388032810574
20582.259274837594,2.570092738692354,0.18836057398498784
18881.401445951527,-0.7399058822942611,-0.4175319404494895
17305.065207156294,-2.174502072773742,1.2969877597684143
15844.701463721874,-0.4254398963296527,-2.505397738101904
14495.945355215747,0.3768451073305704,-2.102890750390235
13251.16957491927,1.0501313269503614,-0.21286689151515178
12101.819235000405,1.0790155135012853,-1.8045496140393296
11042.523896108281,-0.7839513663149491,-0.02416960207134539
10066.575659023249,-0.7932353410041735,-0.6157132483252166
9170.814206718505,1.2673009187104822,0.625799405105165
8345.80249595537,-1.0923877024313569,0.4588062195976526
7589.266194579215,1.0902313512146344,1.3551605045124333
6895.2793094519875,-0.2268879272034576,0.9666960256554462
6259.435101123128,0.7664035884711488,1.3010442986255635
5676.442946212054,0.7061647137637838,0.5754666617918351
5143.497546064866,0.7766524810610778,1.1148787797790023
4656.6423185360645,0.8204266971936063,0.5473601451010028
4210.183750539385,-0.9893909801613543,-0.5467557855061385
3803.4876708224238,0.29752110861128966,-1.2079027257104762
3433.2539489426126,0.013982411315735277,-1.1677119317465587
3096.9753850070874,0.30840802864763195,0.5289847891979155
2789.9351661877745,1.2332483942406183,-2.3444564597038657
2511.2394935241623,-0.2711082411279299,0.22115528090416817
2258.3424220497423,-0.7119704226209977,-0.7085970672666276
2029.9575594049684,-0.728115476185683,0.7815118100981835
1823.301193610165,-0.31081837778290006,0.24509929369174285
1635.1902654185387,0.7526105507610801,-0.7064484269981122
1465.501932514867,-0.8148156257479607,0.05900400324301722
1311.009182191832,1.1592578951012953,-2.233364202015475
1172.6910566814458,0.29045146553250784,0.31525757820044553
1048.0008059213765,-0.22611092064531074,0.5122213055364966
933.8475076200313,-1.3316509777862344,-1.7966276109620156
834.1679534407285,0.24493318448510143,0.9052960843985164
743.3153329176068,0.6914693220924303,-0.07355114068228896
661.3672210127274,-1.7657657867263103,0.2191431920664815
588.2587457490156,1.1919595712856506,-1.3762870649536532
524.2943880422255,1.647747014893282,0.6531754861811364
466.2988704734844,0.338502296909925,0.6302028114599965
414.2837793395201,0.4917808983658258,0.03348367374609784
366.81051944443743,2.4136949965880823,-0.9371273166455198
325.4851655361697,1.2318906798511962,0.8133684894520106
288.5378640918666,-0.8977571989333307,1.299255907117303
255.6375405372771,-0.01664518614742305,0.4526406652809785
226.43102610081192,-0.15693106761722703,1.0558285355162718
198.972899917025,-0.15087679609514876,-0.5307132310775164
174.69562600161206,-2.3642678177611556,0.21229360227807276
153.7482120088354,0.7570048405627458,0.43595253112207555
135.5391606297183,-0.6367361170630729,0.20672535162014244
120.15421927893213,0.16365146447771292,2.8865252856399803
105.72985266045723,-0.13613934374199768,0.4870178363943041
93.067697937926,0.8710953770180234,-0.4927061143387395
82.32211485152826,-0.29580869027763773,0.9004853225575059
70.51884874185292,-0.7954280607901872,-1.0137019586810336
62.26389339695553,0.5324224800592481,0.44453873765672
55.22070956574099,1.4048856848402156,0.8487818958280431
47.66119257848557,-0.3198106833867411,-0.41249801882794057
42.48797780985464,1.3699480278262324,-0.2382864089197534
36.68502876160562,0.2621831500067624,-0.8553232112444484
31.30629198655651,-0.5327294852810801,0.2178591731410482
26.97153895025434,1.5251578003581547,-0.5881806813875768
24.566846609370845,-0.818626335553522,1.8263884872398657
22.04369688192084,1.0140481991147188,0.7398642655117968
18.327929360837338,-0.4981859667883459,-0.1299677348210635
14.624359328399471,0.4502186456421907,-1.322251774503457
13.406048374793574,-1.234148305277474,2.1339376925060605
11.962362327002934,-0.8375926212541703,1.4025725238807407
11.194888053236093,1.0650523006996653,0.5735792929556754
9.540441553866541,0.18811685191459512,0.2991086237642503
8.608593287976644,0.03829301646633128,0.27455482971693174
7.5585907639743946,-0.43980824203442026,-0.36552809722678314
7.003379055573808,0.446480673727825,1.9861299285985567
5.52072716883324,-1.3972692775978013,0.30932624053416236
4.364315545209797,-1.1199352443263735,-1.3359175709795768
3.288046688019014,-0.157790365329733,-0.5531930360574766
1.3541094616575768,-0.8342810311785638,-2.479361784794141
1.8877527723045822,-0.7005937683055597,0.7640093287613586
1.7596690942910667,-0.07150325804844848,0.8690643302877672
2.19730634499351,-0.13752133194645022,1.8766312960410858
2.202953451805213,-0.222506700637484,2.2044387265695677
2.1165991710038536,1.6652756190688167,-0.6787261728212866
2.0990248338538753,1.0110758002746831,0.5533410972045415
2.454906772201359,1.2297345185288913,1.1001068494898942
1.4130395168458756,-0.028162001365168308,0.8960789585932066
1.2586729160472852,-0.5046842878231101,-0.40792916481990404
1.4400902884383264,-1.4538991774513217,0.9048473795644835
1.057297913112128,-0.34813740474730365,0.5957071916576799
1.5422183203723658,-2.085955516806786,1.4620180665716653
0.15472160929626289,-0.5837413170812261,0.06936802967455195
0.2587160066085595,0.764238935433696,-0.14207718027474814
-0.210694411153325,1.621530244280291,-0.4148282000124647
1.0243226086719228,0.9656069166841026,-0.2837981802135376
-0.7959552090868104,-0.8616004422818208,-0.6733856307956471
-1.118776225125642,0.49261852280236235,-0.24865063620055392
-1.0540872727206123,-0.7891640250574642,0.5934916895880746
-0.10158953358036904,0.8229737900880982,0.5493718052575148
0.7821084992011604,-0.11136118318513945,1.4085243644565233
1.4126873016790693,0.8582001144570633,1.1823715292118242
1.8839032056960352,2.572895572233041,0.7123072141644236
2.05644374215667,0.9225243033323701,-1.0688020852532705
2.1684302439230536,2.3324499453787046,0.6528002570395969
2.436233008010972,0.177442312981226,1.2463039776292244
2.0252183905851706,-0.32971772068132815,-1.225101651231791
0.9952846964037879,1.3337043892100016,-1.0397617546110227
0.5569595045053851,1.724356555267187,-0.8794495187402187
0.4009747682491851,-0.5550145945569381,-0.9670960473664579
0.43472246287530947,0.07663196559606328,-0.21878888911238828
-0.8909389367727135,-1.4345295287904392,-0.8675790226551632
-0.5228154347947005,-0.20004587761769155,0.45446221707678186
0.09771257063020145,0.8883322285022602,-1.1485436386065973
-0.1510076099140717,-0.08638483740324072,-0.06447743418482642
-0.1521115618757955,-0.569220157581707,-0.4381052537646047
-0.7723188372998697,-1.407239902207787,-0.909855889510612
-0.3737659688560571,0.36825449991781684,1.0947980204499768
0.5406447889578065,0.797540663665427,0.08675415760012148
1.0925835809461144,0.5965006827757677,0.6002408553014308
1.1989460351903132,0.25531569894951217,-0.27574187646611276
0.8447107339863885,-1.2740653493386656,0.7611515544215757
1.344438635323723,1.7618086407811855,0.6721111673832539
1.0737900125665547,-0.05653636459299152,-0.09537194545221389
0.3144210273240461,-0.14479645001033087,-1.717910238177568
0.6203514227397788,0.7329285500357282,0.8777901325375698
0.08569930897665237,-2.163186235204895,0.7497206522219166
0.6477522274847367,-0.0644672373325154,0.23805901725218487
0.11529577141509978,-0.13678960297985446,0.2999132827833922
0.025252354261076748,0.3722831319448136,0.18103458729481264
0.24515796096296477,1.3471598477745907,0.2500183974042268
-0.2867898087330394,0.47220012896409713,-0.9478056260663629
-1.1209977219725238,-1.8320984008276673,0.001718988139928557
-1.0991221085744485,-0.33907675300701295,0.37575238954691337
-0.6842529868039942,0.20553169809285823,-0.5547694668570979
-1.019599318680004,0.1471672391719903,-0.9129834258945715
-0.7622718791246402,-1.2812629017777346,1.9173918762969722
-0.08931132184016644,-1.66375853989839,0.6651930159072552
-0.6550728469452815,0.5490108792165218,-0.24874803952609156
-0.20625556430797942,0.3435350930455263,-0.434376402431708
-0.8902732153980234,-0.021301067782471445,-2.5850457856618068
-2.0606336786320334,-1.7254219836004472,-1.3675827684394424
-1.401634168909127,1.7740503671218637,-0.19130937784917285
-1.4406095639547223,-2.9002337451733826,1.3467440200733614
-1.364803129920709,-0.36409728305395717,-1.9998259095826407
-0.4943631652899192,2.091151430224141,-0.6417015069465
-0.013554396334940322,-0.15742586861098756,1.9730949242733973
-0.32044179950771445,0.23207021517525864,0.7285887918640518
-1.0751290420889803,-1.1791464394934508,0.473569638666792
-0.23586791583372307,1.3586400261294171,1.2539915649475473
-1.0695841563925392,-1.2926229107419693,-0.06093714534384334
-0.9155273297779809,0.25441917324395535,-0.11823772576028253
-0.5443647470689306,0.13490564635114768,0.7743854005770185
-0.29043536965681627,-1.0507245554685565,0.9110653455404909
0.011903259123736964,0.8869794016080271,-1.0072636240766633
0.13482706510739673,-1.415958011229726,1.5881358843278819
-0.35903116420103526,-0.683484532933555,-1.6837524098845558
-0.537639876695931,-0.028702202916173543,-0.6347077553585383
0.745994348615523,-0.41249769672963527,3.135681516143941
0.7836485618521036,0.46780667461364833,-0.4506058413554819
1.5078846629632343,0.9240548410021371,0.7173623003593097
1.3324555509349443,-0.29377376425342144,-0.9405189887678443
0.48564280158249495,-0.5414659678720907,-0.25881712878818763
-0.468493404656561,-0.5169782292637785,-0.6583632111105158
-0.20023235844019313,-0.3655939450055468,-0.33656994469606316
0.6409775293143998,0.8096488946941695,0.7187452985529259
0.5103872216681249,-0.2175850065483592,1.8119303759064054
1.218285066092129,0.40763953366453465,0.9365939929232586
1.2513387239492366,-0.09115277603330242,1.620314195212222
0.567808581585936,-0.844465175412494,-0.44371925790188005
1.0827134094229374,0.8637197398257774,1.5294223519182641
0.1541581057639101,-1.0380412580682665,0.62733806670247
-0.24990726948265002,0.006197796707115902,1.4351396893509272
-0.07841343978690393,1.4870238550758998,-0.3555738478414274
-0.8141180507584986,-1.0931070420832962,-0.17041146373871896
-0.348320062649216,-0.05518852081126953,1.4286215477897828
-0.4732510991363744,-1.5847810984165838,0.6709538077402427
-1.5155484668582504,-0.5094162712223194,0.16643301037683547
-1.866937157332641,-1.4945996585123718,-0.6267417747683977
-1.2431487316776726,-0.3615871788340143,-0.04386284940376642
-1.9283559123243124,-0.5382974610574749,0.5398931415127033
-1.4492132771905946,0.13197161380603412,0.775121013995611
-1.437608091545005,1.5843009073214365,-0.5037563522677756
-1.9289032494046345,0.28298451661725926,-0.29154324308927276
-0.7980660949354677,0.6581744527499446,0.47608260618746145
-0.43784216159449785,-0.05070193949372962,-1.0634694920391816
-0.5031663500532721,-0.24452361546620502,0.9797362724864359
-0.802863631910253,-0.8339818243786973,0.029942032376376614
-0.4501214315054478,-1.800856820932183,-0.10251458222938746
-0.27457538775583445,0.06862036839919183,-2.386324415113616
-0.20495957889859068,1.6291235191475462,-1.5734579434357052
0.07086553375542481,0.4762998718707188,-1.0216055036717586
-0.17005795270118615,-0.5339889586362624,-0.571491402408251
-0.13293199920968007,1.6494061436322494,-1.0890520166367148
0.07275668747745107,-0.4326235019616808,0.37822476586245185
-0.2907766747483156,-0.6188397120633242,0.13628891402684484
-0.3055497615325917,-1.212694351698304,-0.2662865702370136
-0.8249129037907019,-0.962050935083037,-2.034357254374861
-0.6849485956471848,-0.2463628695717934,1.3978474433248012
-0.3949415595892728,1.999020667820133,-0.27879013562206184
-0.15288339774748436,-0.20617621326392488,0.5904706256419842
-0.10931097728563482,-1.0315163014000943,-0.6711690536040574
-0.10225072126937282,-0.605418629431135,-0.0029405352886593275
-0.4481382185809177,-0.2228617607558514,0.6943869551834354
-0.4430192186205414,-1.7117519241888182,0.2332561008640988
-0.5924931432386407,0.12662843610718544,0.9592137551839685
-0.8042951587089574,0.7006684855746799,-0.18441546858074342
-0.4364655138216156,0.3208122410050434,1.9883665617993362
-0.11405501059198814,0.6007326507656642,-1.8974818771240995
-0.21504593420285129,-1.2895470431032947,-0.5563602180420868
-0.26076076312029073,-1.6985919026466894,0.974452675876595
0.5629192577020747,1.2855745952249331,-0.25700582674951455
0.8512529208356734,1.0943313362419658,-0.44971357292452324
-0.1005265079532007,-1.5402644573983837,-1.7821519072905176
0.3599332199286297,0.20638165811738485,1.1907253150589021
-0.008050261977788548,0.025527869974148333,-1.9066672057657588
0.24991102875073914,0.5448862967059741,0.49793554908697973
0.4301093676841521,0.20858621210957912,0.18430540517867627
0.16067537629567352,-0.5021319045882552,0.8637610515779268
-0.39015327763042396,0.19525663814289484,1.4469973793564868
-0.34533130743446117,0.15704688166820915,-0.7158894485378346
-0.44090116628259113,-0.0486276310087608,-0.8238552182369439
-0.8094126090089555,-1.8524186305219243,-0.3326552529287848
-1.4855249027421582,-2.995201022440529,-1.7350347236924675
-1.6279447365839765,-0.7901887934234801,0.803131600212957
-2.1658645067369116,-1.6347715081124043,-0.4167933344368078
-1.2170181919667737,0.25256204274779664,0.13828360945524829
-0.49147902621719036,0.7160967175077158,-1.152176511428247
-0.261968444246207,0.2631154237292073,-0.014647300165758744
-0.3839600135720072,-0.3695278958798835,-0.6481513612801866
0.483465981896392,0.07048084459204089,-0.10353850175061602
0.7701174048080572,1.167341045550715,-1.1224991591932176
0.3186550550808319,-0.7288080336039454,0.9942165233017588
0.7296181953251634,0.9222947397293393,-0.6824805335261627
0.5876606014827893,0.7076163309240973,-2.587727904880445
0.7149889022325571,0.2616842740988124,0.6099529550078873
0.9116986394664692,1.4519301576671035,-0.33607130533562796
0.6488868678308262,-0.7178185832067028,-0.9213085668596558
0.6664074443928084,0.9425060224272724,2.467170317451528
0.06448955176372742,-0.9289515855680833,-0.09132832561026634
0.09148209665223403,-0.7670315765631621,-1.3786239864782122
0.2806889599815674,-1.059711085029156,-0.6557888616330448
-0.10462673864120492,0.44583159760427166,0.33861865414829295
-0.5067220521558831,-0.9397600370828224,-0.26802132986016797
-0.7821715685746233,0.05215989851629757,1.1991018205283224
-0.4735526810329033,-1.136711911629779,1.0216524991877391
-0.1695282353051217,1.066257585784627,-0.8339216561974416
0.6127409988933041,1.8361735112481172,-0.004582903023004578
0.06625423470260311,0.22607664232280375,0.5990665963218542
0.7499153369381495,1.6433654157233566,-0.4553071190081083
0.4172312916497253,0.5606636371484345,-0.5063516509390211
0.5506913241378568,2.169309982212192,0.8370848619059076
0.590638915145752,0.09971426544292412,0.40846101505466353
-0.07727822333116624,-1.5704236041028392,-1.4448473649174036
0.117943841448158,1.49058403082891,-0.5911694464587628
0.4360531427407659,-0.12636714234675797,-0.4556517912040103
-0.012307984669314168,-1.0358450164480129,-0.16039869132129655
0.36304339674232294,-0.6562658594674428,-0.7598997316411998
0.7534005849540586,-1.6263317217708266,1.3000696618780292
0.26747821321232446,-0.16770180360718803,-1.011799182073788
-0.14306526695347752,-1.0712637551480848,-1.1277618489488215
-0.3138305429990956,1.484180556178205,0.16890502549989242
-0.3229943711907144,0.6644919985471294,-2.295096218695581
-0.3198874557106981,-1.6604060196052313,-1.072599754537817
-0.5468427941562586,-1.5093723248953304,0.5848870562743542
-0.2905398628275467,-0.5669757804700066,-1.3659866532304288
-0.4449316263932116,-1.9250410205953503,-0.8850347184102482
-0.784612309129783,-0.10980580857164887,1.046369703549382
-1.2436869811333213,-0.04344814976476555,0.4177032542376978
-0.5928241921170103,-0.7728063339237182,0.018991127811624146
-0.4988044010094747,-0.5464943802106043,0.2067489644779123
0.26366192619769374,0.498852844163285,-0.7132614288572124
0.4470163477817699,1.4216846227430395,0.2741943295287035
0.962503774114059,1.4956732179240155,-0.23711467956631294
0.1144171680964367,0.03430883063776426,2.466692737369118
0.25321372951785664,0.855849100209136,0.5068399491357682
-0.025075676673347536,-0.7383553931270216,-0.36892152256316235
0.24760450805446027,0.41195378363426516,-0.08286812839582022
0.442926029139229,-0.9596719891948636,0.024504329152643865
0.9004602708159083,0.7295733667149729,-1.4086029892855625
-0.8102367435627348,-1.2384011992630604,-0.8518156300754767
-0.9939575751161761,-0.9650830714906913,1.4998194573598636
-0.38457289601077843,-0.00834464482691244,-1.43077829136212
0.2613428833183953,0.5569891821907728,-0.6069022987160904
-0.39764971555605705,-1.4381745455653132,0.9984365827670537
-0.9232948213087291,-0.5366385854363271,1.4870042012441271
-0.6810362208927213,0.1351510512071218,-1.0472523972583951
-0.7504422684547427,0.22904630705071757,1.4401200916823877
-0.9817477489891147,-0.8387992173515699,-0.3845286445542359
-0.3262579843618971,0.09688255792329578,1.635937999528095
-0.1763753992620364,-0.2672370372899985,0.48146398467144486
0.3073241907021758,1.4038291578515893,-0.30143934942313244
0.581352449463781,0.5568982661709865,0.7112938028139575
0.706967215582982,-1.3240953569990666,0.5435286990993894
-0.1508482728783422,-2.201557117006762,-0.7892229834355148
-0.42931714333596654,0.09988180022201963,2.1329989104025224
0.06226350836323977,1.1820845467832928,-0.35936242221827525
-0.6305984047153851,0.17374005455439948,1.1382944640819974
-0.3011197112480874,0.8820660345952854,-0.4997788424323251
-0.3598831123616344,-0.4846734103640801,-1.8414428960639448
-0.26536389624018847,-1.3639205623940929,-1.1365460392416575
0.24095795814857923,0.7485937326351536,-0.11434961938701485
0.355731370681435,0.09894227464054638,0.6690422674050722
-0.2554865534535957,0.6836829270923552,1.7481711797623192
-0.19556352838594854,-1.3815659418907666,0.06817593148376856
-0.37898962309984285,0.1815534413430963,-0.29568118666229126
-0.2560031183119721,-0.6255009899606692,-1.2435652664649757
0.6011758475709147,0.8065888431513611,-0.05959330358389007
0.5689838076959337,-0.5806873242375763,0.28674176536500046
1.0542178523880998,-0.6073949019765076,-2.227774261869857
1.0160719058931822,-0.5857203770133427,1.2913389834984377
1.2090495753484682,1.263717038467993,1.1238358178027428
0.17327731973372737,0.028864195779211843,2.2635679776427633
0.047246894889862556,-0.7599971570164401,-0.9252534535464243
-0.5605160360184158,-1.0225841755527632,0.02425906603239125
-0.5772166659511564,-1.0441224416609518,1.7177672167754252e-05
0.15881083987971145,1.4626275482563855,-1.3433594765064567
-0.5877507003158007,-1.814774513497246,-0.8674712523946265
-0.8027227571492305,-0.8503575320650164,-1.0028725091508557
-1.0537212532582274,0.6378903416209587,0.4974759785799347
0.6135320490433996,1.1784957119103587,0.4137368879910423
0.26213421112841745,-0.14827740739445017,1.331407254118111
-0.33334555103797503,0.7855160537736622,-0.4222154509477325
0.6440298552125702,0.7596172911688887,-1.418299150993715
0.39217596934802845,0.9861870768741756,0.41974276268766164
-0.7008765080119927,0.04641503077493213,0.3502131533117031
-0.047634273235817454,1.6549681110403118,0.6464753849372445
-0.19454676386438174,0.2161253725997985,1.2269155748136789
0.7927771707442579,1.5482000856724596,-0.6066330141765484
0.28922104386291747,-1.082788417359302,0.778380901376294
0.467071528969399,0.96061305531659,-1.026530644519832
-0.18853553458994748,-1.2350369202277605,0.13558100923796967
-0.5478798918458423,-1.4755833724170708,0.6694432256814856
0.14762966693272464,0.5254990763360979,-0.13722004657307926
-0.13246538509222097,-0.7997444816067071,0.19633407151678825
0.527127682496231,0.47699373504770903,-1.4165822416638727
0.6095156103896546,-1.0392571047529968,-0.6728836092202523
0.4314538135078126,1.6403754882158161,0.12781967753018134
0.08154595539836962,0.04541300736884309,-1.2268057046995473
0.6282462644087224,-1.0942737499358477,-0.8775528288167957
-0.10109107270494855,0.21565910210810485,2.412447242548542
0.6833678262759395,0.9240799367594777,0.23366863445414107
0.4984442619440907,-0.7268860672016146,-0.8519305764640945
0.7038674905520139,0.5617496770275349,-1.0626219979151215
0.6575978868210011,2.093347711888077,1.349920236356491
1.7375666857517433,0.9154857742071912,-2.842635722702362
1.0068239113280966,0.039247960186757934,-0.407717255087351
0.2470629154052478,-0.5195256010390428,0.5435798336080095
0.6899108044908665,0.6291380372130817,-0.6556543860165066
0.057834898540087276,-1.4644056944900845,0.42508905693995763
-0.4309571616075012,-2.986478022301571,-1.15343526821305
0.22726649889123196,-0.613397013531575,-0.12242576612565091
-0.5426409694060623,-1.0284662209338726,-0.06943148718295748
0.44185190717077133,1.799839710587298,-0.10122037346198212
0.7104855449980851,0.19588654490386795,0.02924674415042875
0.18365997577807944,-0.9284030963466746,-0.08028572579931516
-1.607689538978025,-1.10520776256255,1.0012797905611415
-0.3377542701860624,0.5581414514212114,-0.3853942606183518
-0.2838559765643907,-0.7712110218671787,-0.7129018736271894
-0.4947709551232183,-0.5223010001623061,-0.40711836980127253
-0.3071809545102925,-0.0303697422557135,-0.43082722504761384
0.19051205904368712,0.15036295110433115,-1.6526170276535996
1.3583814354546435,0.16054552941750752,-2.041986433545578
1.6589565029339424,0.1794220764271669,-1.4839376307571877
1.6211153229742137,1.3678315541555375,0.15324482430053812
2.552187311136773,1.7686789435853607,-0.7994988993760159
1.4571617430771582,-1.58491438692822,-0.5444471911031873
0.8198996038849338,2.646283152039472,2.7376985431237713
-0.04171873716472585,0.19913042982258092,0.9931286214269378
0.42008364649941266,1.3148602823201443,-0.34309127712400656
0.5906307579146179,-0.6682167355677082,-0.7650974809801031
0.06882215418732937,0.39731248562199395,1.243813254768777
1.0699374798812618,0.2875064177435549,-0.9154293574555002
0.5239479969201266,0.18613075468643311,1.1042663154267118
0.5309597335376877,0.9257142328131778,0.45491776532911854
-0.2592428769118468,0.7057353772935512,1.252765927337919
-0.25893155574702653,-0.9314151497351535,-0.8592309186145494
0.4685113928936252,-0.043422213008981594,0.7707863049512885
1.1524563898891684,0.8034627548071259,-1.9481503640032916
0.8334885334662441,0.7619158865948027,-0.30850432679042317
-0.02808440572806349,-0.2609692444456501,0.9452505093827136
0.32207118482063446,-0.20561031935440693,0.5608177416586746
1.0048630316291134,-0.07871096561105169,-1.973645777695202
-0.5514072540098376,-1.029089393528728,0.5494218583183289
-1.1647629109506106,-1.2122299925195368,0.3177606128779975
0.26153974522632295,1.6446222063170737,-0.20235425229274503
0.3470869942952347,-0.3198289242911489,-0.8623090670442447
0.8405174646751158,0.17068354643760278,-0.4205347478717994
1.4735375793032826,-0.672717782138799,-0.7138211763271045
1.768423820527524,1.3727784458851306,0.8081549615886352
2.1231908625316143,1.8276341673065628,0.3269564631002771
0.8597657922843006,-0.1445851435404746,0.9301929345388833
0.4230553439625279,0.5897448635918658,0.5505679669966813
0.9039439645796774,-0.6796556318858589,-1.4225020276599285
2.0313148546104163,1.840347664987208,-0.003648102084038217
1.165436489485665,1.0011419624156386,2.0051001451105592
0.8982298216237623,-0.7646186746600798,-1.2512077570376248
1.558919097056691,1.3231734378300044,0.14084791046927592
1.5207787287092986,0.43525477209904734,-0.9215608059520919
1.616027396210367,0.4887059703231834,-1.0304752960600443
1.1557870199027769,0.4322467867360935,0.07115548261858266
0.17382957385144354,-0.5942724596791064,0.7788941721039077
-0.29704319429247356,-0.4640331053228114,0.6279189559241043
0.56775276178625,0.6962088973848877,0.32190530176318083
-0.01280924625677321,0.023503542123981244,0.8101217629425644
0.3330724323518076,-0.8758109415176295,-1.771784895273859
1.4816180455484842,2.103349105524711,0.6765504710111022
0.9188774586845947,-0.13811509946501047,0.26267164971807505
0.9337018106067085,-0.4884083890455035,-0.3258240042586636
0.07533440185842377,-0.6271817143728055,-0.1528144653616176
1.5564825404972855,0.760438452250922,-0.9964066946896972
1.0155298023845845,1.0446656627023703,1.0230422283267584
0.8297382634623484,0.3153950534289986,-0.8969496711866208
1.8193394316621216,0.9384250997960747,-1.6199879787569698
-0.1304067904292665,-1.4301458335050097,-0.14953769763507402
-0.13619194858820144,-0.30313520597705484,-0.7231910433422903
-0.24912411307530516,-0.4023724117653944,-0.21331830388227668
-0.3557674923426152,0.0726766802037529,1.3711320995123473
-0.25303741402462965,0.5553211072253169,-0.28041644234240426
-1.1568477897314096,-1.9734466967265225,-0.01840154940527485
0.10585043069979007,3.1912712595277606,2.127685343194198
0.8980887536312059,-0.8026558518166966,-1.5467555517496037
0.6499241467019923,0.4085878741718514,0.22761539285093157
0.6730831057471023,0.8906661710349818,1.0300360917397358
0.8703883501453442,0.9132422584384514,1.3790245742629843
-0.7358621133181555,0.30152947776920885,2.1122492458120354
-1.7349954732150379,-2.851038782847266,-0.7967726389955628
-2.32069179763337,-1.0294182203737134,0.4749739115706815
-1.0492885769679234,0.8150446704972311,-0.23072933420675368
-0.845832617011947,-0.8672524295217184,-0.5896416570631288
-0.844868891861779,-1.0034020262866086,-0.8614416605478826
-0.976950066351758,-2.3049553211002665,-1.600472157009654
-0.06335268331907482,1.2665688645247233,0.20201597501551757
-0.3516336117568061,0.5565275331801396,0.6228167213919259
-0.20091738030308617,-0.8489745470896223,-1.1983242953649467
-0.8351930987520451,-0.0909370888182374,0.6320664939408687
-0.5795650875764162,-0.06102960599713808,-0.6868362541656808
-1.063705165425115,-1.0791675863890429,-1.1491180842934814
0.5865863944555743,-0.23909435282450797,-2.7654160197902855
0.07300824088974861,0.28724736695517095,0.9779204556171887
-0.3904974233764229,0.5837607504782176,0.5900130410293513
0.7039952941542036,1.295664503057182,-0.44342758934234394
-0.2467383789904003,0.057048197180256645,-0.5181060641881448
-0.11998698549382508,-0.4357512542885165,-1.4363276567654457
0.04641560487358642,0.427944847082082,0.39181699732382275
-0.811316487059017,-0.6054584854017475,-0.19110986260805823
-1.2962360764052403,-1.2284018657621247,0.4171360205961122
-0.15113638441339383,1.1658174133660713,0.05362837639264533
0.49971739175655316,-0.35966252750539546,-1.539796823809087
0.9343894639816003,0.14188858466737753,-1.6890698669024233
0.22173514833423869,0.6701044983880885,0.2998860520849562
0.3991994319980621,-1.087502107535094,-1.821377493204597
0.8856994891894906,0.6610705932032451,0.1572042966227879
0.16114790359178083,0.47000781019778404,0.7969984837700558
0.9784368609771984,-0.0786951965212257,-1.4054841569743521
0.23869533646192864,0.413828570903945,0.5694829284100298
-0.44148969354511014,-0.7375753310221359,-0.06115038988089331
-1.4488824626963783,-2.186627825908461,0.4366601039768501
-0.5822189448957317,-0.26442112461867023,-0.7351228367784193
-1.3625899028267001,-0.8926158968589242,-0.10857977740435112
-0.18547613780926034,0.8870077749338153,0.3405254255300457
-0.9696405724299814,0.282840295701735,1.7564114701292186
-1.527337545781478,-0.511611700526905,0.6585507878644343
-0.7965954448099991,0.0655950955625179,0.424056492220449
0.02585647948591241,1.3710853715756686,-1.3804391245295171
0.7639144794978813,1.1530663941817965,0.26395432386215806
1.7584714602785962,0.386902226933139,-0.7550180054732525
1.442603417147516,0.4485263830803767,-0.13604215904887154
-0.16532576493685958,-0.2604080417729926,0.20719158846184046
0.013996353707264597,-0.11286324321516372,0.9158821084206138
1.1655409151652798,0.6066693824226794,0.5392610362430644
0.6409185689499839,-0.10218464932996439,0.13434144598772765
0.26914330726352126,0.31613473140693815,-0.11184676527876072
-1.5859784320098689,-1.098923752533973,1.3137245154052999
-1.5310641835513619,-1.652323167168886,-0.9425021016246354
-2.0717150358433627,-1.6826912560069485,-0.009123697316540832
-1.8689915643122603,-0.42126579609714815,1.338755310308567
0.17613239274006065,1.3442906422568701,-0.2414776309049401
-0.5701157099426863,1.1995958076434512,0.7907440624428624
-1.7305312444647318,-0.9814296623325831,0.8529774749552903
-3.258535171864094,-1.5408069593316496,1.950031159400373
-1.1038431720925024,0.8088977952524207,1.0958369500323615
0.21441832464363964,0.47898577886724764,-1.7058370592703518
-1.706237565679869,-1.3532677622094842,-0.04420303946135186
-0.3494846197754896,1.0735628380399151,0.24934324079027947
-0.49948717709219215,0.19024643307954248,0.7854777605275928
-0.2381010169538006,1.3394518668961404,0.34012297364097027
-0.5418636349742203,0.3579726340873901,1.8472790560549168
-0.2733602144726693,0.9059391704119965,1.054984669674182
1.0947367004756825,0.3368444827337588,-1.2480686294051366
0.4152506824703461,-0.9376466937313434,-0.700604144415385
1.5291223117462762,-0.2178904256607671,-2.146016366850243
-0.10500080980398452,-0.6630188479906014,1.6737766240484186
1.5116627580114563,0.8452523143858375,-0.2036363198327749
-0.00014744554532497567,-0.9817645515074065,-0.22646598624295106
-0.19015658502517885,-1.51943281101853,-1.6842881116295754
1.2506973636216343,0.6968105828302908,-0.5421620210728261
1.4272186727446248,1.1609312676187333,0.3248449319902771
2.0670064288610703,1.4599091358239493,-0.5238729378012491
2.4573948523676488,1.106799493934753,-0.5194654956971493
0.3328146176350377,-1.4944950654484763,-0.7537512087502728
-1.395471437738269,-0.6837617545784505,1.8672085535614877
-1.939323297754779,-0.5355051259380902,-0.6957301294935373
-0.09758897690176113,-0.010022813427983328,-1.6134731506998456
-0.9745043147184159,-2.141971390229409,-0.6759339950063554
-0.02002911777099098,0.002466826245936081,-0.51354197524934
0.5635514316716785,0.2888009407241855,-0.2606045945792195
-0.2567099339789159,-0.9390360218034021,-0.4185172944041889
0.4913403752184956,0.12963184090548954,-1.3075921239748125
1.6957259898939103,1.2030428526077912,-0.3830552438438988
0.8246763793205552,0.05754097096961334,0.20704557738079865
2.389650782548782,1.0683899216942008,-1.6059888174916972
1.2648782546756367,1.0254357837359194,1.8144290854914367
0.11552502997080416,0.42164834006729035,1.5321985750119627
1.8733309309039363,0.3949329007558068,-2.030519614692431
1.2806087896402323,-0.3604743346942787,-0.5649584954644857
1.8030775517245197,1.2524467532464891,0.8303572399257155
0.06302095625658832,-0.4597430934333485,1.1683423264654813
-1.0021653561429416,-0.6860493141785481,1.6183461407748712
1.5215104842696976,0.7173232306060383,-2.0661846714422185
-0.06134145902983068,-0.7147547134843758,-1.3190441251803353
0.11058843703212662,0.4373633035317553,-0.7134859492885108
0.7873133068545661,1.0686253833440327,0.3667945330226859
0.8077839743887602,0.09235601026613283,-1.2806649763610893
0.6542890934391652,0.11751622837157591,0.2523663868170364
0.6061007573110465,0.9307212284420423,0.27537778525999035
0.6110309018531149,0.7662865194239447,0.5494953836646462
-0.3377679552980949,-1.5274427015592382,-1.4874353097861168
-1.5839162197326884,-1.297653844365023,0.02401883720400528
0.27617765540722583,1.344934251735448,-0.09884186188503467
0.6923246939175918,0.4041241794258886,-0.5925266255898535
-2.2887332626332078,-2.0672042611667085,1.1594328211434304
-2.249523923233321,-1.3341706086519083,-0.45735250411490924
-1.9871382803931112,0.04009436013953038,1.315632416509579
-1.565552943057771,-0.9646182850527059,-0.7565046825944916
-1.6491446774809226,0.48522256307855294,1.584128562015884
-2.167280341289304,0.0951815159399293,1.531626786578025
-0.5176130068026956,0.5078786068820531,-0.9746176954636457
-1.9554194650092303,-1.1506435083824127,0.20796228166789654
-0.846706392094387,0.6393343145917086,0.18827287377077315
1.9635974736150905,1.9783288003861854,-1.1192101978762619
0.698534055812595,-0.7758641806462026,0.6750581373284622
1.9305554298210648,1.33382313158553,0.48549656374887296
2.7163154084288776,1.0021175020067765,-1.0000772680216847
2.4666445719457992,0.664990148884758,-0.011015205116916914
1.3033756523133884,-0.04457911399299578,0.7970510731520428
0.5654998825639557,-1.140570965475498,-0.2660528347661754
0.7469202596806339,-0.8561702802149688,-0.827451794342119
-0.04158438329305869,0.7861270903528846,1.5677791404299568
2.6033447756006862,1.0016069348118395,-1.0920723071365355
2.091529662144596,1.2456564349122925,0.256062055828496
1.6939880290251865,0.9835174497321321,1.0545179094195678
1.3647283390889462,0.9265053206060925,0.7209298491207806
1.0578506878087524,-0.41126104768918914,-1.9468703320403449
-0.8836656134310055,-1.184408662579163,-0.4081268152247772
0.8679870258249016,0.22776035599975256,-0.2066330208017125
1.6882900206246816,0.5240649476877686,-0.2830014179704721
0.28383268028603575,0.10970268928899674,0.5728076020832752
-1.8861966059111352,-1.4964087483606836,0.4919133266481511
-0.7925685781007507,-0.49624446858396853,0.08075903915343023
-2.562825462566841,-1.453039169423737,0.2186379894362371
-1.678717888853926,0.1699854842300829,0.9812970728920072
-2.130760799281821,-1.0258520162799414,1.223767005564508
-0.027896727117580178,-0.1424764310974326,-1.9649516465503092
-0.6694890753276825,0.3472633831362555,2.179419935131282
0.18262121054724556,0.16210480219092607,-0.5958083787043419
0.37240275749244567,1.3936094165310797,0.7622644638316202
-0.25927430138855023,-1.0797241443191383,-1.6825243984654168
-2.7099684438789673,-2.1580616666832326,-0.5499566738047589
0.5783104848825213,0.9708937365093563,-1.3022358227708337
0.35299806157334257,1.4285241860707518,1.0799956046121186
1.190189468557415,1.4587852937675214,0.8791921566084736
0.8192018394436504,0.31184987591314534,-0.014258561106073918
1.0156499261086303,0.5667908633732233,-0.191621763653623
0.8055999975437531,0.15065422526253766,0.3743670435807552
-0.40550666115383216,-1.2666613011972425,-0.9717922399428903
-0.5895189146048297,-0.5423584606349071,-0.6341529605734781
1.1401146071368076,0.5257276759780845,-0.7940674495375496
-0.6036510652168564,-0.5477734648114675,0.8150408754310717
1.3281717530997805,1.9372409871400527,0.009890737703085203
0.2525519667685727,-1.5109803827064496,-1.3101971471806988
-0.945186037799282,-0.4037870330205196,0.33402886347538685
0.6626657286573836,1.1405305643248347,0.5182516284039733
-1.015047003152706,-0.5772757414782768,1.3930190463488872
-1.4575416586907421,-1.1019749751060128,-0.5800811175743941
-2.8455767772538674,-1.328682467753597,0.39561386467358356
-3.7884248134235055,-0.6961856563168056,2.098142607409753
-0.5111328855331704,1.5409596462519146,-0.34563837749835363
-0.546462370469769,0.4400498577712863,-0.3843082907125673
0.13290276903628268,0.5478272146258892,0.5018574376979424
-0.49802849705244334,-0.48773186531408097,-0.5246061354052393
0.4521688653277333,0.8760697251217009,-0.014510304698945535
1.1842358323399198,0.13884399195279107,-0.528049017216281
-0.19819165711731895,-0.8888521250003175,-0.8127743293684287
-1.5323843211513646,-0.4199290722054558,0.8738355654988246
-0.2593981450358926,0.23508521120307493,-0.3993484373183031
1.6705474177521453,1.203470400206687,-1.0392724913428106
0.8985874247040467,-0.025284837771042207,-0.3114653362673359
2.168788741938508,0.5330597956356091,-0.16472668350862385
3.2721247315603748,2.0528513214104023,0.2824281991980708
1.0545737234120827,-0.7653564107875112,0.9269111835727383
-1.0565561718329473,-1.2071739384588511,1.7735436622238923
2.255728163920186,1.016962393541466,-1.2672785037066503
1.7396112709036595,0.4721352636568301,-0.2756551445332441
1.9910294470148557,-0.06420072913400163,-1.8735724798986586
1.49333898169196,0.29820079483120987,0.1939528994633171
0.5761946767530284,-0.2952455420037893,0.4982829807792664
2.013513058044235,0.5504210574496845,-0.6966447831421315
2.02085329454484,-0.30122678345494547,-0.9639397566443456
2.207099995794347,0.8346637027002156,-1.045215516890933
1.4428720727042084,-1.1357535404733579,-1.5603387529823856
-0.014360304596475637,-0.7816544496190657,0.5948299097184745
-0.5913023851442162,0.15153552999324785,1.8879981977842317
-0.4585229292469189,-0.4345260213654174,-1.203126161998486
-0.19854920208455804,0.7310964259882605,1.6032475190162354
-0.8036636588536552,-0.00647609513701536,-0.16928573215030954
0.27096157493053386,-0.5063658930843907,-1.4659799150409802
-0.3233596557602914,0.2459653138905293,0.5120036607899497
-1.20694136247524,-0.4914653402699814,0.7078411390828067
-2.7434369318224947,-1.5208294792940495,0.3362567988666745
-2.4845633974321695,-1.0989677307467858,-0.32899067058102455
-4.048064128404739,-0.7641179293009611,1.6249445261970499
-2.5065329502612155,-0.4321034363967499,-0.35567022570187523
-1.9042488342178145,0.136106881511291,0.5742907869152626
-0.028301487339344233,0.9499886419191464,0.5873076172497034
1.0290931344200034,0.5913433499304369,-0.97993348196342
3.7471146189653277,1.8206182627550906,-1.9494042510054572
3.977041224020508,1.3160900159473519,-1.8300852234137897
2.5243299996130273,-0.14657058160021563,-0.48046889699998796
4.627407846206131,1.693590072689526,0.28185455869336173
5.316643995321053,1.2241993137726308,-1.8850449501581044
3.2083660033395,-0.4097412960449738,-0.8135587239031288
2.165589251397104,0.35544049896652546,1.4702819391858084
4.647893456399915,1.1388827273858935,-1.9059646624644635
2.2960627169038412,0.28662607212462426,0.38231245645325557
3.834324880266544,1.0614437593663093,0.26897591074410615
2.9212144069695407,0.4409761783941257,0.7102467223354261
4.253141236470133,0.7493008354855837,-1.5820321345172357
2.2895433648784675,-0.27220269164863997,0.2505845965415184
4.056314092705115,0.42525202382573635,-1.5030516417780693
1.3496996710817322,-0.31735706544507336,1.2591683071733701
3.157626459021392,0.7226077695234667,-0.9711245328684528
-0.21930618903100083,-1.6420605158931656,0.28988387093838164
0.8899654146540705,0.3817367667094083,-0.9073076701077541
2.2083820054137453,1.2973281761476305,0.04323318559981589
3.255379812267447,0.6274482254902021,-1.6539282150672092
1.8562047866128246,0.02163866480838901,0.18957813306831867
1.8634798797962826,0.5861490469528767,0.5127954361185663
0.3983688121693896,-0.7984478490273939,-0.11008884168514857
-1.627410337459609,-0.7843064262879661,1.5392089194402008
-1.674970264997967,-0.3116836305537856,0.2748983144803266
-1.5378874613837599,-0.1006540043525886,0.6973913260098954
-0.347360355681238,1.0131870825202047,0.41405187233478874
-2.3231390111315693,-0.8469995521326642,1.8035929032779516
0.7638000200722703,1.0477771127652609,-0.7651493395661518
-1.2696184493388176,-1.5258344225412201,-0.37227710607023035
-1.0906472667128349,-0.74004277702316,-0.3194012040231828
-1.0695071440328392,0.010092291748678593,0.5307744972087725
0.9319782257829096,1.2045551602305968,0.17046454783398943
-1.3193153075915545,-0.5668904814239358,0.7538608773850645
-3.361807508434758,-2.096853870947604,0.20826906065756592
-1.1268593556248234,0.46663737438794683,-0.6144510127512338
-0.4882967311573928,0.017535121080874082,-0.15290267840628477
-2.4385660528994557,-1.0356243200544597,0.35579816691879107
-1.439629508781631,-0.997353373147213,-2.408973854465761
-2.985980355064134,-0.6491969581055402,1.3274888155525175
-1.0992067340523264,0.14462473167059664,-0.6586859435780759
0.3775360635216302,0.7098019443084687,-0.4417264005057006
-2.5574357857916223,-1.4321069144487169,0.18642425775105692
2.8287762665375555,2.3350119662175937,-0.3307605012087098
2.125529574374635,0.008202120078120361,-1.5513845269333426
0.5571585178619128,-0.3269543230964199,-0.30464950212418734
0.7278722789022607,0.7186461024062452,1.3409161006224404
-0.42146630648068306,0.15451558463119425,0.9983112816762165
1.8549643894061651,2.3817872060226932,1.1928827859743476
2.8043192578917875,1.1414964262773715,-0.6232307780311632
0.6071332499393731,-0.32327787701704624,-0.279404692242727
0.01004652808945139,-0.3454863773951745,1.0149625308723331
-1.7494560630986409,-0.4530638506855044,1.457461637327464
-1.440414897102968,-0.2968637610840091,-0.019024247211218915
1.1764238972156884,0.7174218605824755,-1.0349906277294474
0.31411662596553536,-0.6014657978288835,-2.014125406838725
1.9323885133498244,1.657326132098964,1.4032734050501081
2.343047205624728,-0.037853264839606424,-1.5934399251309603
1.0985980565104028,-0.10168119866643513,0.40073558069138
2.2512377244555966,0.9927309815640977,0.8737286994852778
-3.1638593679901765,-1.9356498757745013,3.2936566878551727
-2.7750724908978577,-0.8924553990417254,0.16579816385404184
-0.8038700452227795,0.6421632853934677,-0.142744069224455
-1.1353313133968854,0.05458779091330891,0.44770113054762395
-1.3545922898446088,0.030904135756100338,0.5021828155072129
-0.8443171227987881,0.43976300392514034,1.3561495193874011
-1.5999604745775189,-0.5583660654663014,0.6894013102685443
-0.6099470643159937,-0.1283116627811677,-0.7972708166114919
-1.5000667869488171,-1.3187379832986519,-2.1752103369166043
-4.14009325069975,-1.8330948801631546,0.29329759991058185
0.017014438588061787,1.3067233574338033,-0.7041776777464693
-2.3296079081690664,-0.8911605434927041,1.439232297891831
-2.205465950965225,-0.6746697951122652,-1.356228377961351
-0.4442003869052624,1.4376717140166326,0.20056940727506306
1.178041083881795,1.1005317619197186,-0.7563377363990464
0.5520331527865816,-0.4857147534473002,-0.9060184084737523
-0.6783912347874494,-0.4904799639361048,1.7109003176319157
-0.820577958799569,-0.041720524171049746,0.17168456302644972
-1.264762806465567,-0.9150159304246114,-0.18815480502836673
-0.6668166739837094,0.5880361144043751,0.7606294890873249
0.3903825348351487,0.18459988741430242,-0.8097084889696944
0.2891842023402667,0.16896517943704198,-0.3796728278404442
2.032119132980526,0.7926115112899441,-0.6578619425206957
1.6079574358216877,0.7578072102733953,2.042267417198696
3.7804959150181014,1.8810261142192681,0.33993504187245044
4.7376953278872636,1.555657850196471,0.6481192559454834
0.009851617806883484,-1.6711822478750038,1.150268842591634
2.2954254874620394,0.9366335755557045,-0.19239802254704683
-0.19672350138942654,-1.0798874964107446,-0.16039804110040548
-1.4553359541916462,-1.3894935551890548,-1.6907525969549917
0.5737867896620861,0.749714038050878,0.4931538377964738
-0.6854593402426818,-0.6637461649694971,0.2656588879647659
-0.6018440320462825,-0.2774606662465995,-0.42733569671207866
0.36483963611978554,1.1084840430363248,1.241978905204404
0.05108934708375451,-0.62494802561938,-1.8489666404387919
-1.3169767297324408,-0.8568428776511895,0.4308423357882474
0.680347538933426,0.36520937495405337,-1.4276734431639235
2.546832036985187,1.2615996247224526,-1.1860284296971704
2.304173584839894,0.5671926852697736,-0.22169237096467545
-0.6020245724827351,-1.515234709486166,1.3743988780261713
-0.5209148057457769,-0.61265436337664,-1.2347181810180048
-0.1239828081384633,-0.11370231607192499,-1.038430824755351
2.618728135500521,1.9686957047030451,-1.2581256528562743
1.8629467540001232,0.9317599807380832,2.079166372762694
2.4248963219598276,0.889871997746912,0.5366870861917691
3.3967794807288882,1.2413420618199114,0.4153254631293544
1.3630545283151827,-0.270643612291444,2.1341355970917864
1.902124332901352,0.5181459427898134,0.2540054344722237
3.2538924682502324,0.5287922830947068,-2.1830615926901467
0.7727453556443724,-0.9384436892015587,-0.5280474011759992
1.3826774944746365,0.021702770707732175,-1.2447540402470687
0.4751335304821336,0.602628176804536,2.095244749291541
-0.402901096445346,-1.0412603538119334,-1.472980509874603
1.3617115992645865,0.8466441722677288,0.31001811340254026
1.7512692133189105,0.7972095638218866,-0.5396205708959053
2.7834126674742175,1.0722075868937155,-0.46294301093723766
0.023279127521694365,-0.7363685273071261,0.016050163909523987
0.6880972637541589,0.14570656440467855,-0.14544487154245192
2.6687476890277937,1.4916577991761455,-0.7164522571081597
3.5017940879334493,0.8310010883264536,-1.28919322719092
1.4350135652124674,-0.7500245650754755,-0.6830203324000345
2.543304247498143,0.26330274366275497,-1.0910181622054855
4.12901002848622,1.4585290540160651,-0.9495899613521656
2.032306705003154,-0.03834963446859341,0.114886001535766
2.6429776286652302,0.41871303525767095,-0.16705388559636833
5.765083910362042,2.606179794526444,0.4878608415208204
4.592058369761071,0.00041289056298582404,-0.25653410585141756
3.01661296986031,-0.07085333044619528,1.9879044407503788
2.0304288587145947,-0.9691065263765881,-0.7698174393859692
1.4234784514583532,-0.6225592799871233,-1.0494574911793721
3.24337735109181,1.5211036590748694,1.0539101395445558
1.6272898386751793,-0.10413961861810993,-0.7445954455878293
-0.4553002337692169,-1.1521182043293072,0.11776109258766718
-1.3731093849908085,-0.8976781150682237,1.0053015668910137
-0.6942507612332306,0.03908657036222138,-0.1142963269697127
0.8332056798702482,0.797787169794367,-0.38148103401332834
-1.0946152121270658,-0.7123287845288386,0.9936009708862976
0.022233940684453724,0.7443654598336258,0.33223679954700147
-0.6308252539036425,-0.4583155731512321,-0.5661107688153971
0.23493869640589593,0.384801671803465,-1.2590703332499047
0.9775928056186992,0.5471117622331484,-0.4079930775147451
2.616721295170479,0.6337681039816407,-1.7380189293092558
0.48396217875695857,-0.4067343046831948,-0.9224034990272185
0.7529354483558494,-0.14548944816520296,-1.1545697150335459
1.52774682151153,0.5283980972812525,0.28946781577853076
-0.8764261468388177,-1.2732405564657667,0.7758850590296091
0.3019594371574422,0.19109147335173274,-0.6944417419171223
0.7318040003532376,0.5307928170840494,-0.47600169088170596
2.767146169829556,1.0592480152652026,-1.163570066502072
2.3055840103599685,-0.023392777153805305,-1.4558716071986488
0.9896784102694529,-0.17200536212015363,-0.4699931875923203
1.219065092012692,0.15249267081034334,0.564651281355481
-1.0226324650530771,-0.7232627263890744,0.46586731042272617
-1.8883226764088712,-0.2006463681018847,0.5901614337728481
-0.8895319431865821,0.4159854115441579,-0.3059991891543134
-0.10184395394425305,0.2873923939017875,-2.8606225989825966
-3.1551222392828526,-1.039289266855961,0.941873547171145
-2.0873057010361915,-0.3226585759836331,1.3517080423461578
-6.096563607408451,-2.1117550402759058,0.9267686892688831
-2.9011045994403744,0.8017025969804439,0.9187685992060648
-3.831990586447138,-0.5324266256884872,1.1214500855429523
-2.5356746668842796,0.23733302018262328,2.769683287961346
-4.417207390401353,-1.1021750297815727,0.3209113093482113
-3.17974667396524,-0.08905167857054422,1.6048923457166533
-2.748424246932998,0.4396975763825209,0.8318099269703514
-0.995742759478901,0.9738321991929461,0.6970982940252463
-3.691673265878144,-1.369754504185923,-0.14309223040428232
-1.443103794788278,0.8326238322027969,-0.3627842298347233
-1.5012956874328194,-0.1757824881127287,-1.1739196317090077
-2.0558948061088813,-0.7873981992963257,0.604586444674966
0.10502745967593419,0.463291142416668,-0.32904182427704876
-0.384658260010293,-0.30828059804506047,-1.2511243572359672
-1.1271952348801926,-0.3110032278099604,-0.7932021320713456
-2.0242471961558066,-0.7189329755357827,-1.237353184050747
-1.2001395012154288,0.20695945213884392,1.657955572756555
-0.8461718581388903,0.01984628395666735,-0.2588428600301334
-0.9613527141636733,-0.19113457441819431,0.10751022536384264
-2.3112738831660984,-0.9731241702536421,-1.2631742271058926
-2.6692696841940258,-0.5300232486101386,-1.077707360000256
-1.4708939991174161,0.38354279042008715,1.0853383975503472
0.66812561776098,1.2592462361922816,-0.2482160614062073
0.4299599613680097,-0.04607334036216535,0.2267708786188296
2.0551579908965896,1.3936539372269496,1.903719540005617
1.2488634483237775,-0.03039045375062921,2.1684157123550465
-0.3192695871928841,-1.1096734120117573,0.7132322831037413
1.8831550581724672,0.6112676809266525,0.504002187870548
0.19695124738054892,-0.9851086540914716,0.24362088066698953
0.7493561634073632,0.38207483139867426,-0.2981776943387448
1.5658522288682448,1.049937785964734,2.1019305233624266
0.8044071124767264,-0.32770723572434185,-1.2637991429270883
0.30519869258969434,-0.10802119990496993,-0.09444450704511713
3.977170954136931,2.4462100833030633,-1.9996431856170793
3.695020984182797,0.2194939412013638,-1.3159613447991658
3.58907120607143,0.24460020698237056,0.4179761229367063
4.752166993275422,0.7611012752384251,0.4737956461830622
3.607437430909541,-0.11728048540893796,0.34948936620293497
3.6320969127195886,-0.1071933655589179,-0.33738650439041584
3.9935113707761083,0.3619499870191874,-0.7354851140141753
-0.6895908476462634,-2.4084315138391177,-0.5605398965196526
3.749910253792336,1.3955397961063214,-0.39853710833038963
-0.09705009452379465,-1.084689019934604,1.1365535742141335
-1.2461627284840604,-1.0954275650926235,1.5150308036745619
-0.3884122928626038,0.5201892289146486,0.45937210573959025
0.1966490687888398,0.008816112855536344,-0.5600021510349511
-2.188339652943444,-1.2665262527538954,-0.973885944987591
-1.5231144066444222,0.1936908844450461,0.3160481273078601
-4.067650837528052,-1.1566244441720694,-0.23779689710483434
-4.063398739374831,-0.7133705080318165,-1.8960106100940826
-5.398611984411458,-1.5188568488605263,1.424341360634964
-5.630127486937742,-0.8435394019091519,-0.008583035425387036
-4.6985256423355,0.3790154644597916,-0.3314610784330754
-4.848944202403946,0.10514663641804647,-0.9046298820827241
-2.5072930665671436,0.29108616478334304,-0.9086011229733484
-1.4851354539906398,0.9027455705438482,0.9341038038726168
-2.277024432478143,-0.06060607374010545,-0.9809394388777001
-2.98577580203225,-0.676848711981814,0.09944872702975784
-2.7405228349069453,-0.29721578528211134,0.6594175075155629
0.912204603117927,1.6273870413700007,1.916430660845645
-0.2078616629573356,0.01550461925043186,0.6280729155292678
0.14659353138756376,0.3008393119981751,-0.035543979190243234
0.1951397116744618,-0.11406422573976079,-0.4572617685607399
0.15482815900018104,0.2267243743918028,0.889372065743123
0.9446688381555849,0.4124878840824872,1.0439059502274242
0.6835329957798117,-0.027173079553742444,-0.44265502454534617
0.6790670288700651,-0.17278713819822586,0.6105468435269886
-1.073489773716659,-0.7982817799696394,-0.14369760838662038
-2.2370190647115664,-0.8626048820109273,-1.686521242221457
-0.7664177759218495,0.3879938125638983,-1.046413692527123
0.4498219873147997,0.7287136814599354,0.8411470639005992
0.9655297197086486,0.9030341156970406,1.4986090579948839
0.37440442703383925,0.035571287404802907,0.7053757558894472
-0.966680961091877,-0.8415158455980929,-0.21011368424475652
0.44033255589934495,0.6105508608782609,-0.7444566477548312
2.0616745882984473,0.5961484819594359,0.5577568332992092
-1.0452278835766047,-1.5178544435870545,0.34395172820801173
1.6628834615846988,0.7828530711365884,-1.681218971972077
1.9191270401010123,0.5630512660777094,0.6770060021095777
4.463283404808287,1.6445955318009635,-0.7349183462739384
1.3605797313832735,-1.1425522262505559,0.698344279432918
-0.023699243311811002,-1.295035998852177,0.558303354154615
1.6939956392104893,0.7669473694949446,0.7546725929699328
-1.4186932655240496,-1.808868830236149,1.1140404809054816
-2.217167293389825,-0.746010607596902,0.7328285620708094
-3.218440964512549,-1.1059008365645575,-1.0901414224087804
-4.345452872937356,-1.0267740936184886,-1.0578753954286788
-7.134656970793435,-1.917872426714035,1.0810468379366278
-5.496959004945808,-0.2529916448673407,0.49670085743436004
-3.16973272655643,0.9571146710444294,-1.6323219323519624
-2.8948966912802407,0.4253012587189654,-2.084963671876908
-2.3286766708886972,0.4296527807241283,0.9300367521567386
-2.52483878554684,-0.3706599837951657,2.3133719216161226
-0.022795321657307743,1.4285941667346742,0.8620755189271605
0.4883749425210532,0.5130068630089036,-0.24423687921083367
1.6804964404018712,1.0352050086588724,0.28050634678012704
-1.6602231153627525,-1.5575213702014579,-2.828253250623994
-0.5505618017701792,0.3324753342123278,-1.0346619100677745
-2.6967047643977864,-1.1505358816311275,1.0564668867073979
-0.6705961717775343,0.3378314946713926,0.898156332357861
-0.10375068553913469,0.18840168626296028,-2.207805125910652
-2.4844561938391028,-1.1319832783116746,1.232281008101371
-1.4880649030256743,0.16810542650639254,0.5591688855045999
-0.049209773707140414,1.1498834466001977,0.9769022626482755
0.529099246276807,0.49358563353028506,-0.20694513814567128
1.7635852229379656,0.5839364072581157,0.007602143792902422
-0.6989705489153718,-0.864396805847297,-1.116946285492455
-1.6572352732828657,-0.6808387692856258,0.33671129595538396
-2.939539260509326,-1.1117412752856146,0.9348941188848842
-2.42797606188399,0.12878969466068693,-0.9742362659018642
-0.07602092093375525,1.182692200464687,0.3841855024216996
0.6602151955086987,0.43184302568675575,-0.5492529925296089
0.588110504177465,-0.0034248074242209936,1.0872433194559101
-1.1086542560020498,-1.1165767561889064,1.0224074110353782
0.6949386232215281,0.44173526568562876,-2.4502804893865626
-0.003207600488228615,-0.2377470223320316,0.4741224606665683
-2.9336030491283105,-1.8976414820868277,1.0586367880855143
-5.089315542765816,-1.7217886308380819,-0.578971825502438
-4.980275647523365,-0.33776010772130827,-0.22136518586369025
-5.522820388611059,-0.8907063934042704,-0.15436727838762757
-2.7591620780418404,1.6460279172899572,-1.187741910139558
-3.151386381145265,0.03591098487716776,-0.11791444842706794
-5.09119742341517,-1.0325337328654607,1.6200151078549272
-5.38375677681509,-0.48446388988112,0.4992446552165796
-2.3069148771073604,1.5880379164126466,1.586752076795199
-4.564549681038369,-0.9419392946684394,1.035065737434756
-2.1125543230204955,0.7695557612894949,1.2518367668529706
-1.1485693723812143,0.4388665853173851,0.13091240011652536
0.5570706256867984,1.4652628189725065,0.8099439569844279
1.415915327279436,0.5318866803057821,2.1002217943852965
0.3924856915372027,-0.39721815566769636,1.534742697196371
1.3351328202493287,0.5285932428706047,0.34011868915030824
1.0318173382220486,0.07031619273942631,-0.7217455935489808
2.6724606492230736,0.9742986835932242,-0.9549883153627023
2.0200150089369906,-0.0568060731331449,0.2537528581669864
5.619562752450162,1.9751167680192672,0.46012695162139583
4.808342349982433,-0.09490149836452257,-1.9045817342802513
5.4502859263700545,0.4446973841138511,0.23222421906122503
4.075024334716929,-0.6460459528988749,0.36513287412683576
4.009285275552102,0.1337409126813979,0.318409458566481
4.279007106019871,0.03624649434957914,-0.5668580127420708
4.570141810583039,0.1791794986919268,2.398263544594866
6.024902412719627,0.9070638474008038,0.9107897718504723
