,windows_run_8,windows_run_0,windows_run_1,windows_run_3,windows_run_2,windows_run_6,windows_run_7,windows_run_5,windows_run_4,window_mean
0,1,1,1,1,1,1,1,1,1,1.0
1,2,2,2,2,2,2,2,2,2,2.0
2,3,3,3,3,3,3,3,3,3,3.0
3,4,4,4,4,4,4,4,4,4,4.0
4,5,5,5,5,5,5,5,5,5,5.0
5,6,6,6,6,6,6,6,6,6,6.0
6,7,7,7,7,7,7,7,7,7,7.0
7,8,8,8,8,8,8,8,8,8,8.0
8,9,9,9,9,9,9,9,9,9,9.0
9,10,10,10,10,10,10,10,10,10,10.0
10,11,11,11,11,11,11,11,11,11,11.0
11,12,12,12,12,12,12,12,12,12,12.0
12,13,13,13,13,13,13,13,13,13,13.0
13,14,14,14,14,14,14,14,14,14,14.0
14,15,15,15,15,15,15,15,15,15,15.0
15,16,16,16,16,16,16,16,16,16,16.0
16,17,17,17,17,17,17,17,17,17,17.0
17,18,18,18,18,18,18,18,18,18,18.0
18,19,19,19,19,19,19,19,19,19,19.0
19,20,20,20,20,20,20,20,20,20,20.0
20,21,21,21,21,21,21,21,21,21,21.0
21,22,22,22,22,22,22,22,22,22,22.0
22,23,23,23,23,23,23,23,23,23,23.0
23,24,24,24,24,24,24,24,24,24,24.0
24,25,25,25,25,25,25,25,25,25,25.0
25,26,26,26,26,26,26,26,26,26,26.0
26,27,27,27,27,27,27,27,27,27,27.0
27,28,28,28,28,28,28,28,28,28,28.0
28,29,29,29,29,29,29,29,29,29,29.0
29,30,30,30,30,30,30,30,30,30,30.0
30,31,31,31,31,31,31,31,31,31,31.0
31,32,32,32,32,32,32,32,32,32,32.0
32,33,33,33,33,33,33,33,33,33,33.0
33,34,34,34,34,34,34,34,34,34,34.0
34,35,35,35,35,35,35,35,35,35,35.0
35,36,36,36,36,36,36,36,36,36,36.0
36,37,37,37,37,37,37,37,37,37,37.0
37,38,38,38,38,38,38,38,38,38,38.0
38,39,39,39,39,39,39,39,39,39,39.0
39,40,40,40,40,40,40,40,40,40,40.0
40,41,41,41,41,41,41,41,41,41,41.0
41,42,42,42,42,42,42,42,42,42,42.0
42,43,43,43,43,43,43,43,43,43,43.0
43,44,44,44,44,44,44,44,44,44,44.0
44,45,45,45,45,45,45,45,45,45,45.0
45,46,46,46,46,46,46,46,46,46,46.0
46,47,47,47,47,47,47,47,47,47,47.0
47,48,48,48,48,48,48,48,48,48,48.0
48,49,49,49,49,49,49,49,49,49,49.0
49,50,50,50,50,50,50,50,50,50,50.0
50,51,51,51,51,51,51,51,51,51,51.0
51,52,52,52,52,52,52,52,52,52,52.0
52,53,53,53,53,53,53,53,53,53,53.0
53,54,54,54,54,54,54,54,54,54,54.0
54,55,55,55,55,55,55,55,55,55,55.0
55,56,56,56,56,56,56,56,56,56,56.0
56,57,57,57,57,57,57,57,57,57,57.0
57,58,58,58,58,58,58,58,58,58,58.0
58,59,59,59,59,59,59,59,59,59,59.0
59,60,60,60,60,60,60,60,60,60,60.0
60,61,61,61,61,61,61,61,61,61,61.0
61,62,62,62,62,62,62,62,62,62,62.0
62,63,63,63,63,63,63,63,63,63,63.0
63,64,64,64,64,64,64,64,64,64,64.0
64,65,65,65,65,65,65,65,65,65,65.0
65,66,66,66,66,66,66,66,66,66,66.0
66,67,67,67,67,67,67,67,67,67,67.0
67,68,68,68,68,68,68,68,68,68,68.0
68,69,69,69,69,69,69,69,69,69,69.0
69,70,70,70,70,70,70,70,70,70,70.0
70,71,71,71,71,71,71,71,71,71,71.0
71,72,72,72,72,72,72,72,72,72,72.0
72,73,73,73,73,73,73,73,73,73,73.0
73,74,74,74,74,74,74,74,74,74,74.0
74,75,75,75,75,75,75,75,75,75,75.0
75,76,76,76,76,76,76,76,76,76,76.0
76,77,77,77,77,77,77,77,77,77,77.0
77,78,78,78,78,78,78,78,78,78,78.0
78,79,79,79,79,79,79,79,79,79,79.0
79,80,80,80,80,80,80,80,80,80,80.0
80,81,81,81,81,81,81,81,81,81,81.0
81,82,82,82,82,82,82,82,82,82,82.0
82,83,83,83,83,83,83,83,83,83,83.0
83,84,84,84,84,84,84,84,84,84,84.0
84,85,85,85,85,85,85,85,85,85,85.0
85,86,86,86,86,86,86,86,86,86,86.0
86,87,87,87,87,87,87,87,87,87,87.0
87,88,88,88,88,88,88,88,88,88,88.0
88,89,89,89,89,89,89,89,89,89,89.0
89,90,90,90,90,90,90,90,90,90,90.0
90,91,91,91,91,91,91,91,91,91,91.0
91,92,92,92,92,92,92,92,92,92,92.0
92,93,93,93,93,93,93,93,93,93,93.0
93,94,94,94,94,94,94,94,94,94,94.0
94,95,95,95,95,95,95,95,95,95,95.0
95,96,96,96,96,96,96,96,96,96,96.0
96,97,97,97,97,97,97,97,97,97,97.0
97,98,98,98,98,98,98,98,98,98,98.0
98,99,99,99,99,99,99,99,99,99,99.0
99,100,100,100,100,100,100,100,100,100,100.0
100,101,101,101,101,101,101,101,101,101,101.0
101,102,102,102,102,102,102,102,102,102,102.0
102,103,103,103,103,103,103,103,103,103,103.0
103,104,104,104,104,104,104,104,104,104,104.0
104,105,105,105,105,105,105,105,105,105,105.0
105,106,106,106,106,106,106,106,106,106,106.0
106,107,107,107,107,107,107,107,107,107,107.0
107,108,108,108,108,108,108,108,108,108,108.0
108,109,109,109,109,109,109,109,109,109,109.0
109,110,110,110,110,110,110,110,110,110,110.0
110,111,111,111,111,111,111,111,111,111,111.0
111,112,112,112,112,112,112,112,112,112,112.0
112,113,113,113,113,113,113,113,113,113,113.0
113,114,114,114,114,114,114,114,114,114,114.0
114,115,115,115,115,115,115,115,115,115,115.0
115,116,116,116,116,116,116,116,116,116,116.0
116,117,117,117,117,117,117,117,117,117,117.0
117,118,118,118,118,118,118,118,118,118,118.0
118,119,119,119,119,119,119,119,119,119,119.0
119,120,120,120,120,120,120,120,120,120,120.0
120,121,121,121,121,121,121,121,121,121,121.0
121,122,122,122,122,122,122,122,122,122,122.0
122,123,123,123,123,123,123,123,123,123,123.0
123,124,124,124,124,124,124,124,124,124,124.0
124,125,125,125,125,125,125,125,125,125,125.0
125,126,126,126,126,126,126,126,126,126,126.0
126,127,127,127,127,127,127,127,127,127,127.0
127,128,128,128,128,128,128,128,128,128,128.0
128,129,129,129,129,129,129,129,129,129,129.0
129,130,130,130,130,130,130,130,130,130,130.0
130,131,131,131,131,131,131,131,131,131,131.0
131,132,132,132,132,132,132,132,132,132,132.0
132,133,133,133,133,133,133,133,133,133,133.0
133,134,134,134,134,134,134,134,134,134,134.0
134,135,135,135,135,135,135,135,135,135,135.0
135,136,136,136,136,136,136,136,136,136,136.0
136,137,137,137,137,137,137,137,137,137,137.0
137,138,138,138,138,138,138,138,138,138,138.0
138,139,139,139,139,139,139,139,139,139,139.0
139,140,140,140,140,140,140,140,140,140,140.0
140,141,141,141,141,141,141,141,141,141,141.0
141,142,142,142,142,142,142,142,142,142,142.0
142,143,143,143,143,143,143,143,143,143,143.0
143,144,144,144,144,144,144,144,144,144,144.0
144,145,145,145,145,145,145,145,145,145,145.0
145,146,146,146,146,146,146,146,146,146,146.0
146,147,147,147,147,147,147,147,147,147,147.0
147,148,148,148,148,148,148,148,148,148,148.0
148,149,149,149,149,149,149,149,149,149,149.0
149,150,150,150,150,150,150,150,150,150,150.0
150,151,151,151,151,151,151,150,150,150,150.66666666666666
151,152,152,152,152,152,152,152,152,152,152.0
152,153,153,153,153,153,153,153,153,153,153.0
153,154,154,150,154,154,154,154,154,154,153.55555555555554
154,150,155,155,155,155,155,155,155,155,154.44444444444446
155,156,156,156,156,156,156,156,156,156,156.0
156,157,157,157,157,157,157,157,157,157,157.0
157,158,158,158,158,158,158,158,158,158,158.0
158,150,159,159,159,159,150,159,159,159,157.0
159,160,160,160,150,160,160,160,160,160,158.88888888888889
160,161,161,161,161,161,161,150,161,161,159.77777777777777
161,150,162,162,162,162,162,162,162,162,160.66666666666666
162,163,150,163,150,163,163,150,163,163,158.66666666666666
163,164,150,164,164,164,164,150,164,164,160.88888888888889
164,165,150,165,165,165,165,165,150,165,161.66666666666666
165,166,166,166,166,166,166,166,166,166,166.0
166,167,167,167,167,167,150,167,167,167,165.11111111111111
167,168,168,168,168,168,168,168,168,168,168.0
168,169,169,169,169,150,169,169,169,169,166.88888888888889
169,170,170,170,170,170,170,170,170,170,170.0
170,171,171,150,171,171,171,171,171,171,168.66666666666666
171,172,172,172,172,172,172,172,172,172,172.0
172,150,173,173,173,173,173,173,173,173,170.44444444444446
173,174,174,174,174,174,174,174,174,174,174.0
174,175,175,175,175,175,175,175,175,175,175.0
175,176,176,176,176,176,176,176,176,176,176.0
176,177,177,177,177,177,177,177,177,177,177.0
177,178,178,178,178,178,178,178,178,178,178.0
178,179,179,179,179,179,179,179,179,179,179.0
179,180,180,180,180,180,180,180,180,180,180.0
180,181,181,181,150,181,181,181,181,181,177.55555555555554
181,182,182,182,182,182,182,182,182,182,182.0
182,183,150,183,183,183,183,183,183,183,179.33333333333334
183,184,184,184,184,184,184,184,184,184,184.0
184,185,185,185,185,185,185,185,185,185,185.0
185,186,186,186,186,186,186,186,186,186,186.0
186,187,187,150,187,187,187,187,187,187,182.88888888888889
187,188,188,188,188,188,188,188,188,188,188.0
188,189,189,189,189,189,189,189,189,189,189.0
189,190,190,190,190,190,190,190,190,190,190.0
190,191,191,191,191,191,191,191,191,191,191.0
191,192,192,192,192,192,192,150,192,192,187.33333333333334
192,193,193,193,193,193,193,193,193,193,193.0
193,194,194,194,194,194,194,194,194,194,194.0
194,195,195,195,195,195,195,195,195,195,195.0
195,196,196,196,196,196,196,196,196,196,196.0
196,197,197,197,197,197,197,197,197,197,197.0
197,198,150,198,198,198,198,198,198,198,192.66666666666666
198,199,199,199,199,199,199,199,199,199,199.0
199,200,200,200,200,200,200,200,200,200,200.0
200,201,201,201,201,201,201,150,150,201,189.66666666666666
201,202,202,202,202,202,202,202,202,150,196.22222222222223
202,203,150,203,203,203,150,203,203,203,191.22222222222223
203,204,204,204,150,204,150,204,204,150,186.0
204,205,205,205,205,205,205,205,205,205,205.0
205,206,206,206,206,206,206,206,206,150,199.77777777777777
206,150,150,207,207,150,207,150,150,207,175.33333333333334
207,150,150,150,150,208,208,208,150,150,169.33333333333334
208,209,209,150,150,209,209,209,209,209,195.88888888888889
209,150,210,210,210,210,210,210,150,150,190.0
210,211,211,150,211,150,211,211,211,211,197.44444444444446
211,212,212,212,212,212,212,212,212,212,212.0
212,213,213,150,213,213,213,150,150,213,192.0
213,214,214,214,214,214,214,214,214,214,214.0
214,215,215,215,215,215,150,150,215,215,200.55555555555554
215,216,150,150,216,216,216,216,216,216,201.33333333333334
216,217,217,217,150,217,217,217,217,217,209.55555555555554
217,218,218,218,218,218,218,150,218,218,210.44444444444446
218,219,219,219,150,150,150,219,219,219,196.0
219,220,150,150,220,220,220,220,150,150,188.88888888888889
220,221,221,221,150,221,221,221,150,150,197.33333333333334
221,222,222,222,222,222,222,150,222,222,214.0
222,223,223,223,223,223,223,223,150,223,214.88888888888889
223,224,224,224,224,224,224,224,224,150,215.77777777777777
224,225,225,225,225,225,225,150,150,150,200.0
225,150,226,226,226,225,226,226,226,150,209.0
226,150,150,227,225,227,225,227,227,227,209.44444444444446
227,150,228,228,228,228,228,225,228,228,219.0
228,229,229,229,229,229,229,229,150,229,220.22222222222223
229,230,230,225,230,230,230,230,225,230,228.88888888888889
230,231,231,231,231,231,231,231,231,231,231.0
231,232,232,232,232,232,232,232,232,232,232.0
232,225,150,150,233,233,233,225,233,225,211.88888888888889
233,150,225,234,150,150,150,225,150,150,176.0
234,225,150,150,150,150,150,150,225,235,176.11111111111111
235,236,236,225,225,236,236,236,225,236,232.33333333333334
236,225,237,150,150,150,237,150,237,150,187.33333333333334
237,225,150,150,238,238,225,225,225,238,212.66666666666666
238,239,239,225,150,239,225,239,239,225,224.44444444444446
239,240,240,150,240,240,150,150,225,225,206.66666666666666
240,241,241,241,150,225,241,150,150,225,207.11111111111111
241,225,225,150,242,242,242,150,242,150,207.55555555555554
242,150,243,243,150,225,243,150,150,225,197.66666666666666
243,244,225,150,244,244,244,150,225,244,218.88888888888889
244,225,245,245,245,245,150,245,245,245,232.22222222222223
245,246,246,225,246,225,246,150,246,246,230.66666666666666
246,247,247,150,247,225,247,225,225,247,228.88888888888889
247,248,248,248,225,248,248,248,248,225,242.88888888888889
248,249,225,225,249,150,249,249,225,249,230.0
249,225,250,250,250,225,225,250,225,250,238.88888888888889
250,251,251,251,251,251,150,251,225,225,234.0
251,225,225,225,225,252,150,252,252,252,228.66666666666666
252,225,225,253,253,253,253,225,253,150,232.22222222222223
253,150,254,254,225,254,225,225,254,254,232.77777777777777
254,225,225,150,255,255,225,255,150,225,218.33333333333334
255,256,225,225,256,256,225,225,225,256,238.77777777777777
256,257,225,257,257,225,257,257,225,257,246.33333333333334
257,150,225,258,258,258,258,258,225,258,238.66666666666666
258,259,259,259,259,259,259,259,259,259,259.0
259,225,225,225,225,225,225,225,225,225,225.0
260,225,225,225,225,225,225,225,225,225,225.0
261,225,262,225,225,225,225,262,225,225,233.22222222222223
262,225,263,263,263,263,225,263,263,263,254.55555555555554
263,264,225,264,264,264,225,264,264,264,255.33333333333334
264,265,265,265,265,225,265,150,265,225,243.33333333333334
265,225,266,266,225,266,266,225,266,225,247.77777777777777
266,267,225,267,150,225,225,267,150,267,227.0
267,225,268,268,268,268,268,268,225,268,258.44444444444446
268,269,269,269,269,269,225,269,269,269,264.1111111111111
269,270,270,225,225,270,270,270,150,270,246.66666666666666
270,271,271,271,225,225,271,271,150,271,247.33333333333334
271,150,272,225,225,272,272,272,272,225,242.77777777777777
272,273,273,273,273,273,273,225,150,225,248.66666666666666
273,274,274,274,274,274,225,150,225,274,249.33333333333334
274,275,225,275,225,275,275,225,275,275,258.3333333333333
275,225,276,276,276,276,225,276,276,276,264.6666666666667
276,277,225,277,225,277,277,277,225,225,253.88888888888889
277,278,278,278,278,150,150,278,225,278,243.66666666666666
278,279,150,150,150,225,279,279,150,279,215.66666666666666
279,225,280,225,225,225,150,280,280,280,241.11111111111111
280,225,281,225,225,225,150,225,281,281,235.33333333333334
281,282,282,282,282,225,225,282,282,225,263.0
282,225,225,150,283,225,150,225,283,225,221.22222222222223
283,150,150,150,225,284,150,225,225,284,204.77777777777777
284,285,150,225,150,150,225,285,225,285,220.0
285,150,225,150,286,286,286,225,286,150,227.11111111111111
286,150,225,150,287,287,287,287,225,287,242.77777777777777
287,288,225,288,150,150,150,288,288,150,219.66666666666666
288,289,225,289,225,289,289,225,225,225,253.44444444444446
289,290,225,290,290,150,290,290,290,150,251.66666666666666
290,225,150,225,150,150,291,291,291,150,213.66666666666666
291,292,150,292,150,225,292,150,292,292,237.22222222222223
292,150,225,293,293,293,150,293,293,293,253.66666666666666
293,150,294,150,225,294,150,294,294,294,238.33333333333334
294,150,150,150,150,295,150,295,295,295,214.44444444444446
295,296,296,150,296,150,150,296,150,296,231.11111111111111
296,150,150,297,150,150,150,297,297,297,215.33333333333334
297,150,298,298,225,298,298,298,225,298,265.3333333333333
298,299,225,299,299,225,299,150,225,299,257.77777777777777
299,300,225,225,300,300,300,300,225,300,275.0
300,150,301,300,225,150,300,225,150,300,233.44444444444446
301,302,302,302,302,300,225,300,225,300,284.22222222222223
302,300,303,150,300,300,303,303,150,303,268.0
303,225,300,225,304,304,150,304,225,225,251.33333333333334
304,300,305,300,225,300,225,300,300,300,283.8888888888889
305,150,306,306,150,306,300,306,300,150,252.66666666666666
306,225,307,307,300,300,225,225,307,300,277.3333333333333
307,150,225,150,150,308,300,308,308,150,227.66666666666666
308,309,300,150,225,300,309,309,300,309,279.0
309,150,300,150,310,310,300,300,300,150,252.22222222222223
310,150,300,150,300,311,300,311,300,300,269.1111111111111
311,300,300,150,300,300,300,225,312,150,259.6666666666667
312,313,300,300,150,225,150,313,313,225,254.33333333333334
313,225,150,150,314,150,150,300,225,225,209.88888888888889
314,150,300,315,300,300,150,300,225,300,260.0
315,300,300,150,225,225,225,225,150,225,225.0
316,150,150,317,225,317,150,317,225,150,222.33333333333334
317,150,225,318,150,150,150,225,225,225,202.0
318,225,150,300,225,319,225,150,300,225,235.44444444444446
319,150,320,320,320,320,150,320,320,320,282.22222222222223
320,300,150,300,300,150,300,225,321,150,244.0
321,322,322,150,322,322,225,322,300,322,289.6666666666667
322,323,150,323,150,150,323,300,323,323,262.77777777777777
323,225,225,324,300,300,150,225,150,225,236.0
324,325,225,150,325,325,225,325,150,225,252.77777777777777
325,300,150,300,300,300,225,150,326,326,264.1111111111111
326,327,327,300,225,327,327,327,300,327,309.6666666666667
327,328,328,328,328,300,328,150,150,328,285.3333333333333
328,329,329,329,300,329,300,150,300,329,299.44444444444446
329,225,330,225,225,300,330,225,300,300,273.3333333333333
330,300,331,225,331,331,150,300,331,225,280.44444444444446
331,300,332,225,332,332,332,332,332,332,316.55555555555554
332,300,333,333,300,333,333,333,300,225,310.0
333,334,334,300,334,300,334,300,334,300,318.8888888888889
334,300,300,335,300,225,300,300,335,335,303.3333333333333
335,225,336,336,336,300,300,300,300,336,307.6666666666667
336,337,150,300,337,337,300,337,337,337,308.0
337,338,338,338,225,300,225,338,300,338,304.44444444444446
338,300,150,339,339,300,339,339,339,339,309.3333333333333
339,150,340,340,300,340,340,225,340,340,301.6666666666667
340,341,341,341,225,341,341,341,300,341,323.55555555555554
341,342,342,300,342,342,150,300,342,342,311.3333333333333
342,225,343,150,343,300,343,343,225,300,285.77777777777777
343,344,344,344,344,344,300,225,344,300,321.0
344,225,225,300,225,345,345,150,345,225,265.0
345,346,346,225,225,346,346,225,225,346,292.22222222222223
346,225,347,225,347,347,347,347,347,347,319.8888888888889
347,348,225,225,225,225,348,348,150,348,271.3333333333333
348,349,349,349,349,349,300,225,349,349,329.77777777777777
349,225,350,350,150,350,150,350,350,350,291.6666666666667
350,351,351,351,351,351,351,225,351,351,337.0
351,300,352,300,352,352,352,352,352,150,318.0
352,353,225,300,353,353,353,353,353,225,318.6666666666667
353,354,225,354,225,225,354,354,150,354,288.3333333333333
354,355,355,355,300,355,150,355,355,355,326.1111111111111
355,356,356,356,150,225,356,356,300,356,312.3333333333333
356,300,150,300,150,300,150,150,357,357,246.0
357,150,300,300,225,358,358,358,358,358,307.22222222222223
358,150,150,300,150,359,300,359,225,359,261.3333333333333
359,300,360,360,360,360,360,360,360,360,353.3333333333333
360,150,225,300,361,225,300,225,300,150,248.44444444444446
361,300,362,225,150,362,362,300,362,225,294.22222222222223
362,300,225,363,363,363,363,363,363,225,325.3333333333333
363,150,225,150,364,364,225,364,225,364,270.1111111111111
364,150,150,150,365,225,225,300,365,365,255.0
365,225,366,366,366,366,366,366,366,366,350.3333333333333
366,367,225,150,300,367,225,225,225,225,256.55555555555554
367,368,225,368,225,225,368,225,300,368,296.8888888888889
368,225,225,225,369,225,150,225,369,225,248.66666666666666
369,300,370,370,225,225,370,300,370,370,322.22222222222223
370,225,150,225,371,225,225,225,371,300,257.44444444444446
371,150,150,372,372,225,372,300,372,300,290.3333333333333
372,373,150,373,373,225,373,373,373,373,331.77777777777777
373,374,374,225,150,300,374,374,225,374,307.77777777777777
374,300,375,150,300,375,225,375,375,150,291.6666666666667
375,376,376,150,225,376,300,375,225,150,283.6666666666667
376,377,377,377,375,225,377,377,225,375,342.77777777777777
377,150,378,150,225,375,378,150,375,300,275.6666666666667
378,300,150,150,300,375,225,300,150,300,250.0
379,375,150,150,225,225,225,380,150,375,250.55555555555554
380,375,375,225,375,225,225,225,150,225,266.6666666666667
381,375,375,225,382,225,382,150,225,375,301.55555555555554
382,300,150,150,383,300,225,225,225,375,259.22222222222223
383,225,384,300,375,375,375,375,375,225,334.3333333333333
384,385,375,385,300,375,225,375,385,300,345.0
385,225,300,225,300,225,375,225,386,300,284.55555555555554
386,150,387,300,150,375,387,375,387,375,320.6666666666667
387,388,375,225,225,300,388,375,300,375,327.8888888888889
388,375,300,375,300,375,375,375,375,375,358.3333333333333
389,300,300,300,300,390,375,390,225,390,330.0
390,300,375,391,391,300,391,391,225,300,340.44444444444446
391,225,225,392,375,392,225,225,225,392,297.3333333333333
392,375,225,300,225,393,375,393,225,225,304.0
393,394,225,225,150,150,394,375,225,375,279.22222222222223
394,225,375,225,375,225,375,225,375,395,310.55555555555554
395,396,375,375,300,396,375,225,375,396,357.0
396,375,300,225,375,375,225,225,225,375,300.0
397,300,375,375,375,150,398,375,398,398,349.3333333333333
398,300,399,375,399,375,399,225,375,375,358.0
399,400,400,300,400,225,400,400,225,150,322.22222222222223
400,375,375,225,401,401,375,150,401,401,344.8888888888889
401,375,402,402,402,402,375,225,225,402,356.6666666666667
402,375,403,375,150,300,225,375,375,225,311.44444444444446
403,375,225,225,225,225,225,300,404,225,269.8888888888889
404,300,375,405,405,150,375,405,405,225,338.3333333333333
405,406,406,406,406,375,406,375,225,375,375.55555555555554
406,407,407,150,407,225,407,407,375,300,342.77777777777777
407,225,375,375,408,375,408,408,408,225,356.3333333333333
408,409,375,409,225,409,375,375,375,409,373.44444444444446
409,410,410,375,300,225,375,225,410,375,345.0
410,225,411,300,411,300,150,411,411,411,336.6666666666667
411,225,300,225,375,412,412,412,375,225,329.0
412,225,413,300,375,413,413,300,413,413,362.77777777777777
413,300,300,150,375,414,150,414,414,375,321.3333333333333
414,415,375,300,300,300,415,415,300,415,359.44444444444446
415,300,300,375,416,300,375,416,416,300,355.3333333333333
416,375,300,375,300,225,225,300,417,375,321.3333333333333
417,375,418,375,300,300,300,418,300,375,351.22222222222223
418,300,375,300,375,300,419,375,225,150,313.22222222222223
419,375,300,300,420,420,420,420,420,300,375.0
420,150,300,421,225,421,421,421,300,300,328.77777777777777
421,300,300,300,375,375,375,150,300,300,308.3333333333333
422,225,423,375,423,423,375,375,375,300,366.0
423,225,300,424,300,424,375,375,375,424,358.0
424,425,300,300,375,375,375,425,300,300,352.77777777777777
425,300,375,300,426,426,300,426,300,375,358.6666666666667
426,375,225,375,427,427,427,427,427,427,393.0
427,150,225,300,375,375,428,428,300,428,334.3333333333333
428,225,429,300,375,429,375,300,225,225,320.3333333333333
429,300,430,375,225,375,375,375,300,375,347.77777777777777
430,431,375,431,431,431,375,431,300,300,389.44444444444446
431,300,432,432,225,225,432,300,432,300,342.0
432,375,433,375,433,433,433,225,433,375,390.55555555555554
433,300,434,300,225,434,300,375,434,300,344.6666666666667
434,300,435,435,225,435,375,375,300,300,353.3333333333333
435,150,375,150,300,436,375,375,300,375,315.1111111111111
436,437,150,225,225,437,437,437,300,437,342.77777777777777
437,375,225,375,225,438,375,300,225,438,330.6666666666667
438,439,150,439,375,439,300,150,300,439,336.77777777777777
439,440,440,300,375,375,440,375,300,375,380.0
440,300,300,441,300,441,375,375,300,441,363.6666666666667
441,442,442,300,442,442,300,375,300,442,387.22222222222223
442,300,300,375,225,225,300,443,443,225,315.1111111111111
443,225,300,300,444,300,444,444,300,300,339.6666666666667
444,300,225,445,300,300,300,375,300,300,316.1111111111111
445,446,446,225,375,446,300,446,446,446,397.3333333333333
446,447,447,150,447,375,300,225,300,447,348.6666666666667
447,375,375,375,225,448,448,225,448,375,366.0
448,449,375,375,225,449,449,300,449,449,391.1111111111111
449,450,375,450,225,450,225,450,450,450,391.6666666666667
450,375,451,450,375,450,450,375,450,375,416.77777777777777
451,375,375,225,450,300,300,225,375,450,341.6666666666667
452,300,375,225,450,450,225,300,375,450,350.0
453,450,450,450,450,450,300,375,300,450,408.3333333333333
454,300,300,225,375,300,450,450,300,300,333.3333333333333
455,225,300,300,450,375,300,456,300,456,351.3333333333333
456,375,300,225,300,300,375,300,150,457,309.1111111111111
457,375,458,225,458,450,300,225,300,300,343.44444444444446
458,225,375,300,450,300,300,450,450,375,358.3333333333333
459,460,300,375,375,150,150,450,450,460,352.22222222222223
460,300,225,450,450,461,225,461,461,300,370.3333333333333
461,450,300,450,450,300,450,462,300,225,376.3333333333333
462,450,300,300,463,450,375,463,463,450,412.6666666666667
463,375,300,464,450,450,375,300,375,375,384.8888888888889
464,375,225,300,465,450,300,450,300,450,368.3333333333333
465,375,300,300,300,466,450,300,375,450,368.44444444444446
466,375,467,300,375,450,467,375,375,300,387.1111111111111
467,468,450,375,300,468,468,300,450,300,397.6666666666667
468,450,300,300,300,300,469,469,300,150,337.55555555555554
469,470,375,300,450,300,375,450,300,470,387.77777777777777
470,471,225,375,471,450,450,471,450,375,415.3333333333333
471,225,450,472,472,450,300,450,450,225,388.22222222222223
472,450,473,473,450,450,225,473,450,300,416.0
473,450,474,474,375,474,450,450,474,474,455.0
474,375,450,475,450,475,450,450,475,300,433.3333333333333
475,476,476,450,476,450,150,300,450,375,400.3333333333333
476,450,477,477,150,450,477,450,477,300,412.0
477,478,450,450,478,478,225,478,450,150,404.1111111111111
478,150,450,300,375,150,450,225,375,450,325.0
479,150,480,375,300,450,480,480,480,480,408.3333333333333
480,481,225,450,150,225,300,450,375,450,345.1111111111111
481,450,482,482,150,225,482,225,150,450,344.0
482,375,300,375,450,300,450,483,225,300,362.0
483,450,484,484,484,300,300,450,484,375,423.44444444444446
484,485,375,375,300,485,300,375,450,485,403.3333333333333
485,300,450,450,375,375,450,375,300,375,383.3333333333333
486,450,487,450,375,225,450,375,450,487,416.55555555555554
487,450,488,488,450,375,375,375,488,225,412.6666666666667
488,489,375,489,489,375,225,489,489,450,430.0
489,490,150,150,490,450,375,375,450,450,375.55555555555554
490,491,491,375,491,375,450,375,491,491,447.77777777777777
491,450,492,375,375,450,375,150,450,450,396.3333333333333
492,375,493,375,375,493,493,375,375,493,427.44444444444446
493,375,494,375,494,375,450,450,450,450,434.77777777777777
494,375,225,375,375,495,450,375,450,375,388.3333333333333
495,496,375,496,496,450,450,375,375,375,432.0
496,497,375,497,375,375,497,375,450,497,437.55555555555554
497,498,450,300,498,300,300,498,375,498,413.0
498,450,375,499,499,499,450,499,499,375,460.55555555555554
499,375,375,375,500,375,500,500,500,375,430.55555555555554
500,375,375,501,450,501,450,300,501,375,425.3333333333333
501,375,502,375,502,450,450,450,375,300,419.8888888888889
502,300,450,450,503,375,300,503,450,450,420.1111111111111
503,375,375,300,450,375,375,375,450,504,397.6666666666667
504,505,505,505,505,150,150,375,450,505,405.55555555555554
505,450,450,450,450,375,375,375,300,506,414.55555555555554
506,375,507,450,375,300,375,450,375,450,406.3333333333333
507,508,508,450,508,225,450,450,300,450,427.6666666666667
508,509,375,509,509,509,450,450,509,450,474.44444444444446
509,150,375,225,375,450,510,510,450,225,363.3333333333333
510,375,511,450,225,511,511,225,375,225,378.6666666666667
511,375,225,300,512,300,450,375,512,225,363.77777777777777
512,450,300,375,375,513,450,513,513,375,429.3333333333333
513,450,300,514,225,375,300,514,150,450,364.22222222222223
514,515,300,375,375,515,375,375,375,300,389.44444444444446
515,450,450,375,375,375,375,375,375,375,391.6666666666667
516,375,375,375,517,375,375,375,375,375,390.77777777777777
517,225,375,375,518,375,450,375,518,375,398.44444444444446
518,375,375,519,375,225,375,519,519,375,406.3333333333333
519,375,375,375,450,520,375,375,375,225,382.77777777777777
520,450,375,375,375,225,450,375,450,300,375.0
521,375,450,225,522,522,450,522,450,375,432.3333333333333
522,450,523,523,450,523,523,523,523,375,490.3333333333333
523,524,524,375,450,524,450,450,524,375,466.22222222222223
524,450,450,525,450,375,450,225,300,525,416.6666666666667
525,450,525,525,375,450,375,450,375,450,441.6666666666667
526,525,450,375,375,450,375,375,450,375,416.6666666666667
527,525,450,450,225,375,450,450,375,525,425.0
528,225,450,450,450,225,225,529,450,525,392.1111111111111
529,375,450,375,375,530,375,450,375,525,425.55555555555554
530,450,450,531,150,450,450,225,225,375,367.3333333333333
531,375,375,450,450,450,225,375,375,375,383.3333333333333
532,375,375,375,450,375,375,450,450,450,408.3333333333333
533,534,450,225,450,375,450,225,450,225,376.0
534,535,225,375,450,225,375,375,450,375,376.1111111111111
535,450,450,536,375,450,225,375,375,150,376.22222222222223
536,537,375,375,450,375,450,450,537,450,444.3333333333333
537,375,450,450,375,450,225,450,450,375,400.0
538,450,450,450,450,525,375,450,450,225,425.0
539,300,375,450,225,225,450,375,375,450,358.3333333333333
540,300,450,450,375,541,541,375,541,450,447.0
541,525,525,450,450,375,375,300,375,375,416.6666666666667
542,375,543,525,450,543,525,375,543,543,491.3333333333333
543,525,525,544,544,544,375,544,375,544,502.22222222222223
544,375,525,300,525,375,545,545,525,375,454.44444444444446
545,546,546,525,450,546,546,300,150,375,442.6666666666667
546,225,375,375,450,547,525,547,150,547,415.6666666666667
547,150,150,450,375,525,300,150,300,150,283.3333333333333
548,549,525,549,375,150,525,375,150,450,405.3333333333333
549,150,550,550,525,525,525,150,450,525,438.8888888888889
550,450,525,300,551,375,525,525,551,525,480.77777777777777
551,525,552,150,150,525,150,150,150,552,322.6666666666667
552,150,300,553,225,553,150,300,450,150,314.55555555555554
553,150,150,150,150,525,225,554,150,225,253.22222222222223
554,525,225,150,450,150,150,150,555,525,320.0
555,150,150,225,525,150,225,450,450,450,308.3333333333333
556,225,525,450,225,557,225,150,557,150,340.44444444444446
557,150,150,450,525,558,225,375,558,558,394.3333333333333
558,450,150,375,375,525,559,559,559,525,453.0
559,560,450,525,525,450,525,525,560,525,516.1111111111111
560,225,375,561,561,525,561,561,375,525,474.3333333333333
561,562,525,562,525,525,562,525,525,525,537.3333333333334
562,525,450,525,450,563,450,525,375,525,487.55555555555554
563,150,564,564,225,525,450,525,300,564,429.6666666666667
564,565,450,450,225,450,525,525,525,450,462.77777777777777
565,525,566,450,225,375,150,566,225,525,400.77777777777777
566,375,450,567,225,225,567,525,525,450,434.3333333333333
567,450,450,525,450,525,568,525,568,568,514.3333333333334
568,525,450,569,450,569,225,150,569,450,439.6666666666667
569,150,450,450,450,450,450,450,570,450,430.0
570,375,450,450,150,571,450,571,375,571,440.3333333333333
571,450,450,525,572,450,572,450,525,572,507.3333333333333
572,450,450,150,450,450,573,525,573,573,466.0
573,574,450,375,574,450,574,375,574,450,488.44444444444446
574,575,450,525,375,150,450,375,225,450,397.22222222222223
575,525,300,525,576,150,525,225,576,576,442.0
576,577,225,525,300,525,577,525,150,150,394.8888888888889
577,150,578,150,450,150,150,375,578,525,345.1111111111111
578,150,150,150,579,450,375,450,450,579,370.3333333333333
579,150,150,150,450,150,450,580,150,450,297.77777777777777
580,450,150,450,450,450,450,225,225,450,366.6666666666667
581,150,150,150,450,525,450,150,150,450,291.6666666666667
582,450,225,375,150,450,375,450,300,450,358.3333333333333
583,450,450,150,150,150,450,450,450,450,350.0
584,375,450,300,300,450,450,450,450,450,408.3333333333333
585,225,450,300,375,450,375,450,300,375,366.6666666666667
586,225,150,225,450,375,450,450,150,450,325.0
587,450,450,150,450,225,450,150,150,450,325.0
588,375,450,150,375,450,150,375,450,225,333.3333333333333
589,375,375,450,150,225,375,375,375,375,341.6666666666667
590,450,450,375,225,375,150,225,375,375,333.3333333333333
591,450,150,150,375,150,150,150,225,150,216.66666666666666
592,225,450,450,150,450,300,450,375,450,366.6666666666667
593,375,375,375,450,150,375,300,375,450,358.3333333333333
594,375,375,375,450,375,225,450,150,150,325.0
595,375,300,375,375,375,150,225,375,225,308.3333333333333
596,450,375,525,375,300,300,375,450,450,400.0
597,375,225,300,150,300,300,375,225,450,300.0
598,375,225,150,300,225,300,225,375,300,275.0
599,300,375,150,375,225,150,150,150,225,233.33333333333334
600,150,300,150,150,300,150,300,300,300,233.33333333333334
601,375,375,150,225,150,150,300,375,150,250.0
602,225,150,150,150,150,375,150,150,375,208.33333333333334
603,300,225,300,150,300,300,150,225,375,258.3333333333333
604,150,225,150,300,150,375,225,225,150,216.66666666666666
605,225,150,375,150,150,375,150,150,150,208.33333333333334
606,375,150,300,150,375,300,375,150,150,258.3333333333333
607,375,150,150,375,150,300,375,300,450,291.6666666666667
608,450,450,150,450,150,150,150,375,150,275.0
609,150,150,300,150,375,375,375,450,450,308.3333333333333
610,375,300,150,150,375,300,150,150,150,233.33333333333334
611,150,300,150,150,150,150,375,150,225,200.0
612,375,225,150,150,150,375,225,150,300,233.33333333333334
613,150,225,150,300,300,150,450,450,225,266.6666666666667
614,150,225,225,150,150,300,225,150,450,225.0
615,225,375,150,225,225,225,375,150,375,258.3333333333333
616,150,375,300,150,225,225,225,375,450,275.0
617,375,150,150,225,300,225,225,300,300,250.0
618,150,300,150,225,300,150,150,450,225,233.33333333333334
619,225,225,150,375,450,225,225,225,150,250.0
620,150,150,150,375,225,375,150,225,375,241.66666666666666
621,375,225,225,225,225,225,450,150,225,258.3333333333333
622,300,150,150,300,150,375,450,225,450,283.3333333333333
623,375,150,450,450,375,375,225,450,225,341.6666666666667
624,150,375,225,375,300,375,300,450,375,325.0
625,225,225,225,150,150,450,225,375,225,250.0
626,300,225,450,375,150,375,150,150,150,258.3333333333333
627,450,375,450,150,150,225,225,150,150,258.3333333333333
628,150,450,150,450,375,150,150,150,150,241.66666666666666
629,150,150,225,225,150,150,150,300,150,183.33333333333334
630,150,150,150,150,225,225,375,150,150,191.66666666666666
631,150,150,150,150,150,300,375,375,150,216.66666666666666
632,225,150,150,150,225,300,450,375,150,241.66666666666666
633,150,225,150,375,150,375,150,150,150,208.33333333333334
634,375,225,300,300,150,225,150,150,225,233.33333333333334
635,225,450,150,225,300,300,150,225,450,275.0
636,150,225,300,150,300,375,450,375,450,308.3333333333333
637,150,375,150,150,150,225,150,150,225,191.66666666666666
638,225,150,300,375,150,300,300,225,225,250.0
639,150,300,375,450,375,300,225,225,450,316.6666666666667
640,150,450,450,375,150,450,450,375,150,333.3333333333333
641,375,150,150,375,300,450,450,225,450,325.0
642,150,450,375,375,150,300,450,300,150,300.0
643,450,375,225,450,375,300,300,525,375,375.0
644,375,225,225,375,225,150,300,300,225,266.6666666666667
645,300,300,300,150,300,150,300,150,150,233.33333333333334
646,450,150,375,225,150,450,450,150,375,308.3333333333333
647,225,150,150,150,150,225,450,150,150,200.0
648,375,150,150,150,450,450,300,150,300,275.0
649,300,375,300,300,375,225,375,450,375,341.6666666666667
650,375,225,375,150,300,150,225,150,375,258.3333333333333
651,150,225,450,225,150,450,150,300,300,266.6666666666667
652,150,150,150,150,225,300,300,150,150,191.66666666666666
653,150,450,225,225,225,225,375,225,150,250.0
654,150,375,150,300,300,450,225,300,300,283.3333333333333
655,225,150,450,450,150,150,225,225,225,250.0
656,225,150,225,375,225,150,300,150,150,216.66666666666666
657,150,225,150,225,150,225,225,225,150,191.66666666666666
658,225,375,225,225,225,225,225,150,150,225.0
659,150,150,150,150,150,150,150,150,150,150.0
660,150,225,225,150,150,150,150,150,225,175.0
661,225,150,150,225,225,150,150,225,150,183.33333333333334
662,150,150,150,375,150,150,225,225,150,191.66666666666666
663,375,150,150,150,150,375,300,150,150,216.66666666666666
664,150,150,225,150,150,150,150,300,225,183.33333333333334
665,150,225,225,225,225,150,225,225,150,200.0
666,225,150,375,150,150,150,150,225,150,191.66666666666666
667,225,225,150,150,150,150,225,150,150,175.0
668,225,150,150,150,300,225,150,150,225,191.66666666666666
669,225,225,300,300,150,150,225,225,225,225.0
670,300,225,150,300,225,225,450,300,150,258.3333333333333
671,150,300,150,150,150,150,375,150,225,200.0
672,300,450,300,375,300,225,375,375,225,325.0
673,375,300,525,375,225,150,300,225,300,308.3333333333333
674,150,150,300,225,375,375,450,375,450,316.6666666666667
675,375,300,225,525,300,450,300,225,450,350.0
676,450,375,450,375,450,225,150,450,375,366.6666666666667
677,150,450,225,450,300,150,150,375,375,291.6666666666667
678,375,375,450,450,525,450,450,225,300,400.0
679,225,525,300,225,375,450,225,225,450,333.3333333333333
680,225,375,225,225,150,375,225,525,225,283.3333333333333
681,150,225,225,450,225,225,225,150,300,241.66666666666666
682,300,225,225,150,225,525,225,150,225,250.0
683,225,375,150,150,225,450,225,150,225,241.66666666666666
684,225,225,150,225,225,225,225,300,450,250.0
685,375,150,450,225,525,225,225,225,150,283.3333333333333
686,300,225,225,225,525,300,225,150,300,275.0
687,375,225,150,375,225,450,150,225,450,291.6666666666667
688,450,300,300,300,300,225,300,225,150,283.3333333333333
689,150,150,225,300,150,225,150,225,225,200.0
690,375,150,300,150,225,450,300,225,225,266.6666666666667
691,300,150,300,225,375,225,150,150,150,225.0
692,300,150,225,225,300,150,375,225,150,233.33333333333334
693,150,150,150,225,150,300,150,225,225,191.66666666666666
694,300,450,225,225,300,225,375,225,150,275.0
695,300,150,150,225,450,225,150,300,225,241.66666666666666
696,150,225,225,525,225,150,450,225,300,275.0
697,225,150,150,225,150,300,150,225,225,200.0
698,225,225,225,225,225,375,450,225,225,266.6666666666667
699,300,300,225,300,150,225,225,300,225,250.0
700,225,225,225,150,150,225,225,225,225,208.33333333333334
701,150,225,300,150,150,150,225,150,225,191.66666666666666
702,225,150,225,150,150,225,150,150,225,183.33333333333334
703,225,225,150,300,150,150,225,225,150,200.0
704,150,150,225,225,150,150,150,150,225,175.0
705,300,225,150,150,150,225,150,150,150,183.33333333333334
706,225,150,150,225,150,150,300,225,150,191.66666666666666
707,150,300,150,225,225,225,375,150,300,233.33333333333334
708,150,150,375,150,150,150,150,225,375,208.33333333333334
709,150,150,150,225,375,225,150,300,150,208.33333333333334
710,150,150,150,150,300,150,150,150,300,183.33333333333334
711,225,150,225,150,150,225,150,150,150,175.0
712,300,300,150,225,150,225,300,150,150,216.66666666666666
713,150,150,225,150,150,150,150,225,150,166.66666666666666
714,150,150,150,150,150,150,225,150,150,158.33333333333334
715,150,300,375,150,300,150,150,150,225,216.66666666666666
716,225,150,225,150,150,150,150,150,225,175.0
717,150,225,150,225,150,225,150,225,225,191.66666666666666
718,225,150,225,225,150,225,150,225,150,191.66666666666666
719,225,150,225,150,150,150,150,150,150,166.66666666666666
720,225,150,225,225,225,225,450,225,150,233.33333333333334
721,300,225,300,150,225,150,300,150,150,216.66666666666666
722,150,150,225,300,225,150,225,225,450,233.33333333333334
723,225,225,225,150,150,225,225,300,225,216.66666666666666
724,150,225,300,150,150,300,300,225,225,225.0
725,225,225,150,225,225,225,225,225,300,225.0
726,150,150,225,225,150,300,375,225,225,225.0
727,225,300,225,300,225,150,225,300,450,266.6666666666667
728,300,225,300,225,225,150,225,150,225,225.0
729,225,225,225,225,225,225,225,375,225,241.66666666666666
730,225,225,225,225,225,525,150,225,225,250.0
731,225,300,225,225,225,225,300,225,225,241.66666666666666
732,225,225,225,225,225,225,300,225,300,241.66666666666666
733,225,225,225,300,225,150,150,225,225,216.66666666666666
734,300,225,150,225,150,225,225,150,225,208.33333333333334
735,225,225,225,225,150,300,225,150,225,216.66666666666666
736,225,300,225,225,225,225,150,150,300,225.0
737,225,150,225,225,225,150,150,225,225,200.0
738,225,225,225,225,225,150,225,225,225,216.66666666666666
739,225,300,150,225,225,300,225,150,225,225.0
740,225,300,225,225,225,225,225,225,225,233.33333333333334
741,225,225,225,225,150,225,225,225,150,208.33333333333334
742,150,225,225,375,225,300,225,300,225,250.0
743,225,300,225,225,225,225,300,225,150,233.33333333333334
744,225,150,225,150,150,150,150,225,225,183.33333333333334
745,150,225,150,300,225,225,225,225,150,208.33333333333334
746,225,225,150,225,225,225,150,225,225,208.33333333333334
747,225,150,225,225,225,225,225,225,225,216.66666666666666
748,225,225,225,225,150,150,225,225,300,216.66666666666666
749,300,150,300,150,225,225,300,225,225,233.33333333333334
750,300,225,225,150,225,150,225,150,300,216.66666666666666
751,300,225,225,225,300,225,300,225,300,258.3333333333333
752,300,300,225,300,225,225,225,300,150,250.0
753,225,150,300,150,225,150,300,225,225,216.66666666666666
754,375,300,225,225,300,300,225,225,225,266.6666666666667
755,225,225,300,300,300,225,300,225,150,250.0
756,300,300,225,300,225,300,300,225,300,275.0
757,225,300,300,300,225,225,300,300,225,266.6666666666667
758,300,225,300,375,225,300,225,300,300,283.3333333333333
759,300,225,300,300,300,225,300,300,225,275.0
760,300,225,300,150,225,225,300,300,300,258.3333333333333
761,225,300,225,300,150,150,150,150,300,216.66666666666666
762,225,225,225,225,300,225,300,300,300,258.3333333333333
763,225,225,300,300,225,300,150,225,225,241.66666666666666
764,225,225,300,150,300,225,375,225,300,258.3333333333333
765,225,300,150,150,225,225,225,300,225,225.0
766,150,225,225,300,150,225,225,225,225,216.66666666666666
767,225,225,225,225,300,225,225,150,150,216.66666666666666
768,150,150,150,300,150,300,225,150,150,191.66666666666666
769,300,225,150,150,300,225,150,225,300,225.0
770,225,225,150,300,150,150,225,300,300,225.0
771,150,300,225,300,150,225,150,225,150,208.33333333333334
772,300,225,300,150,150,300,225,150,150,216.66666666666666
773,150,300,225,225,300,150,225,150,150,208.33333333333334
774,225,225,225,150,150,300,300,150,150,208.33333333333334
775,300,300,150,300,150,300,150,300,150,233.33333333333334
776,150,300,225,150,300,150,300,150,225,216.66666666666666
777,300,150,150,300,225,150,225,300,150,216.66666666666666
778,225,300,150,150,150,225,150,150,150,183.33333333333334
779,150,300,150,225,150,300,225,150,300,216.66666666666666
780,150,300,225,300,300,300,150,300,300,258.3333333333333
781,150,300,150,300,150,300,150,300,150,216.66666666666666
782,300,150,225,150,300,300,150,300,150,225.0
783,225,150,225,300,150,150,150,150,300,200.0
784,300,150,150,150,300,300,375,150,225,233.33333333333334
785,300,225,150,300,225,300,300,300,150,250.0
786,300,150,150,150,225,225,150,300,375,225.0
787,300,150,300,375,225,225,150,225,300,250.0
788,150,225,150,150,300,300,300,225,150,216.66666666666666
789,300,300,225,225,300,300,375,150,225,266.6666666666667
790,300,225,150,225,150,300,300,375,225,250.0
791,300,225,300,300,300,225,300,150,300,266.6666666666667
792,150,150,150,150,300,300,225,300,225,216.66666666666666
793,225,150,225,225,225,225,300,225,150,216.66666666666666
794,225,150,225,300,150,300,225,300,150,225.0
795,150,300,150,225,150,150,300,150,150,191.66666666666666
796,225,225,150,300,225,225,150,150,225,208.33333333333334
797,300,225,225,225,150,150,225,150,225,208.33333333333334
798,225,225,300,150,150,150,225,225,150,200.0
799,150,300,300,300,225,225,300,225,300,258.3333333333333
800,150,150,300,150,150,225,225,300,225,208.33333333333334
801,375,225,150,150,300,225,300,150,300,241.66666666666666
802,225,300,375,225,300,300,225,225,300,275.0
803,300,300,375,300,300,300,300,150,300,291.6666666666667
804,300,225,225,150,300,300,300,150,225,241.66666666666666
805,225,225,300,225,225,225,300,225,150,233.33333333333334
806,150,225,150,150,225,225,225,300,225,208.33333333333334
807,300,225,300,300,300,225,300,300,150,266.6666666666667
808,150,150,300,300,300,300,225,225,300,250.0
809,300,150,225,225,150,225,300,300,300,241.66666666666666
810,150,225,150,225,150,225,150,300,225,200.0
811,300,225,225,300,225,300,150,150,150,225.0
812,300,375,300,225,300,150,300,300,150,266.6666666666667
813,225,375,300,225,300,300,300,300,225,283.3333333333333
814,150,150,300,225,300,225,300,225,225,233.33333333333334
815,225,225,225,225,300,300,300,300,300,266.6666666666667
816,150,300,225,225,300,225,300,225,225,241.66666666666666
817,150,225,300,300,225,225,225,300,300,250.0
818,150,225,300,225,300,150,150,300,150,216.66666666666666
819,300,150,150,225,225,150,150,300,300,216.66666666666666
820,300,300,225,150,150,150,300,150,225,216.66666666666666
821,150,150,150,225,225,225,150,300,300,208.33333333333334
822,225,150,225,300,225,150,300,150,225,216.66666666666666
823,150,150,225,150,150,150,150,300,300,191.66666666666666
824,300,300,300,225,225,300,150,300,300,266.6666666666667
825,150,375,300,150,150,150,300,225,150,216.66666666666666
826,150,300,300,375,300,150,300,150,225,250.0
827,300,225,225,150,225,300,300,375,300,266.6666666666667
828,150,300,150,225,225,300,300,300,225,241.66666666666666
829,150,300,300,300,225,375,225,150,225,250.0
830,300,150,300,225,300,300,225,150,225,241.66666666666666
831,225,150,300,300,225,150,150,225,375,233.33333333333334
832,225,300,225,225,225,300,225,300,300,258.3333333333333
833,375,150,300,150,300,300,150,150,300,241.66666666666666
834,300,150,225,375,150,225,300,150,300,241.66666666666666
835,300,225,375,300,300,375,300,300,150,291.6666666666667
836,300,300,300,150,300,300,300,225,300,275.0
837,150,300,300,150,300,300,150,150,300,233.33333333333334
838,300,375,450,150,225,300,300,225,300,291.6666666666667
839,300,300,300,300,300,300,225,150,375,283.3333333333333
840,300,150,300,300,225,300,300,300,225,266.6666666666667
841,150,300,375,225,150,300,150,225,300,241.66666666666666
842,225,225,300,150,225,300,225,150,300,233.33333333333334
843,375,375,150,300,375,375,225,225,300,300.0
844,150,150,300,300,150,225,225,300,150,216.66666666666666
845,225,150,300,300,225,150,150,300,150,216.66666666666666
846,150,300,150,225,300,225,225,375,300,250.0
847,300,225,225,300,375,225,225,225,300,266.6666666666667
848,225,300,225,300,150,225,150,300,375,250.0
849,300,150,150,225,300,150,150,225,375,225.0
850,225,150,375,225,225,300,300,300,150,250.0
851,225,150,150,150,300,150,375,225,150,208.33333333333334
852,225,225,300,150,225,375,375,150,150,241.66666666666666
853,225,300,150,225,225,300,375,150,375,258.3333333333333
854,300,150,225,450,300,150,150,300,225,250.0
855,150,150,300,300,150,225,150,300,150,208.33333333333334
856,225,300,150,150,300,150,225,225,225,216.66666666666666
857,300,225,375,300,225,375,150,150,375,275.0
858,300,300,375,225,300,300,225,225,375,291.6666666666667
859,150,150,150,150,150,150,375,150,375,200.0
860,300,300,375,150,375,375,150,375,375,308.3333333333333
861,300,150,150,375,300,375,300,150,300,266.6666666666667
862,150,150,150,300,300,150,300,300,300,233.33333333333334
863,300,225,150,375,375,300,225,300,375,291.6666666666667
864,375,375,150,150,300,300,300,300,300,283.3333333333333
865,150,375,225,300,300,150,375,150,225,250.0
866,300,375,150,300,150,150,150,375,375,258.3333333333333
867,300,300,300,225,450,225,375,225,150,283.3333333333333
868,150,375,150,375,225,300,300,375,225,275.0
869,300,300,375,300,225,300,525,225,150,300.0
870,375,300,300,375,225,300,375,375,375,333.3333333333333
871,300,300,300,300,150,375,150,450,375,300.0
872,150,375,225,225,450,300,150,225,150,250.0
873,375,300,300,150,300,300,150,300,375,283.3333333333333
874,450,300,150,375,375,375,225,450,150,316.6666666666667
875,300,300,300,375,150,375,150,300,300,283.3333333333333
876,150,375,450,375,300,375,150,375,150,300.0
877,150,150,450,450,150,375,150,150,150,241.66666666666666
878,300,150,150,375,375,375,150,300,300,275.0
879,300,150,300,150,300,375,375,300,150,266.6666666666667
880,300,375,150,225,450,225,150,300,150,258.3333333333333
881,375,150,375,450,300,150,375,150,300,291.6666666666667
882,300,150,225,300,375,375,375,300,375,308.3333333333333
883,375,225,375,150,375,150,225,150,150,241.66666666666666
884,150,150,375,300,375,150,150,300,150,233.33333333333334
885,225,375,375,300,150,150,150,375,150,250.0
886,375,375,150,150,150,375,150,150,150,225.0
887,150,375,150,375,375,375,375,150,225,283.3333333333333
888,150,225,450,150,375,450,375,150,450,308.3333333333333
889,150,375,300,375,375,150,225,150,300,266.6666666666667
890,375,150,150,150,375,150,150,150,150,200.0
891,375,225,225,150,375,150,375,225,375,275.0
892,450,375,150,300,375,300,300,375,300,325.0
893,150,150,150,150,375,150,375,375,300,241.66666666666666
894,375,375,150,300,375,375,150,150,225,275.0
895,300,150,150,225,150,375,150,150,375,225.0
896,150,300,150,450,150,150,150,225,375,233.33333333333334
897,225,225,225,375,150,150,150,375,150,225.0
898,450,375,150,300,375,300,225,225,375,308.3333333333333
899,375,225,150,450,375,150,225,300,225,275.0
900,300,375,375,225,375,300,450,375,375,350.0
901,375,225,375,225,375,375,225,375,150,300.0
902,300,450,225,375,375,450,150,375,375,341.6666666666667
903,450,225,300,375,300,225,150,300,150,275.0
904,375,375,300,300,150,150,300,375,375,300.0
905,300,150,450,300,225,150,375,300,225,275.0
906,150,150,150,150,300,225,150,300,150,191.66666666666666
907,300,300,150,150,150,300,150,150,300,216.66666666666666
908,150,150,225,375,150,150,150,225,150,191.66666666666666
909,150,150,150,150,150,300,150,150,150,166.66666666666666
910,150,150,150,150,150,150,375,150,150,175.0
911,150,150,150,150,150,150,375,150,150,175.0
912,150,150,450,150,150,150,150,150,300,200.0
913,225,150,150,150,375,150,300,150,150,200.0
914,150,150,150,150,450,150,150,150,150,183.33333333333334
915,150,375,150,150,375,150,150,150,150,200.0
916,225,450,150,150,150,300,150,150,150,208.33333333333334
917,150,150,150,150,375,150,150,150,150,175.0
918,150,150,150,150,150,150,225,150,225,166.66666666666666
919,150,150,150,300,300,225,150,150,150,191.66666666666666
920,150,150,150,225,375,375,150,150,150,208.33333333333334
921,150,375,150,300,150,150,225,150,225,208.33333333333334
922,150,150,225,300,150,150,225,150,150,183.33333333333334
923,150,150,375,225,150,150,225,150,150,191.66666666666666
924,225,450,150,225,150,375,150,150,150,225.0
925,225,150,300,150,225,150,150,150,150,183.33333333333334
926,150,225,225,150,450,450,375,150,150,258.3333333333333
927,225,450,375,150,225,225,150,450,150,266.6666666666667
928,150,300,150,225,150,375,375,450,225,266.6666666666667
929,375,375,150,150,375,150,150,150,375,250.0
930,150,150,150,375,150,150,300,375,225,225.0
931,150,150,150,450,150,375,300,150,225,233.33333333333334
932,150,150,375,450,300,375,150,150,150,250.0
933,150,225,450,375,375,150,225,450,375,308.3333333333333
934,450,150,150,150,150,150,150,225,150,191.66666666666666
935,300,225,225,375,375,150,150,150,225,241.66666666666666
936,150,150,150,225,300,150,225,300,150,200.0
937,450,225,150,225,225,300,150,150,375,250.0
938,150,375,375,300,150,150,150,225,150,225.0
939,150,375,150,225,150,150,150,150,150,183.33333333333334
940,150,150,450,375,150,225,150,225,225,233.33333333333334
941,450,150,150,150,150,150,225,300,450,241.66666666666666
942,150,150,150,375,150,300,150,300,375,233.33333333333334
943,150,150,150,375,150,375,225,150,300,225.0
944,525,150,150,300,150,300,450,300,450,308.3333333333333
945,450,300,300,150,375,150,300,150,150,258.3333333333333
946,150,300,225,150,300,150,150,375,150,216.66666666666666
947,375,450,375,300,300,450,150,525,375,366.6666666666667
948,150,225,300,150,225,450,150,375,150,241.66666666666666
949,375,375,375,450,150,450,225,150,225,308.3333333333333
950,450,150,375,450,150,150,150,150,150,241.66666666666666
951,225,375,450,225,450,450,450,150,225,333.3333333333333
952,225,375,150,300,150,525,450,150,150,275.0
953,300,150,150,450,225,225,150,150,300,233.33333333333334
954,150,225,150,150,375,225,225,450,150,233.33333333333334
955,150,150,150,450,150,150,225,450,300,241.66666666666666
956,375,225,150,150,150,150,450,450,225,258.3333333333333
957,150,150,225,150,450,150,225,150,225,208.33333333333334
958,150,150,150,225,150,150,150,525,225,208.33333333333334
959,225,450,150,150,150,225,150,150,150,200.0
960,300,225,375,225,450,150,225,225,450,291.6666666666667
961,375,300,300,300,150,150,150,300,225,250.0
962,225,450,150,450,300,150,225,375,375,300.0
963,150,525,450,150,225,450,450,225,225,316.6666666666667
964,450,225,150,225,375,525,225,150,225,283.3333333333333
965,150,150,525,150,375,300,150,450,150,266.6666666666667
966,225,225,150,300,300,300,150,150,225,225.0
967,150,225,450,225,150,150,225,300,300,241.66666666666666
968,525,450,450,150,150,150,450,150,150,291.6666666666667
969,450,225,150,450,150,225,150,300,225,258.3333333333333
970,150,150,150,225,150,150,150,375,150,183.33333333333334
971,300,150,300,375,300,150,225,150,150,233.33333333333334
972,150,300,225,150,225,225,225,450,150,233.33333333333334
973,225,225,150,150,150,150,225,225,150,183.33333333333334
974,225,375,300,150,300,375,225,525,150,291.6666666666667
975,300,450,450,300,225,450,150,450,375,350.0
976,150,150,450,225,150,150,150,150,225,200.0
977,450,150,150,450,525,150,450,450,150,325.0
978,300,300,450,375,150,300,150,150,300,275.0
979,150,525,300,150,150,150,150,450,225,250.0
980,150,150,450,375,300,450,450,225,150,300.0
981,225,450,225,375,300,150,225,150,150,250.0
982,225,150,150,450,150,300,150,225,225,225.0
983,150,150,450,525,225,150,300,450,450,316.6666666666667
984,300,225,225,450,225,225,375,450,225,300.0
985,150,225,225,375,450,225,150,150,450,266.6666666666667
986,150,150,225,225,300,225,225,225,450,241.66666666666666
987,225,150,525,150,375,150,150,300,450,275.0
988,300,225,225,150,450,525,300,300,300,308.3333333333333
989,450,450,450,300,150,150,375,150,225,300.0
990,225,150,150,450,450,525,300,225,450,325.0
991,150,150,225,150,150,375,225,525,300,250.0
992,375,525,375,300,150,150,150,525,450,333.3333333333333
993,300,150,150,225,150,375,525,375,225,275.0
994,150,225,150,225,300,150,450,450,150,250.0
995,150,525,225,150,375,300,525,150,300,300.0
996,150,225,450,150,225,150,225,225,225,225.0
997,225,375,375,225,300,300,300,150,375,291.6666666666667
998,375,375,375,225,225,225,150,450,450,316.6666666666667
999,150,225,150,300,300,525,225,300,600,308.3333333333333
1000,525,375,375,150,150,300,450,300,150,308.3333333333333
1001,450,450,150,525,150,150,300,150,450,308.3333333333333
1002,150,150,525,150,375,150,525,300,150,275.0
1003,225,450,150,300,375,150,525,300,225,300.0
1004,225,525,300,375,300,225,150,375,450,325.0
1005,525,450,150,450,150,225,450,150,300,316.6666666666667
1006,150,450,150,225,375,450,450,225,300,308.3333333333333
1007,225,450,225,225,450,300,375,300,150,300.0
1008,225,225,225,450,300,225,300,150,450,283.3333333333333
1009,300,150,375,150,450,225,450,375,450,325.0
1010,525,450,450,150,225,150,450,300,150,316.6666666666667
1011,450,150,150,525,300,450,525,150,150,316.6666666666667
1012,150,150,450,150,225,150,150,150,150,191.66666666666666
1013,150,450,150,150,150,150,150,300,150,200.0
1014,150,375,225,150,150,150,150,150,150,183.33333333333334
1015,450,150,150,150,150,150,150,150,150,183.33333333333334
1016,525,150,450,150,150,150,150,525,150,266.6666666666667
1017,150,150,150,150,150,150,150,150,150,150.0
1018,150,150,150,150,150,150,150,150,150,150.0
1019,150,150,150,150,150,150,150,150,150,150.0
1020,150,150,150,150,150,150,450,150,150,183.33333333333334
1021,150,150,150,300,150,150,150,150,150,166.66666666666666
1022,150,150,150,150,150,150,150,375,150,175.0
1023,150,150,150,150,150,150,150,525,150,191.66666666666666
1024,150,150,525,150,150,150,150,150,150,191.66666666666666
1025,600,150,150,150,150,150,150,150,450,233.33333333333334
1026,150,150,525,150,150,150,150,150,150,191.66666666666666
1027,150,150,150,150,150,150,150,525,150,191.66666666666666
1028,375,150,525,150,150,150,150,150,150,216.66666666666666
1029,150,150,150,150,150,150,300,150,150,166.66666666666666
1030,150,150,150,150,150,150,150,150,150,150.0
1031,150,150,150,150,150,150,150,150,525,191.66666666666666
1032,150,525,150,150,150,150,150,150,150,191.66666666666666
1033,150,150,150,525,150,150,525,150,525,275.0
1034,150,150,150,150,150,150,150,150,150,150.0
1035,150,150,225,150,150,150,150,150,150,158.33333333333334
1036,150,450,150,450,150,150,150,150,150,216.66666666666666
1037,150,150,150,150,150,150,150,150,150,150.0
1038,150,150,150,150,150,150,150,150,150,150.0
1039,150,150,150,150,150,150,150,150,150,150.0
1040,150,150,150,150,150,150,150,525,150,191.66666666666666
1041,150,150,150,150,150,150,150,150,150,150.0
1042,150,150,150,150,150,150,150,150,150,150.0
1043,150,150,150,150,150,150,150,150,150,150.0
1044,150,150,150,150,150,150,150,150,150,150.0
1045,150,150,150,150,150,150,150,150,300,166.66666666666666
1046,150,150,150,150,150,150,150,150,150,150.0
1047,150,150,150,150,150,150,150,150,150,150.0
1048,150,150,150,150,150,150,150,150,150,150.0
1049,150,150,150,150,150,150,150,225,150,158.33333333333334
1050,150,150,150,375,150,150,150,150,150,175.0
1051,150,150,150,150,150,150,150,150,150,150.0
1052,150,150,150,150,150,150,150,150,150,150.0
1053,150,150,225,150,150,225,150,150,525,208.33333333333334
1054,150,150,525,150,150,150,150,300,150,208.33333333333334
1055,150,150,150,150,225,150,150,150,150,158.33333333333334
1056,150,150,150,150,150,150,150,225,150,158.33333333333334
1057,300,150,150,150,150,150,150,150,150,166.66666666666666
1058,150,300,525,150,150,150,150,150,150,208.33333333333334
1059,150,150,150,150,150,150,150,150,150,150.0
1060,150,150,150,150,150,150,150,150,150,150.0
1061,150,150,150,150,150,150,150,150,150,150.0
1062,150,150,150,150,150,150,150,150,150,150.0
1063,150,150,150,150,150,150,150,150,150,150.0
1064,150,150,150,150,150,150,150,150,150,150.0
1065,150,150,150,150,150,150,150,150,150,150.0
1066,150,150,150,150,150,150,150,150,150,150.0
1067,150,150,150,150,150,150,150,150,150,150.0
1068,150,150,150,150,150,150,150,150,150,150.0
1069,150,150,150,150,150,150,150,150,150,150.0
1070,150,450,150,150,150,150,150,150,150,183.33333333333334
1071,150,150,150,150,150,150,150,150,150,150.0
1072,600,150,150,150,150,150,150,150,150,200.0
1073,150,150,150,150,150,150,150,150,150,150.0
1074,150,600,150,150,150,150,150,150,150,200.0
1075,150,150,150,150,150,150,150,150,150,150.0
1076,150,150,150,150,150,150,150,150,150,150.0
1077,150,150,150,150,150,150,150,150,150,150.0
1078,150,150,150,150,150,150,150,150,150,150.0
1079,150,150,150,150,150,150,150,150,225,158.33333333333334
1080,150,150,150,150,150,150,150,150,150,150.0
1081,150,150,150,150,150,150,150,150,150,150.0
1082,150,150,150,150,150,150,150,150,150,150.0
1083,150,150,150,150,150,150,150,150,150,150.0
1084,150,150,150,150,150,150,150,150,150,150.0
1085,150,150,150,150,150,150,150,150,150,150.0
1086,150,225,150,150,225,150,150,150,150,166.66666666666666
1087,150,150,150,150,150,150,150,150,150,150.0
1088,150,150,150,150,150,150,150,150,150,150.0
1089,150,150,150,150,150,150,150,150,150,150.0
1090,150,150,150,150,150,150,150,150,150,150.0
1091,150,150,225,150,150,150,150,150,150,158.33333333333334
1092,225,150,150,150,150,150,150,150,150,158.33333333333334
1093,150,150,150,150,150,150,150,150,150,150.0
1094,150,150,150,150,150,150,150,150,150,150.0
1095,150,150,150,150,150,150,150,150,150,150.0
1096,150,150,150,150,150,150,150,150,150,150.0
1097,150,150,150,150,150,150,150,150,150,150.0
1098,150,150,150,150,150,150,150,150,150,150.0
1099,150,150,150,150,150,150,150,150,225,158.33333333333334
1100,150,150,150,150,150,150,150,150,150,150.0
1101,150,225,150,150,150,150,150,150,150,158.33333333333334
1102,150,150,225,150,150,150,150,150,150,158.33333333333334
1103,150,150,150,150,150,150,150,150,150,150.0
1104,150,150,150,150,150,150,150,150,150,150.0
1105,225,150,225,150,150,150,150,150,150,166.66666666666666
1106,150,150,150,150,150,150,150,150,150,150.0
1107,150,150,150,150,150,150,150,150,150,150.0
1108,150,150,150,150,150,150,150,150,150,150.0
1109,225,150,150,225,150,150,150,150,150,166.66666666666666
1110,150,150,225,150,150,150,150,150,150,158.33333333333334
1111,150,225,150,150,150,150,150,150,150,158.33333333333334
1112,150,225,150,150,150,150,150,150,150,158.33333333333334
1113,150,150,150,150,150,150,150,150,150,150.0
1114,150,150,150,150,150,150,150,150,150,150.0
1115,150,150,150,225,225,150,150,225,150,175.0
1116,225,150,150,150,150,150,150,150,225,166.66666666666666
1117,150,150,150,150,150,225,150,150,150,158.33333333333334
1118,225,150,150,150,150,150,150,150,150,158.33333333333334
1119,150,150,150,150,150,150,150,150,150,150.0
1120,150,150,150,150,150,150,150,150,150,150.0
1121,150,150,150,150,150,150,150,150,150,150.0
1122,150,150,150,150,150,150,150,150,150,150.0
1123,150,150,150,150,150,150,150,150,150,150.0
1124,150,150,150,150,150,150,150,150,150,150.0
1125,150,150,150,150,150,150,150,150,150,150.0
1126,150,150,150,150,150,150,150,150,150,150.0
1127,150,150,150,150,150,150,150,150,150,150.0
1128,150,150,150,150,150,150,150,150,150,150.0
1129,150,150,150,150,150,150,150,150,150,150.0
1130,150,150,150,150,150,150,150,150,150,150.0
1131,150,150,150,150,150,150,150,150,150,150.0
1132,150,150,150,150,150,150,150,150,150,150.0
1133,150,150,150,225,150,150,150,150,150,158.33333333333334
1134,150,150,150,150,150,150,150,150,150,150.0
1135,150,150,150,150,150,150,150,150,150,150.0
1136,150,150,150,150,150,150,150,150,150,150.0
1137,150,150,150,150,150,150,150,150,150,150.0
1138,150,150,150,150,150,150,150,150,150,150.0
1139,150,150,150,150,150,150,150,150,150,150.0
1140,150,150,150,150,150,150,150,150,150,150.0
1141,150,150,150,150,150,150,150,150,150,150.0
1142,150,150,150,150,150,150,150,150,150,150.0
1143,150,150,150,150,150,150,150,150,150,150.0
1144,150,150,150,150,150,150,150,150,150,150.0
1145,150,150,150,150,150,150,150,150,150,150.0
1146,150,150,150,150,150,150,150,150,150,150.0
1147,150,150,150,150,150,150,150,150,150,150.0
1148,150,150,150,150,150,150,150,150,150,150.0
1149,150,150,150,150,150,150,150,150,150,150.0
1150,150,150,150,150,150,150,150,150,150,150.0
1151,150,150,150,150,150,150,150,150,150,150.0
1152,150,150,150,150,150,150,150,150,150,150.0
1153,150,150,150,150,150,225,150,150,150,158.33333333333334
1154,150,150,150,150,225,150,150,150,150,158.33333333333334
1155,150,150,150,150,150,150,150,150,150,150.0
1156,150,150,150,150,150,150,150,150,150,150.0
1157,225,150,150,150,150,150,150,150,150,158.33333333333334
1158,150,150,150,150,150,150,150,150,150,150.0
1159,150,150,150,150,225,150,150,150,225,166.66666666666666
1160,150,150,150,150,150,150,150,150,150,150.0
1161,150,150,150,150,150,150,150,150,150,150.0
1162,150,150,150,150,150,150,150,150,150,150.0
1163,150,150,150,150,150,150,150,150,150,150.0
1164,150,150,150,150,150,150,150,150,150,150.0
1165,150,150,150,150,150,150,225,150,150,158.33333333333334
1166,150,150,150,150,150,150,150,225,150,158.33333333333334
1167,150,150,150,225,150,150,150,150,150,158.33333333333334
1168,150,225,150,150,150,150,150,150,150,158.33333333333334
1169,150,150,150,150,150,150,150,150,150,150.0
1170,150,150,150,150,150,150,150,225,150,158.33333333333334
1171,150,150,150,150,150,150,150,150,150,150.0
1172,150,150,150,150,150,150,150,150,150,150.0
1173,150,225,150,150,150,150,150,150,150,158.33333333333334
1174,150,150,225,150,150,225,150,150,150,166.66666666666666
1175,150,150,150,150,150,150,225,150,150,158.33333333333334
1176,150,150,225,150,150,150,150,150,150,158.33333333333334
1177,150,150,150,150,150,150,150,150,150,150.0
1178,150,150,150,150,150,150,150,150,150,150.0
1179,150,225,150,225,150,150,150,150,150,166.66666666666666
1180,150,150,225,150,150,150,150,150,150,158.33333333333334
1181,150,150,150,150,150,150,150,150,150,150.0
1182,150,150,150,150,150,150,225,150,150,158.33333333333334
1183,150,150,150,150,150,150,150,150,150,150.0
1184,150,150,150,150,150,150,150,150,150,150.0
1185,150,150,225,150,150,300,150,225,150,183.33333333333334
1186,150,150,150,150,225,225,225,150,150,175.0
1187,150,150,150,150,150,150,150,150,225,158.33333333333334
1188,150,150,150,150,225,150,225,150,225,175.0
1189,150,150,150,150,150,150,150,150,150,150.0
1190,150,150,150,150,150,150,150,150,150,150.0
1191,150,150,150,150,150,150,150,150,150,150.0
1192,150,150,150,150,150,150,150,150,150,150.0
1193,150,150,150,150,150,150,150,150,150,150.0
1194,150,150,150,150,150,225,150,150,150,158.33333333333334
1195,150,150,150,150,150,150,150,150,150,150.0
1196,150,150,150,150,150,150,150,150,150,150.0
1197,150,150,150,150,150,150,150,150,150,150.0
1198,150,150,150,150,150,150,150,150,150,150.0
1199,150,150,150,150,225,150,150,150,150,158.33333333333334
1200,150,150,150,150,150,150,150,225,150,158.33333333333334
1201,150,150,150,225,225,225,225,150,150,183.33333333333334
1202,225,150,150,150,150,150,150,150,150,158.33333333333334
1203,150,225,150,150,150,150,150,150,150,158.33333333333334
1204,225,150,225,150,150,150,150,150,150,166.66666666666666
1205,225,150,150,225,150,150,150,150,150,166.66666666666666
1206,150,150,150,150,225,225,225,150,150,175.0
1207,150,150,150,150,150,150,150,150,150,150.0
1208,150,150,225,150,150,150,150,150,150,158.33333333333334
1209,150,150,150,150,150,150,150,150,225,158.33333333333334
1210,225,150,150,150,225,225,225,150,150,183.33333333333334
1211,150,150,150,225,225,150,150,225,225,183.33333333333334
1212,150,225,150,150,150,150,150,150,150,158.33333333333334
1213,225,150,225,150,225,225,150,225,150,191.66666666666666
1214,225,225,150,150,150,150,225,225,225,191.66666666666666
1215,150,150,225,150,150,150,225,225,150,175.0
1216,225,150,225,150,225,150,150,225,225,191.66666666666666
1217,225,225,150,225,150,150,150,150,225,183.33333333333334
1218,150,225,150,150,225,150,225,150,225,183.33333333333334
1219,225,225,225,150,150,225,150,150,150,183.33333333333334
1220,150,225,225,150,225,225,225,150,225,200.0
1221,225,150,150,225,150,225,150,150,150,175.0
1222,150,150,225,150,225,150,150,150,150,166.66666666666666
1223,150,150,150,225,225,225,150,225,225,191.66666666666666
1224,150,225,150,150,150,150,150,150,150,158.33333333333334
1225,150,225,150,150,150,150,150,150,150,158.33333333333334
1226,150,225,150,150,225,150,150,150,150,166.66666666666666
1227,225,225,225,225,150,150,150,225,150,191.66666666666666
1228,150,225,225,150,150,150,225,150,225,183.33333333333334
1229,150,225,225,225,225,225,150,225,225,208.33333333333334
1230,225,225,225,150,150,300,150,225,225,208.33333333333334
1231,150,150,225,150,225,150,150,225,225,183.33333333333334
1232,150,150,225,225,225,150,225,225,225,200.0
1233,225,225,150,150,225,150,225,150,225,191.66666666666666
1234,150,225,225,150,150,300,150,225,150,191.66666666666666
1235,150,225,150,150,225,225,225,150,150,183.33333333333334
1236,150,150,225,150,150,225,300,150,300,200.0
1237,225,225,300,225,150,150,150,225,225,208.33333333333334
1238,225,150,150,150,225,225,150,225,225,191.66666666666666
1239,150,150,150,225,150,150,150,150,225,166.66666666666666
1240,225,225,300,225,150,150,225,150,150,200.0
1241,225,150,225,225,225,150,150,150,225,191.66666666666666
1242,225,150,150,150,150,225,150,225,150,175.0
1243,150,150,225,225,225,150,150,150,150,175.0
1244,150,225,150,225,150,150,300,225,150,191.66666666666666
1245,225,150,225,225,150,150,150,150,150,175.0
1246,150,300,150,150,150,225,225,150,150,183.33333333333334
1247,150,225,225,150,300,225,225,150,225,208.33333333333334
1248,150,150,150,150,225,300,150,150,150,175.0
1249,225,225,150,225,300,150,150,225,225,208.33333333333334
1250,225,150,150,225,225,225,150,150,150,183.33333333333334
1251,150,150,300,225,225,150,225,150,150,191.66666666666666
1252,225,225,150,225,150,150,150,150,150,175.0
1253,225,150,300,150,150,150,150,150,150,175.0
1254,150,225,150,225,225,150,150,225,150,183.33333333333334
1255,225,150,300,225,225,300,150,300,225,233.33333333333334
1256,150,225,150,225,225,225,150,150,300,200.0
1257,150,150,150,300,150,225,150,300,225,200.0
1258,150,150,225,225,225,300,225,225,150,208.33333333333334
1259,300,300,300,225,300,225,300,225,225,266.6666666666667
1260,225,150,300,225,225,225,150,225,225,216.66666666666666
1261,225,225,300,300,225,225,300,150,300,250.0
1262,300,225,300,225,225,300,300,225,225,258.3333333333333
1263,225,225,225,225,300,225,225,225,225,233.33333333333334
1264,225,225,225,225,225,150,225,150,300,216.66666666666666
1265,225,300,300,225,225,300,225,225,300,258.3333333333333
1266,300,225,225,300,225,300,300,300,225,266.6666666666667
1267,300,300,225,300,225,225,300,225,300,266.6666666666667
1268,300,300,300,225,300,225,225,225,225,258.3333333333333
1269,300,225,225,225,225,300,300,300,300,266.6666666666667
1270,225,150,300,300,300,225,300,300,300,266.6666666666667
1271,300,300,150,300,300,300,225,300,300,275.0
1272,225,300,225,300,300,300,300,300,300,283.3333333333333
1273,225,225,300,300,300,300,300,300,225,275.0
1274,300,225,300,300,150,300,300,300,300,275.0
1275,300,300,225,300,150,300,150,300,300,258.3333333333333
1276,150,300,300,300,150,150,150,300,300,233.33333333333334
1277,300,225,150,150,300,300,300,150,300,241.66666666666666
1278,300,150,150,300,150,300,300,300,300,250.0
1279,150,300,300,300,300,150,150,150,150,216.66666666666666
1280,300,300,300,150,300,150,300,150,150,233.33333333333334
1281,300,300,150,150,150,150,150,150,150,183.33333333333334
1282,150,150,300,300,150,300,150,150,150,200.0
1283,150,300,150,150,150,150,300,150,300,200.0
1284,150,150,150,150,150,150,300,300,150,183.33333333333334
1285,300,300,150,150,300,150,150,150,300,216.66666666666666
1286,150,300,150,150,300,150,150,300,150,200.0
1287,300,150,300,150,150,300,150,300,150,216.66666666666666
1288,300,150,150,300,150,150,150,150,300,200.0
1289,300,150,300,150,150,300,300,300,150,233.33333333333334
1290,300,300,300,300,300,300,300,300,300,300.0
1291,300,300,300,300,150,300,300,300,300,283.3333333333333
1292,300,300,150,150,150,150,150,150,150,183.33333333333334
1293,150,300,300,150,300,300,300,300,300,266.6666666666667
1294,300,150,300,300,150,150,300,150,300,233.33333333333334
1295,150,150,300,300,150,300,150,150,150,200.0
1296,300,300,300,300,150,300,150,150,300,250.0
1297,300,300,150,150,150,300,150,300,300,233.33333333333334
1298,300,150,150,150,300,300,150,300,300,233.33333333333334
1299,150,150,300,150,300,150,300,150,300,216.66666666666666
1300,300,150,150,300,150,300,300,150,300,233.33333333333334
1301,150,150,150,150,150,300,300,150,150,183.33333333333334
1302,150,150,150,300,300,150,150,150,300,200.0
1303,150,300,300,300,150,300,150,150,225,225.0
1304,150,150,150,300,150,300,300,300,150,216.66666666666666
1305,300,150,150,150,300,150,300,150,300,216.66666666666666
1306,300,300,150,300,150,300,150,300,300,250.0
1307,300,150,300,150,300,300,300,150,150,233.33333333333334
1308,150,300,150,150,150,300,150,300,150,200.0
1309,150,300,150,150,300,375,150,150,300,225.0
1310,150,300,300,150,300,150,300,150,150,216.66666666666666
1311,300,300,150,150,150,300,150,300,300,233.33333333333334
1312,300,150,300,150,225,300,300,300,300,258.3333333333333
1313,300,150,150,300,300,225,150,300,300,241.66666666666666
1314,300,300,300,300,300,375,300,300,300,308.3333333333333
1315,300,300,300,300,300,150,300,300,300,283.3333333333333
1316,150,150,300,300,300,300,300,150,300,250.0
1317,300,150,300,300,300,150,300,225,300,258.3333333333333
1318,225,150,150,300,300,225,300,150,150,216.66666666666666
1319,300,300,300,300,300,300,150,150,300,266.6666666666667
1320,150,300,225,300,300,225,300,300,300,266.6666666666667
1321,150,150,300,300,150,150,150,300,300,216.66666666666666
1322,300,300,300,150,150,300,150,300,300,250.0
1323,300,300,300,150,300,300,300,150,150,250.0
1324,300,300,300,300,300,300,300,225,225,283.3333333333333
1325,150,300,150,150,300,150,225,300,150,208.33333333333334
1326,150,300,150,300,150,300,150,300,300,233.33333333333334
1327,150,150,150,300,150,300,150,150,300,200.0
1328,300,300,300,150,150,150,300,300,150,233.33333333333334
1329,300,375,300,150,150,150,150,150,375,233.33333333333334
1330,300,150,375,300,150,150,150,150,150,208.33333333333334
1331,150,300,300,300,375,300,150,375,300,283.3333333333333
1332,300,300,300,300,300,150,300,300,300,283.3333333333333
1333,300,375,300,300,150,300,300,150,150,258.3333333333333
1334,300,375,300,300,375,300,300,300,300,316.6666666666667
1335,300,375,300,300,300,150,300,300,300,291.6666666666667
1336,150,300,150,300,150,300,300,300,150,233.33333333333334
1337,300,300,375,375,375,300,300,150,300,308.3333333333333
1338,300,150,300,150,150,300,300,300,300,250.0
1339,375,375,375,150,375,300,150,300,300,300.0
1340,375,375,300,150,300,150,375,300,150,275.0
1341,150,375,300,150,375,300,300,375,300,291.6666666666667
1342,375,150,300,150,150,150,300,300,300,241.66666666666666
1343,150,150,300,300,300,300,375,150,375,266.6666666666667
1344,375,375,375,300,300,300,375,150,300,316.6666666666667
1345,375,300,150,375,150,375,375,375,375,316.6666666666667
1346,375,375,150,375,375,375,375,150,375,325.0
1347,300,375,300,375,150,300,375,375,225,308.3333333333333
1348,375,150,375,300,150,300,375,150,300,275.0
1349,375,300,150,150,375,150,375,225,375,275.0
1350,150,375,375,150,375,375,375,150,150,275.0
1351,375,150,375,375,150,150,375,150,150,250.0
1352,375,375,375,375,150,375,150,375,225,308.3333333333333
1353,375,225,375,375,375,375,150,375,225,316.6666666666667
1354,375,375,375,375,225,150,150,225,150,266.6666666666667
1355,375,225,225,375,375,375,225,375,375,325.0
1356,375,225,150,375,375,375,225,150,375,291.6666666666667
1357,375,375,375,225,225,150,375,375,375,316.6666666666667
1358,375,375,150,225,150,375,225,375,375,291.6666666666667
1359,375,375,375,375,375,375,375,150,375,350.0
1360,150,150,375,375,225,150,375,375,225,266.6666666666667
1361,375,150,375,375,375,375,225,150,375,308.3333333333333
1362,225,375,225,375,150,375,225,375,375,300.0
1363,375,375,375,225,375,150,375,375,375,333.3333333333333
1364,375,375,375,375,375,150,150,150,375,300.0
1365,225,150,150,375,375,375,225,375,375,291.6666666666667
1366,375,375,375,150,225,375,225,150,375,291.6666666666667
1367,375,375,375,375,225,150,375,375,375,333.3333333333333
1368,150,375,375,150,375,150,375,375,375,300.0
1369,300,225,150,150,375,300,375,150,375,266.6666666666667
1370,225,375,150,375,375,375,150,375,375,308.3333333333333
1371,375,375,225,150,300,150,150,225,150,233.33333333333334
1372,375,375,375,375,375,375,375,375,375,375.0
1373,150,375,375,375,375,225,375,375,150,308.3333333333333
1374,225,375,375,375,225,375,375,150,375,316.6666666666667
1375,225,225,150,375,375,375,375,375,150,291.6666666666667
1376,225,225,375,375,375,375,150,225,375,300.0
1377,150,150,375,375,375,150,375,375,375,300.0
1378,375,375,375,375,375,375,375,375,375,375.0
1379,375,375,150,375,375,375,375,375,300,341.6666666666667
1380,375,375,375,150,375,375,375,375,150,325.0
1381,375,150,375,375,150,375,375,375,375,325.0
1382,375,150,375,375,375,375,150,375,375,325.0
1383,375,375,150,375,375,375,375,375,150,325.0
1384,150,150,375,375,375,375,375,375,375,325.0
1385,375,150,150,375,375,375,375,150,375,300.0
1386,375,375,150,375,375,375,150,375,225,308.3333333333333
1387,150,375,225,375,150,150,150,375,375,258.3333333333333
1388,375,225,150,150,375,375,375,150,375,283.3333333333333
1389,375,150,375,150,375,375,300,375,300,308.3333333333333
1390,375,150,150,150,300,150,150,150,150,191.66666666666666
1391,375,150,300,150,150,375,375,375,150,266.6666666666667
1392,225,150,225,225,375,300,150,225,150,225.0
1393,375,375,150,150,375,150,375,375,375,300.0
1394,150,150,150,150,150,150,375,150,150,175.0
1395,150,375,150,375,150,150,375,375,375,275.0
1396,375,150,225,375,375,375,375,225,375,316.6666666666667
1397,375,225,150,225,375,375,150,150,375,266.6666666666667
1398,150,150,375,375,150,150,150,150,150,200.0
1399,375,150,375,375,375,375,375,375,375,350.0
1400,150,150,150,375,150,375,150,375,375,250.0
1401,375,150,375,375,225,150,375,150,150,258.3333333333333
1402,375,375,150,150,375,375,150,150,225,258.3333333333333
1403,150,150,150,375,150,375,150,375,150,225.0
1404,150,375,150,150,225,375,150,375,150,233.33333333333334
1405,375,150,150,375,150,150,375,150,150,225.0
1406,150,150,300,150,150,150,150,150,150,166.66666666666666
1407,375,150,375,375,150,150,375,150,150,250.0
1408,150,150,150,150,375,150,375,375,150,225.0
1409,150,375,375,375,375,375,150,375,375,325.0
1410,225,150,375,150,150,150,225,150,150,191.66666666666666
1411,375,150,375,375,150,150,375,375,375,300.0
1412,375,150,225,375,375,375,375,375,450,341.6666666666667
1413,375,375,375,150,150,375,150,375,375,300.0
1414,375,150,150,150,150,150,150,375,450,233.33333333333334
1415,150,150,375,150,150,150,375,150,150,200.0
1416,150,150,150,375,150,150,375,375,150,225.0
1417,150,375,150,150,375,150,150,150,150,200.0
1418,450,150,375,375,450,150,375,450,450,358.3333333333333
1419,150,150,150,150,150,150,150,375,300,191.66666666666666
1420,150,375,150,150,450,375,150,300,150,250.0
1421,150,150,150,150,150,150,375,150,150,175.0
1422,150,150,300,150,150,450,150,150,375,225.0
1423,150,150,225,150,375,150,375,150,150,208.33333333333334
1424,150,150,150,150,150,150,150,150,150,150.0
1425,450,150,150,450,300,150,150,225,150,241.66666666666666
1426,225,150,150,225,375,300,150,150,150,208.33333333333334
1427,150,450,150,150,300,150,150,150,150,200.0
1428,150,150,150,150,150,150,300,450,300,216.66666666666666
1429,150,150,150,150,150,300,150,150,450,200.0
1430,150,450,300,375,150,150,150,150,150,225.0
1431,150,150,450,150,450,300,150,450,150,266.6666666666667
1432,300,450,300,150,450,150,450,150,150,283.3333333333333
1433,150,300,150,150,300,150,150,450,150,216.66666666666666
1434,450,150,300,300,300,150,300,450,450,316.6666666666667
1435,450,300,225,300,300,300,375,450,300,333.3333333333333
1436,150,150,450,225,225,450,225,300,300,275.0
1437,150,300,300,450,450,300,150,375,450,325.0
1438,225,450,300,300,300,300,300,450,300,325.0
1439,300,225,225,300,450,150,300,300,150,266.6666666666667
1440,300,225,300,300,300,300,300,300,225,283.3333333333333
1441,450,300,300,300,300,450,300,225,225,316.6666666666667
1442,150,225,450,300,300,225,450,225,300,291.6666666666667
1443,300,450,225,300,300,375,450,150,300,316.6666666666667
1444,300,300,300,300,450,375,300,225,225,308.3333333333333
1445,225,300,450,300,225,450,225,375,300,316.6666666666667
1446,375,300,225,150,225,450,450,450,225,316.6666666666667
1447,300,225,300,450,150,225,300,300,225,275.0
1448,150,225,225,300,225,450,300,225,450,283.3333333333333
1449,375,225,375,150,300,300,375,450,300,316.6666666666667
1450,300,225,300,300,300,450,300,300,150,291.6666666666667
1451,375,300,450,300,300,300,225,150,300,300.0
1452,450,450,450,375,375,450,225,300,450,391.6666666666667
1453,300,375,375,450,375,450,150,375,450,366.6666666666667
1454,300,150,225,300,150,450,300,150,225,250.0
1455,150,150,450,450,375,300,150,375,450,316.6666666666667
1456,150,300,450,150,150,300,150,150,450,250.0
1457,300,150,150,450,375,150,450,450,450,325.0
1458,450,450,150,450,300,300,450,450,375,375.0
1459,450,150,150,150,150,375,300,150,375,250.0
1460,150,450,375,450,450,450,150,450,450,375.0
1461,225,225,450,450,450,150,450,150,450,333.3333333333333
1462,300,300,375,450,150,450,150,150,375,300.0
1463,150,450,300,375,450,225,150,150,450,300.0
1464,450,150,150,150,450,150,150,150,450,250.0
1465,450,375,300,450,150,450,375,150,150,316.6666666666667
1466,450,150,300,150,150,450,150,450,450,300.0
1467,150,150,300,375,450,225,150,150,300,250.0
1468,225,225,150,375,450,150,150,150,150,225.0
1469,450,150,450,150,300,450,450,375,375,350.0
1470,150,150,450,450,450,150,150,300,450,300.0
1471,450,150,150,450,450,150,450,150,450,316.6666666666667
1472,450,450,300,450,450,150,450,300,450,383.3333333333333
1473,450,150,150,300,300,150,150,450,225,258.3333333333333
1474,450,375,300,450,450,375,450,375,150,375.0
1475,450,450,375,225,450,450,150,375,450,375.0
1476,450,450,450,450,375,225,375,225,150,350.0
1477,300,450,225,450,450,450,150,450,450,375.0
1478,375,450,450,375,450,450,450,375,375,416.6666666666667
1479,150,450,450,450,450,375,450,450,300,391.6666666666667
1480,375,225,375,375,450,225,375,450,450,366.6666666666667
1481,450,450,450,450,375,150,450,450,450,408.3333333333333
1482,450,375,225,525,225,150,450,525,450,375.0
1483,375,375,450,450,300,375,450,450,375,400.0
1484,225,450,450,450,450,450,375,450,450,416.6666666666667
1485,375,525,450,450,375,225,450,300,450,400.0
1486,450,450,450,450,150,225,450,225,375,358.3333333333333
1487,150,450,150,375,225,375,450,300,450,325.0
1488,225,375,375,450,450,450,300,225,225,341.6666666666667
1489,450,150,225,225,300,450,450,450,450,350.0
1490,225,375,225,225,375,375,225,450,450,325.0
1491,450,375,225,375,375,450,375,375,225,358.3333333333333
1492,375,150,225,225,450,450,150,300,450,308.3333333333333
1493,300,150,375,225,450,450,225,225,150,283.3333333333333
1494,375,225,375,450,375,150,150,375,225,300.0
1495,225,375,525,525,375,225,375,375,375,375.0
1496,150,375,225,525,525,450,375,150,375,350.0
1497,450,375,525,150,225,375,375,150,450,341.6666666666667
1498,375,375,375,150,375,375,375,375,375,350.0
1499,375,450,225,375,375,375,375,375,375,366.6666666666667
