,Date,N,windows,scaled_windows,MSE,RMSE
0,0,24.83570765056163,1,1.0,0,0
1,1,-6.913215058559233,2,1.0,0,0
2,2,32.38442690503462,3,1.0,0,0
3,3,76.15149282040127,4,1.0,0,0
4,4,-11.7076687361668,5,1.0,0,0
5,5,-11.706847847459027,6,1.0,0,0
6,6,78.96064077536957,7,1.0,0,0
7,7,38.37173645764544,8,1.0,0,0
8,8,-23.473719296747607,9,1.0,0,0
9,9,27.12800217929823,10,1.0,0,0
10,10,-23.170884640623115,11,1.0,0,0
11,11,-23.28648767851284,12,1.0,0,0
12,12,12.098113578301708,13,1.0,0,0
13,13,-95.66401223288987,14,1.0,0,0
14,14,-86.24589162565164,15,1.0,0,0
15,15,-28.114376462048636,16,1.0,0,0
16,16,-50.64155601672119,17,1.0,0,0
17,17,15.712366629763691,18,1.0,0,0
18,18,-45.401203776060555,19,1.0,0,0
19,19,-70.61518506676458,20,1.0,0,0
20,20,73.2824384460777,21,1.0,0,0
21,21,-11.288815024326784,22,1.0,0,0
22,22,3.3764102343961917,23,1.0,0,0
23,23,-71.23740931067285,24,1.0,0,0
24,24,-27.21913622625913,25,1.0,0,0
25,25,5.546129485493304,26,1.0,0,0
26,26,-57.54967887111514,27,1.0,0,0
27,27,18.784900917283597,28,1.0,0,0
28,28,-30.03193449594025,29,1.0,0,0
29,29,-14.58468748966384,30,1.0,0,0
30,30,-30.08533061146985,31,1.0,0,0
31,31,92.61390922544687,32,1.0,0,0
32,32,-0.6748612368966957,33,1.0,0,0
33,33,-52.885546447794994,34,1.0,0,0
34,34,41.12724560515945,35,1.0,0,0
35,35,-61.042182498551114,36,1.0,0,0
36,36,10.44317975023777,37,1.0,0,0
37,37,-97.98350619398876,38,1.0,0,0
38,38,-66.40930244492152,39,1.0,0,0
39,39,9.843061793456176,40,1.0,0,0
40,40,36.92332899977052,41,1.0,0,0
41,41,8.568414059498524,42,1.0,0,0
42,42,-5.782414119412026,43,1.0,0,0
43,43,-15.05518477946444,44,1.0,0,0
44,44,-73.92609951837137,45,1.0,0,0
45,45,-35.99221041973543,46,1.0,0,0
46,46,-23.031938547989377,47,1.0,0,0
47,47,52.856111310945785,48,1.0,0,0
48,48,17.18091447842307,49,1.0,0,0
49,49,-88.1520077681367,50,1.0,0,0
50,50,16.20419846973975,51,1.0,0,0
51,51,-19.254114020815827,52,1.0,0,0
52,52,-33.846100015297935,53,1.0,0,0
53,53,30.58381444204339,54,1.0,0,0
54,54,51.549976124797546,55,1.0,0,0
55,55,46.564005955809925,56,1.0,0,0
56,56,-41.96087616113193,57,1.0,0,0
57,57,-15.460618792560728,58,1.0,0,0
58,58,16.5631715701782,59,1.0,0,0
59,59,48.77725635611796,60,1.0,0,0
60,60,-23.958711892264496,61,1.0,0,0
61,61,-9.282948833190856,62,1.0,0,0
62,62,-55.31674870030141,63,1.0,0,0
63,63,-59.81033120403354,64,1.0,0,0
64,64,40.626291119709904,65,1.0,0,0
65,65,67.81200142854115,66,1.0,0,0
66,66,-3.6005060790166925,67,1.0,0,0
67,67,50.17664489460121,68,1.0,0,0
68,68,18.08180125238171,69,1.0,0,0
69,69,-32.255987730256216,70,1.0,0,0
70,70,18.069780275420698,71,1.0,0,0
71,71,76.90182832329846,72,1.0,0,0
72,72,-1.7913019554975766,73,1.0,0,0
73,73,78.2321827907003,74,1.0,0,0
74,74,-130.9872552044872,75,1.0,0,0
75,75,41.09512521876119,76,1.0,0,0
76,76,4.352353411908567,77,1.0,0,0
77,77,-14.950367523293393,78,1.0,0,0
78,78,4.588038826775115,79,1.0,0,0
79,79,-99.37844573004465,80,1.0,0,0
80,80,-10.983594391875595,81,1.0,0,0
81,81,17.85562857558732,82,1.0,0,0
82,82,73.8947022370758,83,1.0,0,0
83,83,-25.91351091368237,84,1.0,0,0
84,84,-40.42468014465938,85,1.0,0,0
85,85,-25.08785217922683,86,1.0,0,0
86,86,45.7701058851037,87,1.0,0,0
87,87,16.437555482984223,88,1.0,0,0
88,88,-26.48801018835194,89,1.0,0,0
89,89,25.66337165566781,90,1.0,0,0
90,90,4.853877467402019,91,1.0,0,0
91,91,48.43224952664446,92,1.0,0,0
92,92,-35.10265469386762,93,1.0,0,0
93,93,-16.38310732988841,94,1.0,0,0
94,94,-19.60540765660788,95,1.0,0,0
95,95,-73.17574740660592,96,1.0,0,0
96,96,14.806013853228803,97,1.0,0,0
97,97,13.052763608994466,98,1.0,0,0
98,98,0.255672832123045,99,1.0,0,0
99,99,-11.72935666875737,100,1.0,0,0
100,100,-70.76853710252071,101,1.0,0,0
101,101,-21.032266138267953,102,1.0,0,0
102,102,-17.135725826338476,103,1.0,0,0
103,103,-40.113863461080946,104,1.0,0,0
104,104,-8.064285583300457,105,1.0,0,0
105,105,20.20254284072692,106,1.0,0,0
106,106,94.30929506052652,107,1.0,0,0
107,107,8.728890641591947,108,1.0,0,0
108,108,12.877519536138198,109,1.0,0,0
109,109,-3.7222957883083554,110,1.0,0,0
110,110,-95.93856076495209,111,1.0,0,0
111,111,-1.325693772460844,112,1.0,0,0
112,112,3.011510497051322,113,1.0,0,0
113,113,123.16210562426431,114,1.0,0,0
114,114,-9.618048239056126,115,1.0,0,0
115,115,15.077367116680623,116,1.0,0,0
116,116,-1.7355884852621657,117,1.0,0,0
117,117,-58.4339018809766,118,1.0,0,0
118,118,57.14114072575103,119,1.0,0,0
119,119,37.596651634338706,120,1.0,0,0
120,120,39.55159735215234,121,1.0,0,0
121,121,-45.46937273973695,122,1.0,0,0
122,122,70.13971554680496,123,1.0,0,0
123,123,-70.09255313961404,124,1.0,0,0
124,124,29.34285469001351,125,1.0,0,0
125,125,109.52278129049893,126,1.0,0,0
126,126,-49.52681625653442,127,1.0,0,0
127,127,-28.314886480138597,128,1.0,0,0
128,128,4.982568254382061,129,1.0,0,0
129,129,-25.17378270580996,130,1.0,0,0
130,130,-77.53317155330663,131,1.0,0,0
131,131,3.428148740301366,132,1.0,0,0
132,132,-53.115185686305246,133,1.0,0,0
133,133,23.67962153175908,134,1.0,0,0
134,134,-45.97121171169017,135,1.0,0,0
135,135,77.49672025087699,136,1.0,0,0
136,136,-39.16266461681185,137,1.0,0,0
137,137,-16.10307581028378,138,1.0,0,0
138,138,40.67586086848349,139,1.0,0,0
139,139,-61.54321582169776,140,1.0,0,0
140,140,11.37299673020647,141,1.0,0,0
141,141,65.35713771412141,142,1.0,0,0
142,142,-80.37416172806138,143,1.0,0,0
143,143,9.23169292661521,144,1.0,0,0
144,144,12.994139712421171,145,1.0,0,0
145,145,39.0911435888655,146,1.0,0,0
146,146,-61.8475355439041,147,1.0,0,0
147,147,-66.02283065421382,148,1.0,0,0
148,148,26.097078280844883,149,1.0,0,0
149,149,14.849233661659303,150,1.0,0,0
150,150,12.524642517293833,151,1.0,0,0
151,151,17.322410474848795,152,1.0,0,0
152,152,-34.00123607892454,153,1.0,0,0
153,153,11.612684858050178,154,1.0,0,0
154,154,14.653623664934065,155,1.0,0,0
155,155,-35.71757090131839,156,1.0,0,0
156,156,93.28872555723784,157,1.0,0,0
157,157,23.691646045589376,158,1.0,0,0
158,158,-59.56517486013243,159,1.0,0,0
159,159,32.82768043169148,160,1.0,0,0
160,160,-48.73408351136607,161,1.0,0,0
161,161,39.3542301871226,162,1.0,0,0
162,162,57.929778950370206,163,1.0,0,0
163,163,-41.03411591758552,164,1.0,0,0
164,164,48.16880646221609,165,1.0,0,0
165,165,20.639046346824916,166,1.0,0,0
166,166,41.1030079997245,167,1.0,0,0
167,167,94.83964913269736,168,1.0,0,0
168,168,-12.269405800143526,169,1.0,0,0
169,169,-37.68680821787448,170,1.0,0,0
170,170,-44.47572148127617,171,1.0,0,0
171,171,-40.79051424827191,172,1.0,0,0
172,172,-3.855085470705206,173,1.0,0,0
173,173,17.057598740832177,174,1.0,0,0
174,174,13.834539966500952,175,1.0,0,0
175,175,41.35916245180119,176,1.0,0,0
176,176,0.650094593895351,177,1.0,0,0
177,177,72.67670385786585,178,1.0,0,0
178,178,-13.232841661897805,179,1.0,0,0
179,179,136.00845832948093,180,1.0,0,0
180,180,31.283367388250312,181,1.0,0,0
181,181,-42.857877820814124,182,1.0,0,0
182,182,-53.54462490305561,183,1.0,0,0
183,183,24.123620762159263,184,1.0,0,0
184,184,-11.173139266292544,185,1.0,0,0
185,185,35.700024704604594,186,1.0,0,0
186,186,23.66188122867724,187,1.0,0,0
187,187,-3.641445632843639,188,1.0,0,0
188,188,-42.339685903420246,189,1.0,0,0
189,189,-75.74236123429323,190,1.0,0,0
190,190,-22.325747603351054,191,1.0,0,0
191,191,42.819939716173614,192,1.0,0,0
192,192,10.704687206510195,193,1.0,0,0
193,193,-62.2869389355994,194,1.0,0,0
194,194,8.6590462925591,195,1.0,0,0
195,195,19.26586898644184,196,1.0,0,0
196,196,-44.19287181005665,197,1.0,0,0
197,197,7.686255297276396,198,1.0,0,0
198,198,2.9104359222999947,199,1.0,0,0
199,199,-57.14851489153116,200,1.0,0,0
200,200,17.889368017414164,201,1.0,0,0
201,201,28.03922631841172,202,1.0,0,0
202,202,54.15256215876385,203,1.0,0,0
203,203,52.690102601745146,204,1.0,0,0
204,204,-68.88346839785456,205,1.0,0,0
205,205,-46.891251995756136,206,1.0,0,0
206,206,25.75176336043299,200,0.966183574879227,0,0
207,207,25.68929754561044,200,0.9615384615384616,0,0
208,208,25.75238431530239,200,0.9569377990430622,0,0
209,209,192.63657453273603,210,1.0,0,0
210,210,28.544525534658348,200,0.9478672985781991,0,0
211,211,56.778282009029944,200,0.9433962264150944,0,0
212,212,47.70008817466012,213,1.0,0,0
213,213,32.5695625652899,214,1.0,0,0
214,214,-15.76346223201728,200,0.9302325581395349,0,0
215,215,37.94846102466336,200,0.9259259259259259,0,0
216,216,-38.64126072687859,200,0.9216589861751152,0,0
217,217,-11.840930337000444,200,0.9174311926605505,0,0
218,218,-24.268177391455172,219,1.0,0,0
219,219,4.093706969316128,220,1.0,0,0
220,220,115.73292833367545,221,1.0,0,0
221,221,-93.36325962958742,222,1.0,0,0
222,222,34.31300951872568,200,0.8968609865470852,0,0
223,223,-80.6357935594826,224,1.0,0,0
224,224,-23.596593289471677,200,0.8888888888888888,0,0
225,225,54.44752984836831,200,0.8849557522123894,0,0
226,226,3.2140009547731383,227,1.0,0,0
227,227,-53.887238896465306,200,0.8771929824561403,0,0
228,228,-35.76518546299841,200,0.8733624454148472,0,0
229,229,33.97988744673379,200,0.8695652173913043,0,0
230,230,-36.518331585856835,200,0.8658008658008658,0,0
231,231,10.822929479098743,232,1.0,0,0
232,232,2.278591995190689,200,0.8583690987124464,0,0
233,233,-32.58001738029084,234,1.0,0,0
234,234,107.19720446626629,200,0.851063829787234,0,0
235,235,31.695951115900563,236,1.0,0,0
236,236,-101.25712933288035,200,0.8438818565400844,0,0
237,237,9.322715738471382,238,1.0,0,0
238,238,-33.0893232384194,239,1.0,0,0
239,239,42.6216667398112,240,1.0,0,0
240,240,-39.626036921635034,200,0.8298755186721992,0,0
241,241,-5.736822073344951,200,0.8264462809917356,0,0
242,242,25.249363949022857,243,1.0,0,0
243,243,43.28775970850607,200,0.819672131147541,0,0
244,244,-60.01482035278881,200,0.8163265306122449,0,0
245,245,-16.72506179204742,200,0.8130081300813008,0,0
246,246,-23.747265558047808,247,1.0,0,0
247,247,-32.666461628685596,248,1.0,0,0
248,248,88.27271201405485,200,0.8032128514056225,0,0
249,249,20.249085548047777,250,1.0,0,0
250,250,-63.04419771675226,251,1.0,0,0
251,251,45.893097352738806,200,0.7936507936507936,0,0
252,252,106.10780985063168,200,0.7905138339920948,0,0
253,253,51.62326302755734,254,1.0,0,0
254,254,-75.96849829770068,255,1.0,0,0
255,255,-24.211703643312568,256,1.0,0,0
256,256,63.34555745933114,257,1.0,0,0
257,257,-35.383473280939036,258,1.0,0,0
258,258,22.190971407311423,259,1.0,0,0
259,259,38.73170267146684,200,0.7692307692307693,0,0
260,260,-46.34652357890415,261,1.0,0,0
261,261,-2.976267803090004,262,1.0,0,0
262,262,-162.06336700345364,200,0.7604562737642585,0,0
263,263,-51.219382066714495,200,0.7575757575757576,0,0
264,264,-12.628407569658014,265,1.0,0,0
265,265,-62.38915909824247,266,1.0,0,0
266,266,81.62056519658177,267,1.0,0,0
267,267,-71.50706889803163,200,0.746268656716418,0,0
268,268,-22.00222433484919,269,1.0,0,0
269,269,6.537028864304567,270,1.0,0,0
270,270,72.06366445330578,271,1.0,0,0
271,271,-71.79310755897197,272,1.0,0,0
272,272,58.158187607747976,273,1.0,0,0
273,273,0.5116530509793524,274,1.0,0,0
274,274,-49.075432552397544,200,0.7272727272727273,0,0
275,275,23.105173713163538,276,1.0,0,0
276,276,9.952984778673502,277,1.0,0,0
277,277,-30.010843857939733,278,1.0,0,0
278,278,3.490104249500943,200,0.7168458781362007,0,0
279,279,-19.265679843087995,280,1.0,0,0
280,280,5.6758672625624,281,1.0,0,0
281,281,33.10653372605232,282,1.0,0,0
282,282,79.3008408072676,283,1.0,0,0
283,283,-61.89077494134245,200,0.704225352112676,0,0
284,284,106.65166873281332,200,0.7017543859649122,0,0
285,285,-97.60438997612508,200,0.6993006993006993,0,0
286,286,-7.589254751779162,287,1.0,0,0
287,287,29.41586032422881,288,1.0,0,0
288,288,14.049593386751637,289,1.0,0,0
289,289,-31.134975991029695,290,1.0,0,0
290,290,-10.406112517863766,291,1.0,0,0
291,291,-24.650046732941657,200,0.684931506849315,0,0
292,292,-29.468237847210588,200,0.6825938566552902,0,0
293,293,42.48010485105125,200,0.6802721088435374,0,0
294,294,17.850774298252368,295,1.0,0,0
295,295,-34.64547976303271,296,1.0,0,0
296,296,44.979993771662535,297,1.0,0,0
297,297,15.364976043830469,298,1.0,0,0
298,298,40.64310594194801,299,1.0,0,0
299,299,31.48144209618061,300,1.0,0,0
300,300,-41.44975054610362,300,0.9966777408637874,0,0
301,301,-28.009052009848485,302,1.0,0,0
302,302,37.36468025616309,200,0.6600660066006601,0,0
303,303,30.518513271673243,200,0.6578947368421053,0,0
304,304,-1.0450796982074066,300,0.9836065573770492,0,0
305,305,5.8663691654390995,200,0.6535947712418301,0,0
306,306,63.88324478942125,307,1.0,0,0
307,307,-29.578569441791497,308,1.0,0,0
308,308,27.354869058501883,300,0.970873786407767,0,0
309,309,-10.1096326216947,200,0.6451612903225806,0,0
310,310,-10.88406016136102,311,1.0,0,0
311,311,54.93884259935952,312,1.0,0,0
312,312,41.27081744940149,300,0.9584664536741214,0,0
313,313,40.675481800031925,314,1.0,0,0
314,314,65.27394035771646,300,0.9523809523809523,0,0
315,315,1.0501920816379524,316,1.0,0,0
316,316,34.0976485647482,300,0.9463722397476341,0,0
317,317,-15.513337829672802,318,1.0,0,0
318,318,16.208317624422104,319,1.0,0,0
319,319,-6.507152718384229,200,0.625,0,0
320,320,4.849798249635909,321,1.0,0,0
321,321,29.75785127184568,322,1.0,0,0
322,322,-40.911034161673626,323,1.0,0,0
323,323,104.619363784273,300,0.9259259259259259,0,0
324,324,-50.3008690749851,325,1.0,0,0
325,325,-60.70943063938661,326,1.0,0,0
326,326,57.90554367500339,327,1.0,0,0
327,327,39.58313469814679,328,1.0,0,0
328,328,31.205990852607755,329,1.0,0,0
329,329,31.417275463213993,330,1.0,0,0
330,330,-0.6123386423457311,331,1.0,0,0
331,331,-44.86271857429158,300,0.9036144578313253,0,0
332,332,3.7902279096863167,333,1.0,0,0
333,333,-33.858085575605585,334,1.0,0,0
334,334,48.75598667088756,300,0.8955223880597015,0,0
335,335,-7.352869075106932,200,0.5952380952380952,0,0
336,336,-41.27485983962558,337,1.0,0,0
337,337,-16.06929208264967,300,0.8875739644970414,0,0
338,338,20.646572713781225,300,0.8849557522123894,0,0
339,339,-28.186227640198748,340,1.0,0,0
340,340,-41.11101977832157,341,1.0,0,0
341,341,12.184360574595615,342,1.0,0,0
342,342,12.24832855543614,343,1.0,0,0
343,343,-25.34715876855649,200,0.5813953488372093,0,0
344,344,-23.551915280916138,345,1.0,0,0
345,345,11.602496867881817,346,1.0,0,0
346,346,-72.40421707486621,347,1.0,0,0
347,347,-70.37318871882776,200,0.5747126436781609,0,0
348,348,-35.9222110626218,349,1.0,0,0
349,349,-10.672357585592362,350,1.0,0,0
350,350,15.545378279900229,351,1.0,0,0
351,351,73.7678108474776,352,1.0,0,0
352,352,42.88298116010097,353,1.0,0,0
353,353,-7.996926498171356,300,0.847457627118644,0,0
354,354,-0.9508103951344417,355,1.0,0,0
355,355,-50.12646823189044,356,1.0,0,0
356,356,-0.9256567996194952,200,0.5602240896358543,0,0
357,357,-14.432931946006894,358,1.0,0,0
358,358,16.135928016904476,359,1.0,0,0
359,359,-41.361547177616146,300,0.8333333333333334,0,0
360,360,25.967325712058617,300,0.8310249307479224,0,0
361,361,76.63694565012888,362,1.0,0,0
362,362,-5.43800742284288,300,0.8264462809917356,0,0
363,363,20.085586104947073,364,1.0,0,0
364,364,34.507199585555625,365,1.0,0,0
365,365,-20.061023594291814,366,1.0,0,0
366,366,11.204624090520838,367,1.0,0,0
367,367,0.629620039089743,368,1.0,0,0
368,368,4.883804927441586,300,0.8130081300813008,0,0
369,369,-38.65048919277332,200,0.5405405405405406,0,0
370,370,1.2255087129471347,371,1.0,0,0
371,371,24.899914562272475,372,1.0,0,0
372,372,72.55718038975209,373,1.0,0,0
373,373,47.963541304260346,374,1.0,0,0
374,374,107.65912287557782,375,1.0,0,0
375,375,-38.36737814440247,376,1.0,0,0
376,376,43.61603183603391,377,1.0,0,0
377,377,9.167100286917588,378,1.0,0,0
378,378,109.4901466608836,379,1.0,0,0
379,379,-40.414914267757574,380,1.0,0,0
380,380,-41.9860921090388,381,1.0,0,0
381,381,-29.969632272201107,300,0.7853403141361257,0,0
382,382,-106.19478621549034,383,1.0,0,0
383,383,-26.287751084038053,384,1.0,0,0
384,384,-37.9566330776849,385,1.0,0,0
385,385,7.519689323810382,386,1.0,0,0
386,386,17.08779878885797,387,1.0,0,0
387,387,93.80854196079432,388,1.0,0,0
388,388,47.52119190930251,389,1.0,0,0
389,389,-28.845182783120155,390,1.0,0,0
390,390,-44.9207335674179,391,1.0,0,0
391,391,24.595958575325287,200,0.5102040816326531,0,0
392,392,-66.0116603510321,393,1.0,0,0
393,393,91.57293829271768,394,1.0,0,0
394,394,58.97200603606435,395,1.0,0,0
395,395,-23.45878260523524,396,1.0,0,0
396,396,-85.6567264545439,397,1.0,0,0
397,397,67.69361870827066,398,1.0,0,0
398,398,-5.726992262630894,399,1.0,0,0
399,399,61.890815598673086,300,0.75,0,0
400,400,-79.72138293971835,200,0.49875311720698257,0,0
401,401,-29.968751147688643,200,0.4975124378109453,0,0
402,402,0.2621849859091583,400,0.9925558312655087,0,0
403,403,2.3490296882371027,400,0.9900990099009901,0,0
404,404,-22.503273573962183,200,0.49382716049382713,0,0
405,405,31.14249661737494,300,0.7389162561576355,0,0
406,406,-53.38102146912972,300,0.7371007371007371,0,0
407,407,-7.1189742510646745,300,0.7352941176470589,0,0
408,408,6.014781585594943,200,0.4889975550122249,0,0
409,409,25.72194170293745,300,0.7317073170731707,0,0
410,410,35.580743904444475,200,0.48661800486618007,0,0
411,411,-56.23210459189345,400,0.970873786407767,0,0
412,412,-76.70570853678112,200,0.48426150121065376,0,0
413,413,63.88384109492545,400,0.966183574879227,0,0
414,414,16.615700598979583,200,0.4819277108433735,0,0
415,415,-37.42432682782768,400,0.9615384615384616,0,0
416,416,77.55759877612614,400,0.9592326139088729,0,0
417,417,5.783731714642934,300,0.7177033492822966,0,0
418,418,58.96485920319133,200,0.477326968973747,0,0
419,419,3.3759240705054476,200,0.47619047619047616,0,0
420,420,103.03739624409936,200,0.4750593824228028,0,0
421,421,87.76704212216022,422,1.0,0,0
422,422,-12.448207423953676,200,0.4728132387706856,0,0
423,423,48.57854754771777,400,0.9433962264150944,0,0
424,424,32.26879747925738,200,0.47058823529411764,0,0
425,425,68.43157787661744,200,0.4694835680751174,0,0
426,426,-48.24617302900522,400,0.936768149882904,0,0
427,427,34.30257299992196,200,0.4672897196261682,0,0
428,428,52.92122434247939,200,0.4662004662004662,0,0
429,429,-87.93697432115572,200,0.46511627906976744,0,0
430,430,-59.16292563328875,300,0.6960556844547564,0,0
431,431,-101.96160888800505,200,0.46296296296296297,0,0
432,432,-13.470341722227882,200,0.4618937644341801,0,0
433,433,35.877112789798105,434,1.0,0,0
434,434,75.1178526048014,200,0.45977011494252873,0,0
435,435,3.704739020988759,436,1.0,0,0
436,436,81.43077727856459,400,0.9153318077803204,0,0
437,437,-69.00507291074457,200,0.45662100456621,0,0
438,438,-85.16912196775773,200,0.45558086560364464,0,0
439,439,-2.777384944830939,200,0.45454545454545453,0,0
440,440,19.203272446965364,200,0.45351473922902497,0,0
441,441,-1.6347374047046557,400,0.9049773755656109,0,0
442,442,-103.37210500199384,443,1.0,0,0
443,443,-4.4560019756394205,444,1.0,0,0
444,444,-65.22347502524266,200,0.449438202247191,0,0
445,445,33.48362744150192,446,1.0,0,0
446,446,18.329912304842413,447,1.0,0,0
447,447,-46.99398931636776,448,1.0,0,0
448,448,-25.693345866834676,200,0.44543429844098,0,0
449,449,-52.96067609444758,200,0.4444444444444444,0,0
450,450,-3.1339548636585937,400,0.8869179600886918,0,0
451,451,47.75711602506191,200,0.4424778761061947,0,0
452,452,-49.28630231677719,400,0.8830022075055187,0,0
453,453,25.20232577589222,454,1.0,0,0
454,454,-26.51288091862204,200,0.43956043956043955,0,0
455,455,-39.64364161311721,300,0.6578947368421053,0,0
456,456,-5.351517997727892,457,1.0,0,0
457,457,-51.762116120968706,400,0.8733624454148472,0,0
458,458,-27.682465267359103,459,1.0,0,0
459,459,-59.89389462944242,400,0.8695652173913043,0,0
460,460,98.23625664581948,200,0.43383947939262474,0,0
461,461,1.7631775985864306,300,0.6493506493506493,0,0
462,462,-34.98627539962927,400,0.8639308855291576,0,0
463,463,10.6989955367111,200,0.43103448275862066,0,0
464,464,-5.6164024845414815,300,0.6451612903225806,0,0
465,465,-11.04847997666113,466,1.0,0,0
466,466,30.70833500217126,467,1.0,0,0
467,467,37.875385502365255,300,0.6410256410256411,0,0
468,468,-26.525057380526373,469,1.0,0,0
469,469,-28.790912032234,300,0.6382978723404256,0,0
470,470,-13.7525848575822,400,0.8492569002123143,0,0
471,471,-115.09605823677924,200,0.423728813559322,0,0
472,472,-75.75955310992761,200,0.42283298097251587,0,0
473,473,68.34371337222622,200,0.4219409282700422,0,0
474,474,82.24838567506418,200,0.42105263157894735,0,0
475,475,-12.451801977818915,300,0.6302521008403361,0,0
476,476,28.82784815278832,400,0.8385744234800838,0,0
477,477,15.562507727176806,478,1.0,0,0
478,478,153.94404042276187,479,1.0,0,0
479,479,55.97874557172884,200,0.4166666666666667,0,0
480,480,-6.395879574038327,481,1.0,0,0
481,481,-47.777022030021286,300,0.6224066390041494,0,0
482,482,-80.32231601287863,200,0.4140786749482402,0,0
483,483,10.173181793361156,300,0.6198347107438017,0,0
484,484,-37.81753726421517,200,0.41237113402061853,0,0
485,485,-71.11268547988371,200,0.411522633744856,0,0
486,486,-32.328644212126335,200,0.4106776180698152,0,0
487,487,-54.07740018071976,488,1.0,0,0
488,488,84.35708175362824,200,0.40899795501022496,0,0
489,489,44.081987847472526,300,0.6122448979591837,0,0
490,490,-0.3986320658308688,300,0.6109979633401222,0,0
491,491,73.99720694450131,300,0.6097560975609756,0,0
492,492,3.868415382380915,200,0.4056795131845842,0,0
493,493,-43.06421006641318,300,0.6072874493927125,0,0
494,494,76.15620386348286,400,0.8080808080808081,0,0
495,495,26.945502184232932,200,0.4032258064516129,0,0
496,496,-51.86230771632282,400,0.8048289738430584,0,0
497,497,-9.516933904180409,498,1.0,0,0
498,498,-43.78091266923787,499,1.0,0,0
499,499,-69.13998654821681,200,0.4,0,0
500,500,46.30887737658207,200,0.3992015968063872,0,0
501,501,96.47083202350652,200,0.398406374501992,0,0
502,502,-67.92837869095706,200,0.3976143141153082,0,0
503,503,31.148461834528543,500,0.9920634920634921,0,0
504,504,-28.532128456091357,200,0.39603960396039606,0,0
505,505,-19.356269188234812,200,0.3952569169960474,0,0
506,506,-23.61969621194346,400,0.7889546351084813,0,0
507,507,-36.1995384839908,200,0.3937007874015748,0,0
508,508,10.426081397241347,400,0.7858546168958742,0,0
509,509,-32.54750582055189,500,0.9803921568627451,0,0
510,510,23.52284128899194,200,0.3913894324853229,0,0
511,511,8.488094527543153,200,0.390625,0,0
512,512,0.0525976566795129,500,0.9746588693957114,0,0
513,513,-32.378183102079895,200,0.38910505836575876,0,0
514,514,-14.83856652841664,300,0.5825242718446602,0,0
515,515,52.7695612912878,200,0.3875968992248062,0,0
516,516,41.04585938121904,200,0.38684719535783363,0,0
517,517,-31.877762239927556,400,0.7722007722007722,0,0
518,518,22.966615271461293,200,0.3853564547206166,0,0
519,519,56.56935616858945,200,0.38461538461538464,0,0
520,520,-63.47026405606859,500,0.9596928982725528,0,0
521,521,48.16800961899675,200,0.3831417624521073,0,0
522,522,-11.131187947292332,523,1.0,0,0
523,523,51.529933429657966,500,0.9541984732824428,0,0
524,524,-14.162957827125844,300,0.5714285714285714,0,0
525,525,-65.24410503322595,500,0.9505703422053232,0,0
526,526,-55.37712189415814,300,0.5692599620493358,0,0
527,527,29.4042473330691,200,0.3787878787878788,0,0
528,528,40.9861250860741,200,0.3780718336483932,0,0
529,529,-16.21583125522043,200,0.37735849056603776,0,0
530,530,61.9296229388687,200,0.3766478342749529,0,0
531,531,-52.076003113448,200,0.37593984962406013,0,0
532,532,28.69601006763417,200,0.37523452157598497,0,0
533,533,-27.550809988122825,300,0.5617977528089888,0,0
534,534,1.4081946098920426,300,0.5607476635514018,0,0
535,535,37.3699335658207,536,1.0,0,0
536,536,-7.020668264197617,537,1.0,0,0
537,537,17.77222278850873,500,0.929368029739777,0,0
538,538,88.31464046072202,539,1.0,0,0
539,539,10.15540652384256,300,0.5555555555555556,0,0
540,540,81.78460560325709,300,0.5545286506469501,0,0
541,541,-15.485342732880907,542,1.0,0,0
542,542,68.49020889576414,300,0.5524861878453039,0,0
543,543,115.07843103289504,500,0.9191176470588235,0,0
544,544,-79.58222500636447,545,1.0,0,0
545,545,5.15523722647616,300,0.5494505494505495,0,0
546,546,74.853606359027,500,0.9140767824497258,0,0
547,547,36.847730697850366,300,0.5474452554744526,0,0
548,548,66.55729366856545,500,0.9107468123861566,0,0
549,549,18.80074066420897,200,0.36363636363636365,0,0
550,550,54.32948937364499,400,0.7259528130671506,0,0
551,551,43.21613823039603,300,0.5434782608695652,0,0
552,552,110.38910308299036,200,0.3616636528028933,0,0
553,553,65.72104216506065,300,0.5415162454873647,0,0
554,554,70.8801331037601,200,0.36036036036036034,0,0
555,555,34.40615169387663,200,0.3597122302158273,0,0
556,556,31.61968879637532,200,0.3590664272890485,0,0
557,557,35.372090609018954,300,0.5376344086021505,0,0
558,558,77.72260711891484,559,1.0,0,0
559,559,37.95077595898685,200,0.35714285714285715,0,0
560,560,74.48874284482065,200,0.35650623885918004,0,0
561,561,164.7700399322719,300,0.5338078291814946,0,0
562,562,105.55623517158462,300,0.5328596802841918,0,0
563,563,46.698823391607945,200,0.3546099290780142,0,0
564,564,124.06069610819723,200,0.35398230088495575,0,0
565,565,44.59623134892243,300,0.5300353356890459,0,0
566,566,-35.9062267588927,300,0.5291005291005291,0,0
567,567,16.595684454129795,500,0.8802816901408451,0,0
568,568,-25.53959605129279,200,0.351493848857645,0,0
569,569,51.42432579793457,300,0.5263157894736842,0,0
570,570,70.92091895947759,200,0.3502626970227671,0,0
571,571,154.82186561376415,300,0.5244755244755245,0,0
572,572,88.34636868820813,200,0.34904013961605584,0,0
573,573,62.04497355955679,300,0.5226480836236934,0,0
574,574,115.47027905917446,400,0.6956521739130435,0,0
575,575,-35.55676545039425,300,0.5208333333333334,0,0
576,576,87.7807279054283,500,0.8665511265164645,0,0
577,577,115.54325969434834,200,0.3460207612456747,0,0
578,578,4.0706877110079205,579,1.0,0,0
579,579,136.18770216034645,200,0.3448275862068966,0,0
580,580,96.92482037472072,200,0.3442340791738382,0,0
581,581,60.235604304959935,300,0.5154639175257731,0,0
582,582,113.63909330531423,500,0.8576329331046312,0,0
583,583,196.5346428902198,300,0.5136986301369864,0,0
584,584,93.09331275292476,300,0.5128205128205128,0,0
585,585,97.4110293150168,400,0.6825938566552902,0,0
586,586,63.031955022987795,300,0.5110732538330494,0,0
587,587,44.50778152676041,200,0.3401360544217687,0,0
588,588,129.51679082721228,300,0.5093378607809848,0,0
589,589,46.19580870455664,300,0.5084745762711864,0,0
590,590,93.57831186096962,200,0.338409475465313,0,0
591,591,67.11712766174416,400,0.6756756756756757,0,0
592,592,115.9489912873196,300,0.5059021922428331,0,0
593,593,109.68310526434742,200,0.3367003367003367,0,0
594,594,145.87699721289496,500,0.8403361344537815,0,0
595,595,69.49918005726263,300,0.5033557046979866,0,0
596,596,82.50625323533144,500,0.8375209380234506,0,0
597,597,48.061814210884634,300,0.5016722408026756,0,0
598,598,75.78533699619443,400,0.667779632721202,0,0
599,599,117.8650246522426,300,0.5,0,0
600,600,137.8494308322676,200,0.33277870216306155,0,0
601,601,54.89173379111873,400,0.6644518272425249,0,0
602,602,145.480296005283,400,0.6633499170812603,0,0
603,603,170.78189294024753,500,0.8278145695364238,0,0
604,604,124.67174516118504,605,1.0,0,0
605,605,198.8397906279033,400,0.6600660066006601,0,0
606,606,67.31054004482135,400,0.6589785831960461,0,0
607,607,44.76726483442915,400,0.6578947368421053,0,0
608,608,19.063987554786067,300,0.49261083743842365,0,0
609,609,183.80221557445915,500,0.819672131147541,0,0
610,610,142.71828281770289,400,0.6546644844517185,0,0
611,611,108.22076645447724,600,0.9803921568627451,0,0
612,612,125.998431315991,300,0.4893964110929853,0,0
613,613,56.72554763508118,300,0.48859934853420195,0,0
614,614,236.28759898084132,200,0.3252032520325203,0,0
615,615,121.46105909876138,300,0.487012987012987,0,0
616,616,121.46973973024464,200,0.3241491085899514,0,0
617,617,153.2883311949346,200,0.32362459546925565,0,0
618,618,142.05046158683567,200,0.32310177705977383,0,0
619,619,130.19420121395655,200,0.3225806451612903,0,0
620,620,80.47627722773441,400,0.644122383252818,0,0
621,621,144.57341785679978,400,0.6430868167202572,0,0
622,622,216.1012248237517,300,0.48154093097913325,0,0
623,623,190.2710023077489,200,0.32051282051282054,0,0
624,624,203.65933133196987,200,0.32,0,0
625,625,99.43921617844074,500,0.7987220447284346,0,0
626,626,76.51975898707096,400,0.6379585326953748,0,0
627,627,120.7106539950176,400,0.6369426751592356,0,0
628,628,130.78624561443473,200,0.3179650238473768,0,0
629,629,183.70957592354745,300,0.47619047619047616,0,0
630,630,45.37676851425903,300,0.4754358161648177,0,0
631,631,207.47751597303068,300,0.47468354430379744,0,0
632,632,124.09960507105052,200,0.315955766192733,0,0
633,633,111.655946502629,200,0.31545741324921134,0,0
634,634,83.3947812369916,500,0.7874015748031497,0,0
635,635,52.257166406711505,500,0.7861635220125787,0,0
636,636,177.15852919809572,400,0.6279434850863422,0,0
637,637,140.6658983594202,300,0.4702194357366771,0,0
638,638,73.5019550129473,200,0.3129890453834116,0,0
639,639,74.2460613968192,300,0.46875,0,0
640,640,123.2107650354936,500,0.7800312012480499,0,0
641,641,224.45107626446963,600,0.9345794392523364,0,0
642,642,129.02043243181976,200,0.3110419906687403,0,0
643,643,67.8428523440947,300,0.4658385093167702,0,0
644,644,131.7128467957028,400,0.6201550387596899,0,0
645,645,131.36382151261648,400,0.6191950464396285,0,0
646,646,11.155667852921423,400,0.6182380216383307,0,0
647,647,144.28525667410938,400,0.6172839506172839,0,0
648,648,136.4532734895661,500,0.7704160246533128,0,0
649,649,183.8103182406709,650,1.0,0,0
650,650,242.44780474726724,600,0.9216589861751152,0,0
651,651,207.32825147738788,200,0.3067484662576687,0,0
652,652,138.55556547225848,500,0.7656967840735069,0,0
653,653,97.6737045629165,400,0.6116207951070336,0,0
654,654,282.667990162493,400,0.6106870229007634,0,0
655,655,157.9609217007244,400,0.6097560975609756,0,0
656,656,156.6964645956473,200,0.30441400304414,0,0
657,657,155.79374564449984,200,0.303951367781155,0,0
658,658,167.90423803839278,400,0.6069802731411229,0,0
659,659,151.78197940380286,300,0.45454545454545453,0,0
660,660,131.31689965598818,300,0.45385779122541603,0,0
661,661,133.65705293798038,400,0.6042296072507553,0,0
662,662,160.3623364892001,500,0.7541478129713424,0,0
663,663,135.82876144331175,400,0.6024096385542169,0,0
664,664,128.3577108661418,200,0.3007518796992481,0,0
665,665,170.32151138459483,200,0.3003003003003003,0,0
666,666,153.25113912895725,300,0.4497751124437781,0,0
667,667,242.1996494291344,200,0.2994011976047904,0,0
668,668,35.45150958034941,200,0.29895366218236175,0,0
669,669,223.57534259612308,300,0.44776119402985076,0,0
670,670,232.30425962488147,200,0.29806259314456035,0,0
671,671,67.33048837959252,400,0.5952380952380952,0,0
672,672,154.86562029598255,500,0.7429420505200595,0,0
673,673,154.42795670021042,300,0.44510385756676557,0,0
674,674,103.62441526410892,400,0.5925925925925926,0,0
675,675,136.10916562045622,200,0.2958579881656805,0,0
676,676,120.47120772670856,200,0.29542097488921715,0,0
677,677,264.6135221711811,400,0.5899705014749262,0,0
678,678,224.78391965737305,679,1.0,0,0
679,679,242.5777547497079,200,0.29411764705882354,0,0
680,680,216.08360320216175,400,0.5873715124816447,0,0
681,681,124.54741143913856,400,0.5865102639296188,0,0
682,682,155.7739866860113,300,0.43923865300146414,0,0
683,683,207.4687280613959,400,0.5847953216374269,0,0
684,684,122.89360955540272,400,0.583941605839416,0,0
685,685,220.6499215086194,300,0.43731778425655976,0,0
686,686,173.98373009209325,500,0.727802037845706,0,0
687,687,168.25895962252014,200,0.29069767441860467,0,0
688,688,223.5479984101746,400,0.5805515239477503,0,0
689,689,211.213165574302,400,0.5797101449275363,0,0
690,690,171.951691709046,400,0.5788712011577424,0,0
691,691,248.9664901682124,600,0.8670520231213873,0,0
692,692,137.94683362000512,400,0.5772005772005772,0,0
693,693,223.7967803472132,694,1.0,0,0
694,694,223.6550628984192,200,0.28776978417266186,0,0
695,695,179.5226780343005,400,0.5747126436781609,0,0
696,696,212.3066511121059,500,0.7173601147776184,0,0
697,697,134.44432118073485,400,0.5730659025787965,0,0
698,698,244.20135096034505,400,0.5722460658082976,0,0
699,699,189.75489317785053,500,0.7142857142857143,0,0
700,700,173.86384897404804,500,0.7132667617689016,0,0
701,701,253.45046129184448,500,0.7122507122507122,0,0
702,702,166.78281547286204,500,0.7112375533428165,0,0
703,703,132.57693518182202,200,0.2840909090909091,0,0
704,704,126.16854132380482,300,0.425531914893617,0,0
705,705,235.300497567282,300,0.42492917847025496,0,0
706,706,141.97853237518586,400,0.5657708628005658,0,0
707,707,294.7397090992182,400,0.5649717514124294,0,0
708,708,103.9035296058139,400,0.5641748942172073,0,0
709,709,293.8228184145019,400,0.5633802816901409,0,0
710,710,220.5508733601309,400,0.5625879043600562,0,0
711,711,206.1643444064804,500,0.702247191011236,0,0
712,712,184.75404565955253,300,0.42075736325385693,0,0
713,713,232.95680571760352,300,0.42016806722689076,0,0
714,714,212.11826487875757,700,0.9790209790209791,0,0
715,715,270.1650941008261,200,0.27932960893854747,0,0
716,716,221.711382433102,300,0.41841004184100417,0,0
717,717,224.5150880730939,300,0.4178272980501393,0,0
718,718,199.8193893893072,500,0.6954102920723226,0,0
719,719,216.15271881394665,400,0.5555555555555556,0,0
720,720,235.39008844460295,300,0.4160887656033287,0,0
721,721,135.49158036716875,300,0.4155124653739612,0,0
722,722,154.59072889471437,300,0.4149377593360996,0,0
723,723,260.1632047011357,500,0.6906077348066298,0,0
724,724,232.54327190639708,500,0.6896551724137931,0,0
725,725,215.80083318236603,200,0.27548209366391185,0,0
726,726,226.9216966532697,300,0.4126547455295736,0,0
727,727,244.37908526808351,500,0.6868131868131868,0,0
728,728,201.01201598453193,400,0.5486968449931413,0,0
729,729,190.08476372988437,300,0.410958904109589,0,0
730,730,239.7922627548841,700,0.957592339261286,0,0
731,731,182.0813611192484,200,0.273224043715847,0,0
732,732,252.4126377857236,500,0.6821282401091405,0,0
733,733,147.87081978810798,300,0.4087193460490463,0,0
734,734,285.4577818662822,700,0.9523809523809523,0,0
735,735,258.6298741206522,500,0.6793478260869565,0,0
736,736,248.80148671569376,200,0.27137042062415195,0,0
737,737,286.1345491972757,200,0.27100271002710025,0,0
738,738,321.27372222312886,400,0.5412719891745602,0,0
739,739,289.7185032509065,600,0.8108108108108109,0,0
740,740,147.95628843341774,500,0.6747638326585695,0,0
741,741,177.02115166321494,300,0.40431266846361186,0,0
742,742,210.75907111521605,400,0.5383580080753702,0,0
743,743,244.3045525105417,400,0.5376344086021505,0,0
744,744,269.88295102345614,300,0.40268456375838924,0,0
745,745,208.71280934232672,300,0.40214477211796246,0,0
746,746,255.33833822385392,700,0.9370816599732262,0,0
747,747,209.23085338233383,400,0.5347593582887701,0,0
748,748,217.4241098504026,400,0.5340453938584779,0,0
749,749,178.66694515758888,300,0.4,0,0
750,750,203.8383376944548,500,0.6657789613848203,0,0
751,751,183.41576971918332,400,0.5319148936170213,0,0
752,752,203.20633735113336,300,0.398406374501992,0,0
753,753,305.682089830392,400,0.5305039787798409,0,0
754,754,206.5300555584029,700,0.9271523178807947,0,0
755,755,386.61910324186954,500,0.6613756613756614,0,0
756,756,280.6658950440445,400,0.5284015852047557,0,0
757,757,266.2418061847437,500,0.6596306068601583,0,0
758,758,215.08211099093933,400,0.5270092226613966,0,0
759,759,294.01549397044954,500,0.6578947368421053,0,0
760,760,231.2181086881113,500,0.657030223390276,0,0
761,761,267.1004907322681,200,0.26246719160104987,0,0
762,762,390.00422691343977,200,0.2621231979030144,0,0
763,763,258.1970050137675,600,0.7853403141361257,0,0
764,764,321.4636663142838,400,0.5228758169934641,0,0
765,765,229.84117874370563,500,0.6527415143603134,0,0
766,766,264.2505754751519,500,0.651890482398957,0,0
767,767,355.5400317817755,300,0.390625,0,0
768,768,236.65164711061163,200,0.26007802340702213,0,0
769,769,359.62242789984646,500,0.6493506493506493,0,0
770,770,305.38759677277375,400,0.5188067444876784,0,0
771,771,242.8766612052866,700,0.9067357512953368,0,0
772,772,303.620386952776,600,0.7761966364812419,0,0
773,773,321.6277224813365,400,0.5167958656330749,0,0
774,774,305.0904981108598,300,0.3870967741935484,0,0
775,775,196.4887640054772,500,0.6443298969072165,0,0
776,776,239.64314120875656,500,0.6435006435006435,0,0
777,777,264.62406822242474,600,0.7712082262210797,0,0
778,778,274.2783285449977,600,0.7702182284980744,0,0
779,779,310.0336048775339,500,0.6410256410256411,0,0
780,780,288.8850500466627,500,0.6402048655569782,0,0
781,781,214.23278206449493,600,0.7672634271099744,0,0
782,782,301.00989255029816,783,1.0,0,0
783,783,313.52928726419117,600,0.7653061224489796,0,0
784,784,311.989522396552,500,0.6369426751592356,0,0
785,785,339.0390362777311,600,0.7633587786259542,0,0
786,786,327.6961077274452,500,0.6353240152477764,0,0
787,787,309.95900396142184,500,0.6345177664974619,0,0
788,788,284.4917144270677,300,0.38022813688212925,0,0
789,789,205.95195332420045,600,0.759493670886076,0,0
790,790,311.4809109566293,500,0.6321112515802781,0,0
791,791,301.38438435815556,300,0.3787878787878788,0,0
792,792,305.5789418597687,300,0.37831021437578816,0,0
793,793,229.1625712089845,600,0.7556675062972292,0,0
794,794,239.94717297958687,300,0.37735849056603776,0,0
795,795,347.6576426666452,300,0.3768844221105528,0,0
796,796,294.02224230716723,200,0.25094102885821834,0,0
797,797,331.07503486863123,700,0.8771929824561403,0,0
798,798,299.41591880652294,500,0.6257822277847309,0,0
799,799,300.48780697478713,400,0.5,0,0
800,800,346.9141902987999,400,0.4993757802746567,0,0
801,801,275.1977635891313,500,0.6234413965087282,0,0
802,802,306.8060388470492,400,0.49813200498132004,0,0
803,803,279.88623556474784,500,0.6218905472636815,0,0
804,804,282.2751886283842,200,0.2484472049689441,0,0
805,805,289.541393826568,500,0.6203473945409429,0,0
806,806,317.10668858168566,500,0.6195786864931846,0,0
807,807,283.06256891682614,200,0.24752475247524752,0,0
808,808,370.787806278676,500,0.6180469715698393,0,0
809,809,264.2696348890248,300,0.37037037037037035,0,0
810,810,300.65641779193203,500,0.6165228113440198,0,0
811,811,289.01344708629125,500,0.6157635467980296,0,0
812,812,384.3488942176866,200,0.24600246002460024,0,0
813,813,322.8277388255787,600,0.7371007371007371,0,0
814,814,365.59222697343176,400,0.49079754601226994,0,0
815,815,240.72198134815144,500,0.6127450980392157,0,0
816,816,329.35251329346295,400,0.48959608323133413,0,0
817,817,361.4815397811719,400,0.4889975550122249,0,0
818,818,322.11419946377123,200,0.2442002442002442,0,0
819,819,372.2740187532676,400,0.4878048780487805,0,0
820,820,294.13557749498136,500,0.6090133982947625,0,0
821,821,391.46737200927896,500,0.6082725060827251,0,0
822,822,436.9449061809625,300,0.3645200486026732,0,0
823,823,304.85807197801705,500,0.6067961165048543,0,0
824,824,301.7248739299614,500,0.6060606060606061,0,0
825,825,397.66922385588504,600,0.7263922518159807,0,0
826,826,404.9786072865356,700,0.8464328899637243,0,0
827,827,300.8569986423366,400,0.4830917874396135,0,0
828,828,306.99065914520713,600,0.7237635705669482,0,0
829,829,314.9107695569746,400,0.4819277108433735,0,0
830,830,262.77747444828617,400,0.4813477737665463,0,0
831,831,285.0674026757901,300,0.3605769230769231,0,0
832,832,281.7929616623966,500,0.6002400960384153,0,0
833,833,294.61012174479356,700,0.8393285371702638,0,0
834,834,332.2657556306609,300,0.3592814371257485,0,0
835,835,346.710736626826,200,0.23923444976076555,0,0
836,836,413.52502464070386,200,0.23894862604540024,0,0
837,837,287.08229796306046,200,0.2386634844868735,0,0
838,838,387.2161199238292,400,0.4767580452920143,0,0
839,839,328.3005577887246,600,0.7142857142857143,0,0
840,840,337.52681451737834,600,0.713436385255648,0,0
841,841,374.7409746083302,200,0.2375296912114014,0,0
842,842,285.86389892188504,600,0.7117437722419929,0,0
843,843,362.1204873092026,500,0.5924170616113744,0,0
844,844,352.3226104106528,200,0.23668639053254437,0,0
845,845,369.62256320040746,600,0.7092198581560284,0,0
846,846,360.4584321953909,500,0.5903187721369539,0,0
847,847,469.7650069955447,600,0.7075471698113207,0,0
848,848,316.1130007874342,400,0.4711425206124853,0,0
849,849,322.45015224990914,600,0.7058823529411765,0,0
850,850,318.8429736787618,200,0.23501762632197415,0,0
851,851,323.22614404198725,600,0.704225352112676,0,0
852,852,320.13064363467413,500,0.5861664712778429,0,0
853,853,412.4508265553776,400,0.468384074941452,0,0
854,854,425.0252123994927,600,0.7017543859649122,0,0
855,855,326.46268531252616,800,0.9345794392523364,0,0
856,856,314.38222134478855,700,0.8168028004667445,0,0
857,857,380.5707778193202,500,0.5827505827505828,0,0
858,858,330.38884778595144,600,0.6984866123399301,0,0
859,859,390.6465908877756,600,0.6976744186046512,0,0
860,860,370.146151042565,400,0.4645760743321719,0,0
861,861,285.2127942501384,700,0.8120649651972158,0,0
862,862,439.3752600665031,400,0.46349942062572425,0,0
863,863,452.7938836547761,500,0.5787037037037037,0,0
864,864,333.3605654757807,600,0.6936416184971098,0,0
865,865,345.6149220032008,600,0.6928406466512702,0,0
866,866,380.2932695362453,200,0.2306805074971165,0,0
867,867,383.72283949935127,600,0.6912442396313364,0,0
868,868,400.92721363364154,500,0.5753739930955121,0,0
869,869,469.5102269383175,500,0.5747126436781609,0,0
870,870,361.1526386252975,700,0.8036739380022963,0,0
871,871,331.0851377730773,872,1.0,0,0
872,872,303.03403859927363,873,1.0,0,0
873,873,336.45349800290404,400,0.4576659038901602,0,0
874,874,372.34365135631015,600,0.6857142857142857,0,0
875,875,464.7278931758894,500,0.5707762557077626,0,0
876,876,350.1194350481914,300,0.34207525655644244,0,0
877,877,388.18939758194495,200,0.22779043280182232,0,0
878,878,377.1788551963624,700,0.7963594994311718,0,0
879,879,438.4196636724042,500,0.5681818181818182,0,0
880,880,506.3466212936811,200,0.22701475595913734,0,0
881,881,354.45656135398394,400,0.45351473922902497,0,0
882,882,357.5280278740889,500,0.5662514156285391,0,0
883,883,435.2080438534536,600,0.6787330316742082,0,0
884,884,418.0945744813156,400,0.4519774011299435,0,0
885,885,477.3353662868017,400,0.45146726862302483,0,0
886,886,415.1964092662982,800,0.9019165727170236,0,0
887,887,369.035395460647,500,0.5630630630630631,0,0
888,888,417.53274153461547,500,0.562429696287964,0,0
889,889,444.4351790291454,500,0.5617977528089888,0,0
890,890,431.02410905986824,300,0.3367003367003367,0,0
891,891,416.3637015553649,400,0.4484304932735426,0,0
892,892,445.3337344794577,700,0.7838745800671892,0,0
893,893,451.4647795222836,400,0.44742729306487694,0,0
894,894,463.10794955187635,500,0.5586592178770949,0,0
895,895,427.4354943794821,600,0.6696428571428571,0,0
896,896,387.6440959841573,500,0.5574136008918618,0,0
897,897,404.3356843216661,500,0.5567928730512249,0,0
898,898,458.3254483254178,700,0.778642936596218,0,0
899,899,358.1532164506382,200,0.2222222222222222,0,0
900,900,418.43366544364505,500,0.5549389567147613,0,0
901,901,381.333059383632,600,0.6651884700665188,0,0
902,902,403.43724114674086,500,0.5537098560354374,0,0
903,903,466.922593130365,600,0.6637168141592921,0,0
904,904,413.55495340099515,400,0.4419889502762431,0,0
905,905,407.32182740780746,600,0.6622516556291391,0,0
906,906,338.0071929510041,200,0.2205071664829107,0,0
907,907,444.312678301361,300,0.3303964757709251,0,0
908,908,440.2742090570538,200,0.22002200220022003,0,0
909,909,517.162736165273,700,0.7692307692307693,0,0
910,910,394.61108825235,200,0.21953896816684962,0,0
911,911,421.95751638319695,700,0.7675438596491229,0,0
912,912,424.46918418553776,200,0.21905805038335158,0,0
913,913,491.8726639881737,500,0.5470459518599562,0,0
914,914,409.2352233806524,500,0.546448087431694,0,0
915,915,428.95107628851696,400,0.4366812227074236,0,0
916,916,446.39482548582697,600,0.6543075245365322,0,0
917,917,426.33045615781793,600,0.6535947712418301,0,0
918,918,395.6783192724736,500,0.544069640914037,0,0
919,919,428.70449964491536,200,0.21739130434782608,0,0
920,920,473.6815874929886,300,0.3257328990228013,0,0
921,921,369.674235029447,600,0.6507592190889371,0,0
922,922,428.6484837073438,600,0.6500541711809318,0,0
923,923,387.99395925304134,500,0.5411255411255411,0,0
924,924,483.7523314462421,500,0.5405405405405406,0,0
925,925,348.8406547608113,800,0.8639308855291576,0,0
926,926,398.0539076364206,500,0.5393743257820928,0,0
927,927,445.86059375322606,500,0.5387931034482759,0,0
928,928,506.27620146171705,600,0.6458557588805167,0,0
929,929,425.7124869463506,500,0.5376344086021505,0,0
930,930,402.24002366534006,600,0.644468313641246,0,0
931,931,525.0578534720295,500,0.5364806866952789,0,0
932,932,359.5993049791878,500,0.5359056806002144,0,0
933,933,323.0597021689959,600,0.6423982869379015,0,0
934,934,456.00072250266663,400,0.42780748663101603,0,0
935,935,409.89728878236946,500,0.5341880341880342,0,0
936,936,384.9383591434644,500,0.5336179295624333,0,0
937,937,472.41782236496766,700,0.746268656716418,0,0
938,938,450.19003568855993,500,0.5324813631522897,0,0
939,939,410.7960684631636,600,0.6382978723404256,0,0
940,940,375.9847800664553,500,0.5313496280552603,0,0
941,941,484.62286641400726,500,0.5307855626326964,0,0
942,942,474.51005889793305,700,0.7423117709437964,0,0
943,943,438.04120681103086,900,0.9533898305084746,0,0
944,944,536.3318498023833,700,0.7407407407407407,0,0
945,945,391.4957616836923,400,0.42283298097251587,0,0
946,946,369.72374145376307,500,0.5279831045406547,0,0
947,947,412.4045965059378,200,0.2109704641350211,0,0
948,948,445.72069918222513,800,0.8429926238145417,0,0
949,949,461.1669724661346,500,0.5263157894736842,0,0
950,950,437.9381971071835,600,0.6309148264984227,0,0
951,951,468.60276982571486,500,0.5252100840336135,0,0
952,952,389.4230287904778,500,0.5246589716684156,0,0
953,953,525.188230203663,400,0.4192872117400419,0,0
954,954,449.8924410803715,500,0.5235602094240838,0,0
955,955,510.8647915794064,956,1.0,0,0
956,956,473.1362673188852,300,0.31347962382445144,0,0
957,957,479.8376609576892,700,0.7306889352818372,0,0
958,958,486.4883640116102,700,0.7299270072992701,0,0
959,959,481.3854280008657,500,0.5208333333333334,0,0
960,960,492.1361379933772,200,0.2081165452653486,0,0
961,961,527.4576265066215,600,0.6237006237006237,0,0
962,962,471.82605848507353,600,0.6230529595015576,0,0
963,963,498.4501878794256,700,0.7261410788381742,0,0
964,964,459.51321528563864,600,0.6217616580310881,0,0
965,965,537.0058607724736,600,0.6211180124223602,0,0
966,966,432.1803848970365,400,0.4136504653567735,0,0
967,967,557.0470216455408,500,0.5165289256198347,0,0
968,968,465.9921024677829,600,0.6191950464396285,0,0
969,969,397.4612448940976,700,0.7216494845360825,0,0
970,970,476.40522074553945,700,0.7209062821833162,0,0
971,971,436.947417126256,500,0.51440329218107,0,0
972,972,514.0321774494362,700,0.7194244604316546,0,0
973,973,440.3688010348805,500,0.5133470225872689,0,0
974,974,451.69082833926103,500,0.5128205128205128,0,0
975,975,380.52296345272345,400,0.4098360655737705,0,0
976,976,453.38468403754615,600,0.6141248720573184,0,0
977,977,355.8060336685522,700,0.7157464212678937,0,0
978,978,398.80485882571384,600,0.6128702757916241,0,0
979,979,517.0207328072149,700,0.7142857142857143,0,0
980,980,519.2900079325416,600,0.6116207951070336,0,0
981,981,502.27287808924825,200,0.20366598778004075,0,0
982,982,433.6511928435393,300,0.3051881993896236,0,0
983,983,480.614432192901,500,0.508130081300813,0,0
984,984,483.8198730454716,500,0.5076142131979695,0,0
985,985,427.0817655403729,600,0.6085192697768763,0,0
986,986,561.1699150883576,900,0.9118541033434651,0,0
987,987,530.8681145287836,200,0.20242914979757085,0,0
988,988,476.9517913085168,200,0.20222446916076844,0,0
989,989,490.34429194972654,500,0.5050505050505051,0,0
990,990,500.4191403973777,500,0.5045408678102926,0,0
991,991,388.9132565787855,600,0.6048387096774194,0,0
992,992,479.64113087397016,600,0.6042296072507553,0,0
993,993,458.9007876001101,800,0.8048289738430584,0,0
994,994,443.91899950525425,200,0.20100502512562815,0,0
995,995,480.9449853557023,600,0.6024096385542169,0,0
996,996,585.8843263424761,500,0.5015045135406219,0,0
997,997,529.0421430633505,600,0.6012024048096193,0,0
998,998,469.4410505108602,600,0.6006006006006006,0,0
999,999,527.629139067808,600,0.6,0,0
