,Date,N,windows,scaled_windows,MSE,RMSE
0,0,24.83570765056163,,,,
1,1,-6.913215058559233,,,,
2,2,32.38442690503462,,,,
3,3,76.15149282040127,,,,
4,4,-11.7076687361668,,,,
5,5,-11.706847847459027,,,,
6,6,78.96064077536957,,,,
7,7,38.37173645764544,,,,
8,8,-23.473719296747607,,,,
9,9,27.12800217929823,,,,
10,10,-23.170884640623115,,,,
11,11,-23.28648767851284,,,,
12,12,12.098113578301708,,,,
13,13,-95.66401223288987,,,,
14,14,-86.24589162565164,,,,
15,15,-28.114376462048636,,,,
16,16,-50.64155601672119,,,,
17,17,15.712366629763691,,,,
18,18,-45.401203776060555,,,,
19,19,-70.61518506676458,,,,
20,20,73.2824384460777,,,,
21,21,-11.288815024326784,,,,
22,22,3.3764102343961917,,,,
23,23,-71.23740931067285,,,,
24,24,-27.21913622625913,,,,
25,25,5.546129485493304,,,,
26,26,-57.54967887111514,,,,
27,27,18.784900917283597,,,,
28,28,-30.03193449594025,,,,
29,29,-14.58468748966384,,,,
30,30,-30.08533061146985,,,,
31,31,92.61390922544687,,,,
32,32,-0.6748612368966957,,,,
33,33,-52.885546447794994,,,,
34,34,41.12724560515945,,,,
35,35,-61.042182498551114,,,,
36,36,10.44317975023777,,,,
37,37,-97.98350619398876,,,,
38,38,-66.40930244492152,,,,
39,39,9.843061793456176,,,,
40,40,36.92332899977052,,,,
41,41,8.568414059498524,,,,
42,42,-5.782414119412026,,,,
43,43,-15.05518477946444,,,,
44,44,-73.92609951837137,,,,
45,45,-35.99221041973543,,,,
46,46,-23.031938547989377,,,,
47,47,52.856111310945785,,,,
48,48,17.18091447842307,,,,
49,49,-88.1520077681367,,,,
50,50,16.20419846973975,,,,
51,51,-19.254114020815827,,,,
52,52,-33.846100015297935,,,,
53,53,30.58381444204339,,,,
54,54,51.549976124797546,,,,
55,55,46.564005955809925,,,,
56,56,-41.96087616113193,,,,
57,57,-15.460618792560728,,,,
58,58,16.5631715701782,,,,
59,59,48.77725635611796,,,,
60,60,-23.958711892264496,,,,
61,61,-9.282948833190856,,,,
62,62,-55.31674870030141,,,,
63,63,-59.81033120403354,,,,
64,64,40.626291119709904,,,,
65,65,67.81200142854115,,,,
66,66,-3.6005060790166925,,,,
67,67,50.17664489460121,,,,
68,68,18.08180125238171,,,,
69,69,-32.255987730256216,,,,
70,70,18.069780275420698,,,,
71,71,76.90182832329846,,,,
72,72,-1.7913019554975766,,,,
73,73,78.2321827907003,,,,
74,74,-130.9872552044872,,,,
75,75,41.09512521876119,,,,
76,76,4.352353411908567,,,,
77,77,-14.950367523293393,,,,
78,78,4.588038826775115,,,,
79,79,-99.37844573004465,,,,
80,80,-10.983594391875595,,,,
81,81,17.85562857558732,,,,
82,82,73.8947022370758,,,,
83,83,-25.91351091368237,,,,
84,84,-40.42468014465938,,,,
85,85,-25.08785217922683,,,,
86,86,45.7701058851037,,,,
87,87,16.437555482984223,,,,
88,88,-26.48801018835194,,,,
89,89,25.66337165566781,,,,
90,90,4.853877467402019,,,,
91,91,48.43224952664446,,,,
92,92,-35.10265469386762,,,,
93,93,-16.38310732988841,,,,
94,94,-19.60540765660788,,,,
95,95,-73.17574740660592,,,,
96,96,14.806013853228803,,,,
97,97,13.052763608994466,,,,
98,98,0.255672832123045,,,,
99,99,-11.72935666875737,,,,
100,100,-70.76853710252071,,,,
101,101,-21.032266138267953,,,,
102,102,-17.135725826338476,,,,
103,103,-40.113863461080946,,,,
104,104,-8.064285583300457,,,,
105,105,20.20254284072692,,,,
106,106,94.30929506052652,,,,
107,107,8.728890641591947,,,,
108,108,12.877519536138198,,,,
109,109,-3.7222957883083554,,,,
110,110,-95.93856076495209,,,,
111,111,-1.325693772460844,,,,
112,112,3.011510497051322,,,,
113,113,123.16210562426431,,,,
114,114,-9.618048239056126,,,,
115,115,15.077367116680623,,,,
116,116,-1.7355884852621657,,,,
117,117,-58.4339018809766,,,,
118,118,57.14114072575103,,,,
119,119,37.596651634338706,,,,
120,120,39.55159735215234,,,,
121,121,-45.46937273973695,,,,
122,122,70.13971554680496,,,,
123,123,-70.09255313961404,,,,
124,124,29.34285469001351,,,,
125,125,109.52278129049893,,,,
126,126,-49.52681625653442,,,,
127,127,-28.314886480138597,,,,
128,128,4.982568254382061,,,,
129,129,-25.17378270580996,,,,
130,130,-77.53317155330663,,,,
131,131,3.428148740301366,,,,
132,132,-53.115185686305246,,,,
133,133,23.67962153175908,,,,
134,134,-45.97121171169017,,,,
135,135,77.49672025087699,,,,
136,136,-39.16266461681185,,,,
137,137,-16.10307581028378,,,,
138,138,40.67586086848349,,,,
139,139,-61.54321582169776,,,,
140,140,11.37299673020647,,,,
141,141,65.35713771412141,,,,
142,142,-80.37416172806138,,,,
143,143,9.23169292661521,,,,
144,144,12.994139712421171,,,,
145,145,39.0911435888655,,,,
146,146,-61.8475355439041,,,,
147,147,-66.02283065421382,,,,
148,148,26.097078280844883,,,,
149,149,14.849233661659303,,,,
150,150,12.524642517293833,,,,
151,151,17.322410474848795,,,,
152,152,-34.00123607892454,,,,
153,153,11.612684858050178,,,,
154,154,14.653623664934065,,,,
155,155,-35.71757090131839,,,,
156,156,93.28872555723784,,,,
157,157,23.691646045589376,,,,
158,158,-59.56517486013243,,,,
159,159,32.82768043169148,,,,
160,160,-48.73408351136607,,,,
161,161,39.3542301871226,,,,
162,162,57.929778950370206,,,,
163,163,-41.03411591758552,,,,
164,164,48.16880646221609,,,,
165,165,20.639046346824916,,,,
166,166,41.1030079997245,,,,
167,167,94.83964913269736,,,,
168,168,-12.269405800143526,,,,
169,169,-37.68680821787448,,,,
170,170,-44.47572148127617,,,,
171,171,-40.79051424827191,,,,
172,172,-3.855085470705206,,,,
173,173,17.057598740832177,,,,
174,174,13.834539966500952,,,,
175,175,41.35916245180119,,,,
176,176,0.650094593895351,,,,
177,177,72.67670385786585,,,,
178,178,-13.232841661897805,,,,
179,179,136.00845832948093,,,,
180,180,31.283367388250312,,,,
181,181,-42.857877820814124,,,,
182,182,-53.54462490305561,,,,
183,183,24.123620762159263,,,,
184,184,-11.173139266292544,,,,
185,185,35.700024704604594,,,,
186,186,23.66188122867724,,,,
187,187,-3.641445632843639,,,,
188,188,-42.339685903420246,,,,
189,189,-75.74236123429323,,,,
190,190,-22.325747603351054,,,,
191,191,42.819939716173614,,,,
192,192,10.704687206510195,,,,
193,193,-62.2869389355994,,,,
194,194,8.6590462925591,,,,
195,195,19.26586898644184,,,,
196,196,-44.19287181005665,,,,
197,197,7.686255297276396,,,,
198,198,2.9104359222999947,141.0,0.7085427135678392,0.0,0.0
199,199,-57.14851489153116,141.0,0.705,0.0,0.0
200,200,17.889368017414164,141.0,0.7014925373134329,0.0,0.0
201,201,28.03922631841172,141.0,0.698019801980198,0.0,0.0
202,202,54.15256215876385,141.0,0.6945812807881774,0.0,0.0
203,203,52.690102601745146,141.0,0.6911764705882353,0.0,0.0
204,204,-68.88346839785456,141.0,0.6878048780487804,0.0,0.0
205,205,-46.891251995756136,141.0,0.6844660194174758,0.0,0.0
206,206,25.75176336043299,141.0,0.6811594202898551,0.0,0.0
207,207,25.68929754561044,141.0,0.6778846153846154,0.0,0.0
208,208,25.75238431530239,141.0,0.6746411483253588,0.0,0.0
209,209,192.63657453273603,141.0,0.6714285714285714,0.0,0.0
210,210,28.544525534658348,141.0,0.6682464454976303,0.0,0.0
211,211,56.778282009029944,141.0,0.6650943396226415,0.0,0.0
212,212,47.70008817466012,141.0,0.6619718309859155,0.0,0.0
213,213,32.5695625652899,141.0,0.6588785046728972,0.0,0.0
214,214,-15.76346223201728,141.0,0.6558139534883721,0.0,0.0
215,215,37.94846102466336,141.0,0.6527777777777778,0.0,0.0
216,216,-38.64126072687859,141.0,0.6497695852534562,0.0,0.0
217,217,-11.840930337000444,141.0,0.6467889908256881,0.0,0.0
218,218,-24.268177391455172,141.0,0.6438356164383562,0.0,0.0
219,219,4.093706969316128,141.0,0.6409090909090909,0.0,0.0
220,220,115.73292833367545,141.0,0.6380090497737556,0.0,0.0
221,221,-93.36325962958742,141.0,0.6351351351351351,0.0,0.0
222,222,34.31300951872568,141.0,0.6322869955156951,0.0,0.0
223,223,-80.6357935594826,141.0,0.6294642857142857,0.0,0.0
224,224,-23.596593289471677,141.0,0.6266666666666667,0.0,0.0
225,225,54.44752984836831,141.0,0.6238938053097345,0.0,0.0
226,226,3.2140009547731383,141.0,0.6211453744493393,0.0,0.0
227,227,-53.887238896465306,141.0,0.618421052631579,0.0,0.0
228,228,-35.76518546299841,141.0,0.6157205240174672,0.0,0.0
229,229,33.97988744673379,141.0,0.6130434782608696,0.0,0.0
230,230,-36.518331585856835,141.0,0.6103896103896104,0.0,0.0
231,231,10.822929479098743,141.0,0.6077586206896551,0.0,0.0
232,232,2.278591995190689,141.0,0.6051502145922747,0.0,0.0
233,233,-32.58001738029084,141.0,0.6025641025641025,0.0,0.0
234,234,107.19720446626629,141.0,0.6,0.0,0.0
235,235,31.695951115900563,141.0,0.597457627118644,0.0,0.0
236,236,-101.25712933288035,141.0,0.5949367088607594,0.0,0.0
237,237,9.322715738471382,141.0,0.592436974789916,0.0,0.0
238,238,-33.0893232384194,141.0,0.5899581589958159,0.0,0.0
239,239,42.6216667398112,141.0,0.5875,0.0,0.0
240,240,-39.626036921635034,141.0,0.5850622406639004,0.0,0.0
241,241,-5.736822073344951,141.0,0.5826446280991735,0.0,0.0
242,242,25.249363949022857,141.0,0.5802469135802469,0.0,0.0
243,243,43.28775970850607,141.0,0.5778688524590164,0.0,0.0
244,244,-60.01482035278881,141.0,0.5755102040816327,0.0,0.0
245,245,-16.72506179204742,141.0,0.573170731707317,0.0,0.0
246,246,-23.747265558047808,141.0,0.5708502024291497,0.0,0.0
247,247,-32.666461628685596,141.0,0.5685483870967742,0.0,0.0
248,248,88.27271201405485,141.0,0.5662650602409639,0.0,0.0
249,249,20.249085548047777,141.0,0.564,0.0,0.0
250,250,-63.04419771675226,141.0,0.5617529880478087,0.0,0.0
251,251,45.893097352738806,141.0,0.5595238095238095,0.0,0.0
252,252,106.10780985063168,141.0,0.5573122529644269,0.0,0.0
253,253,51.62326302755734,141.0,0.5551181102362205,0.0,0.0
254,254,-75.96849829770068,141.0,0.5529411764705883,0.0,0.0
255,255,-24.211703643312568,141.0,0.55078125,0.0,0.0
256,256,63.34555745933114,141.0,0.5486381322957199,0.0,0.0
257,257,-35.383473280939036,141.0,0.5465116279069767,0.0,0.0
258,258,22.190971407311423,141.0,0.5444015444015444,0.0,0.0
259,259,38.73170267146684,141.0,0.5423076923076923,0.0,0.0
260,260,-46.34652357890415,141.0,0.5402298850574713,0.0,0.0
261,261,-2.976267803090004,141.0,0.5381679389312977,0.0,0.0
262,262,-162.06336700345364,141.0,0.5361216730038023,0.0,0.0
263,263,-51.219382066714495,141.0,0.5340909090909091,0.0,0.0
264,264,-12.628407569658014,141.0,0.5320754716981132,0.0,0.0
265,265,-62.38915909824247,141.0,0.5300751879699248,0.0,0.0
266,266,81.62056519658177,141.0,0.5280898876404494,0.0,0.0
267,267,-71.50706889803163,141.0,0.5261194029850746,0.0,0.0
268,268,-22.00222433484919,141.0,0.5241635687732342,0.0,0.0
269,269,6.537028864304567,141.0,0.5222222222222223,0.0,0.0
270,270,72.06366445330578,141.0,0.5202952029520295,0.0,0.0
271,271,-71.79310755897197,141.0,0.5183823529411765,0.0,0.0
272,272,58.158187607747976,141.0,0.5164835164835165,0.0,0.0
273,273,0.5116530509793524,141.0,0.5145985401459854,0.0,0.0
274,274,-49.075432552397544,141.0,0.5127272727272727,0.0,0.0
275,275,23.105173713163538,141.0,0.5108695652173914,0.0,0.0
276,276,9.952984778673502,141.0,0.5090252707581228,0.0,0.0
277,277,-30.010843857939733,141.0,0.5071942446043165,0.0,0.0
278,278,3.490104249500943,141.0,0.5053763440860215,0.0,0.0
279,279,-19.265679843087995,141.0,0.5035714285714286,0.0,0.0
280,280,5.6758672625624,141.0,0.501779359430605,0.0,0.0
281,281,33.10653372605232,199.0,0.7056737588652482,0.0,0.0
282,282,79.3008408072676,199.0,0.7031802120141343,0.0,0.0
283,283,-61.89077494134245,199.0,0.7007042253521126,0.0,0.0
284,284,106.65166873281332,199.0,0.6982456140350877,0.0,0.0
285,285,-97.60438997612508,199.0,0.6958041958041958,0.0,0.0
286,286,-7.589254751779162,199.0,0.6933797909407665,0.0,0.0
287,287,29.41586032422881,199.0,0.6909722222222222,0.0,0.0
288,288,14.049593386751637,199.0,0.6885813148788927,0.0,0.0
289,289,-31.134975991029695,199.0,0.6862068965517242,0.0,0.0
290,290,-10.406112517863766,199.0,0.6838487972508591,0.0,0.0
291,291,-24.650046732941657,199.0,0.6815068493150684,0.0,0.0
292,292,-29.468237847210588,199.0,0.6791808873720137,0.0,0.0
293,293,42.48010485105125,199.0,0.6768707482993197,0.0,0.0
294,294,17.850774298252368,199.0,0.6745762711864407,0.0,0.0
295,295,-34.64547976303271,199.0,0.6722972972972973,0.0,0.0
296,296,44.979993771662535,199.0,0.67003367003367,0.0,0.0
297,297,15.364976043830469,199.0,0.6677852348993288,0.0,0.0
298,298,40.64310594194801,199.0,0.6655518394648829,0.0,0.0
299,299,31.48144209618061,199.0,0.6633333333333333,0.0,0.0
300,300,-41.44975054610362,199.0,0.6611295681063123,0.0,0.0
301,301,-28.009052009848485,199.0,0.6589403973509934,0.0,0.0
302,302,37.36468025616309,199.0,0.6567656765676567,0.0,0.0
303,303,30.518513271673243,199.0,0.6546052631578947,0.0,0.0
304,304,-1.0450796982074066,199.0,0.6524590163934426,0.0,0.0
305,305,5.8663691654390995,199.0,0.6503267973856209,0.0,0.0
306,306,63.88324478942125,199.0,0.6482084690553745,0.0,0.0
307,307,-29.578569441791497,199.0,0.6461038961038961,0.0,0.0
308,308,27.354869058501883,199.0,0.6440129449838188,0.0,0.0
309,309,-10.1096326216947,199.0,0.6419354838709678,0.0,0.0
310,310,-10.88406016136102,199.0,0.639871382636656,0.0,0.0
311,311,54.93884259935952,199.0,0.6378205128205128,0.0,0.0
312,312,41.27081744940149,199.0,0.6357827476038339,0.0,0.0
313,313,40.675481800031925,199.0,0.6337579617834395,0.0,0.0
314,314,65.27394035771646,199.0,0.6317460317460317,0.0,0.0
315,315,1.0501920816379524,199.0,0.629746835443038,0.0,0.0
316,316,34.0976485647482,199.0,0.6277602523659306,0.0,0.0
317,317,-15.513337829672802,199.0,0.6257861635220126,0.0,0.0
318,318,16.208317624422104,199.0,0.6238244514106583,0.0,0.0
319,319,-6.507152718384229,199.0,0.621875,0.0,0.0
320,320,4.849798249635909,199.0,0.6199376947040498,0.0,0.0
321,321,29.75785127184568,199.0,0.6180124223602484,0.0,0.0
322,322,-40.911034161673626,199.0,0.6160990712074303,0.0,0.0
323,323,104.619363784273,199.0,0.6141975308641975,0.0,0.0
324,324,-50.3008690749851,199.0,0.6123076923076923,0.0,0.0
325,325,-60.70943063938661,199.0,0.6104294478527608,0.0,0.0
326,326,57.90554367500339,199.0,0.6085626911314985,0.0,0.0
327,327,39.58313469814679,199.0,0.6067073170731707,0.0,0.0
328,328,31.205990852607755,199.0,0.6048632218844985,0.0,0.0
329,329,31.417275463213993,199.0,0.603030303030303,0.0,0.0
330,330,-0.6123386423457311,199.0,0.6012084592145015,0.0,0.0
331,331,-44.86271857429158,199.0,0.5993975903614458,0.0,0.0
332,332,3.7902279096863167,199.0,0.5975975975975976,0.0,0.0
333,333,-33.858085575605585,199.0,0.5958083832335329,0.0,0.0
334,334,48.75598667088756,199.0,0.5940298507462687,0.0,0.0
335,335,-7.352869075106932,199.0,0.5922619047619048,0.0,0.0
336,336,-41.27485983962558,199.0,0.5905044510385756,0.0,0.0
337,337,-16.06929208264967,199.0,0.5887573964497042,0.0,0.0
338,338,20.646572713781225,199.0,0.5870206489675516,0.0,0.0
339,339,-28.186227640198748,199.0,0.5852941176470589,0.0,0.0
340,340,-41.11101977832157,199.0,0.5835777126099707,0.0,0.0
341,341,12.184360574595615,199.0,0.5818713450292398,0.0,0.0
342,342,12.24832855543614,199.0,0.5801749271137027,0.0,0.0
343,343,-25.34715876855649,199.0,0.5784883720930233,0.0,0.0
344,344,-23.551915280916138,199.0,0.5768115942028985,0.0,0.0
345,345,11.602496867881817,199.0,0.5751445086705202,0.0,0.0
346,346,-72.40421707486621,199.0,0.5734870317002881,0.0,0.0
347,347,-70.37318871882776,199.0,0.5718390804597702,0.0,0.0
348,348,-35.9222110626218,199.0,0.5702005730659025,0.0,0.0
349,349,-10.672357585592362,199.0,0.5685714285714286,0.0,0.0
350,350,15.545378279900229,199.0,0.5669515669515669,0.0,0.0
351,351,73.7678108474776,199.0,0.5653409090909091,0.0,0.0
352,352,42.88298116010097,199.0,0.5637393767705382,0.0,0.0
353,353,-7.996926498171356,199.0,0.5621468926553672,0.0,0.0
354,354,-0.9508103951344417,199.0,0.5605633802816902,0.0,0.0
355,355,-50.12646823189044,199.0,0.5589887640449438,0.0,0.0
356,356,-0.9256567996194952,199.0,0.5574229691876751,0.0,0.0
357,357,-14.432931946006894,199.0,0.5558659217877095,0.0,0.0
358,358,16.135928016904476,199.0,0.5543175487465181,0.0,0.0
359,359,-41.361547177616146,199.0,0.5527777777777778,0.0,0.0
360,360,25.967325712058617,199.0,0.5512465373961218,0.0,0.0
361,361,76.63694565012888,199.0,0.5497237569060773,0.0,0.0
362,362,-5.43800742284288,199.0,0.5482093663911846,0.0,0.0
363,363,20.085586104947073,199.0,0.5467032967032966,0.0,0.0
364,364,34.507199585555625,199.0,0.5452054794520548,0.0,0.0
365,365,-20.061023594291814,199.0,0.5437158469945356,0.0,0.0
366,366,11.204624090520838,199.0,0.5422343324250681,0.0,0.0
367,367,0.629620039089743,199.0,0.5407608695652174,0.0,0.0
368,368,4.883804927441586,199.0,0.5392953929539296,0.0,0.0
369,369,-38.65048919277332,199.0,0.5378378378378378,0.0,0.0
370,370,1.2255087129471347,199.0,0.5363881401617251,0.0,0.0
371,371,24.899914562272475,199.0,0.5349462365591398,0.0,0.0
372,372,72.55718038975209,199.0,0.5335120643431636,0.0,0.0
373,373,47.963541304260346,199.0,0.5320855614973262,0.0,0.0
374,374,107.65912287557782,199.0,0.5306666666666666,0.0,0.0
375,375,-38.36737814440247,199.0,0.5292553191489362,0.0,0.0
376,376,43.61603183603391,199.0,0.5278514588859416,0.0,0.0
377,377,9.167100286917588,199.0,0.5264550264550265,0.0,0.0
378,378,109.4901466608836,199.0,0.525065963060686,0.0,0.0
379,379,-40.414914267757574,199.0,0.5236842105263158,0.0,0.0
380,380,-41.9860921090388,199.0,0.5223097112860893,0.0,0.0
381,381,-29.969632272201107,199.0,0.5209424083769634,0.0,0.0
382,382,-106.19478621549034,199.0,0.5195822454308094,0.0,0.0
383,383,-26.287751084038053,199.0,0.5182291666666666,0.0,0.0
384,384,-37.9566330776849,199.0,0.5168831168831168,0.0,0.0
385,385,7.519689323810382,199.0,0.5155440414507773,0.0,0.0
386,386,17.08779878885797,199.0,0.5142118863049095,0.0,0.0
387,387,93.80854196079432,199.0,0.5128865979381443,0.0,0.0
388,388,47.52119190930251,199.0,0.5115681233933161,0.0,0.0
389,389,-28.845182783120155,199.0,0.5102564102564102,0.0,0.0
390,390,-44.9207335674179,199.0,0.5089514066496164,0.0,0.0
391,391,24.595958575325287,199.0,0.5076530612244898,0.0,0.0
392,392,-66.0116603510321,199.0,0.5063613231552163,0.0,0.0
393,393,91.57293829271768,199.0,0.5050761421319797,0.0,0.0
394,394,58.97200603606435,199.0,0.5037974683544304,0.0,0.0
395,395,-23.45878260523524,199.0,0.5025252525252525,0.0,0.0
396,396,-85.6567264545439,199.0,0.5012594458438288,0.0,0.0
397,397,67.69361870827066,199.0,0.5,0.0,0.0
398,398,-5.726992262630894,282.0,0.706766917293233,0.0,0.0
399,399,61.890815598673086,282.0,0.705,0.0,0.0
400,400,-79.72138293971835,282.0,0.7032418952618454,0.0,0.0
401,401,-29.968751147688643,282.0,0.7014925373134329,0.0,0.0
402,402,0.2621849859091583,282.0,0.6997518610421837,0.0,0.0
403,403,2.3490296882371027,282.0,0.698019801980198,0.0,0.0
404,404,-22.503273573962183,282.0,0.6962962962962963,0.0,0.0
405,405,31.14249661737494,282.0,0.6945812807881774,0.0,0.0
406,406,-53.38102146912972,282.0,0.6928746928746928,0.0,0.0
407,407,-7.1189742510646745,282.0,0.6911764705882353,0.0,0.0
408,408,6.014781585594943,282.0,0.6894865525672371,0.0,0.0
409,409,25.72194170293745,282.0,0.6878048780487804,0.0,0.0
410,410,35.580743904444475,282.0,0.6861313868613139,0.0,0.0
411,411,-56.23210459189345,282.0,0.6844660194174758,0.0,0.0
412,412,-76.70570853678112,282.0,0.6828087167070218,0.0,0.0
413,413,63.88384109492545,282.0,0.6811594202898551,0.0,0.0
414,414,16.615700598979583,282.0,0.6795180722891566,0.0,0.0
415,415,-37.42432682782768,282.0,0.6778846153846154,0.0,0.0
416,416,77.55759877612614,282.0,0.6762589928057554,0.0,0.0
417,417,5.783731714642934,282.0,0.6746411483253588,0.0,0.0
418,418,58.96485920319133,282.0,0.6730310262529833,0.0,0.0
419,419,3.3759240705054476,282.0,0.6714285714285714,0.0,0.0
420,420,103.03739624409936,282.0,0.669833729216152,0.0,0.0
421,421,87.76704212216022,282.0,0.6682464454976303,0.0,0.0
422,422,-12.448207423953676,282.0,0.6666666666666666,0.0,0.0
423,423,48.57854754771777,282.0,0.6650943396226415,0.0,0.0
424,424,32.26879747925738,282.0,0.6635294117647059,0.0,0.0
425,425,68.43157787661744,282.0,0.6619718309859155,0.0,0.0
426,426,-48.24617302900522,282.0,0.6604215456674473,0.0,0.0
427,427,34.30257299992196,282.0,0.6588785046728972,0.0,0.0
428,428,52.92122434247939,282.0,0.6573426573426573,0.0,0.0
429,429,-87.93697432115572,282.0,0.6558139534883721,0.0,0.0
430,430,-59.16292563328875,282.0,0.654292343387471,0.0,0.0
431,431,-101.96160888800505,282.0,0.6527777777777778,0.0,0.0
432,432,-13.470341722227882,282.0,0.651270207852194,0.0,0.0
433,433,35.877112789798105,282.0,0.6497695852534562,0.0,0.0
434,434,75.1178526048014,282.0,0.6482758620689655,0.0,0.0
435,435,3.704739020988759,282.0,0.6467889908256881,0.0,0.0
436,436,81.43077727856459,282.0,0.6453089244851259,0.0,0.0
437,437,-69.00507291074457,282.0,0.6438356164383562,0.0,0.0
438,438,-85.16912196775773,282.0,0.642369020501139,0.0,0.0
439,439,-2.777384944830939,282.0,0.6409090909090909,0.0,0.0
440,440,19.203272446965364,282.0,0.6394557823129252,0.0,0.0
441,441,-1.6347374047046557,282.0,0.6380090497737556,0.0,0.0
442,442,-103.37210500199384,282.0,0.636568848758465,0.0,0.0
443,443,-4.4560019756394205,282.0,0.6351351351351351,0.0,0.0
444,444,-65.22347502524266,282.0,0.6337078651685393,0.0,0.0
445,445,33.48362744150192,282.0,0.6322869955156951,0.0,0.0
446,446,18.329912304842413,282.0,0.6308724832214765,0.0,0.0
447,447,-46.99398931636776,282.0,0.6294642857142857,0.0,0.0
448,448,-25.693345866834676,282.0,0.6280623608017817,0.0,0.0
449,449,-52.96067609444758,282.0,0.6266666666666667,0.0,0.0
450,450,-3.1339548636585937,282.0,0.6252771618625277,0.0,0.0
451,451,47.75711602506191,282.0,0.6238938053097345,0.0,0.0
452,452,-49.28630231677719,282.0,0.6225165562913907,0.0,0.0
453,453,25.20232577589222,282.0,0.6211453744493393,0.0,0.0
454,454,-26.51288091862204,282.0,0.6197802197802198,0.0,0.0
455,455,-39.64364161311721,282.0,0.618421052631579,0.0,0.0
456,456,-5.351517997727892,282.0,0.6170678336980306,0.0,0.0
457,457,-51.762116120968706,282.0,0.6157205240174672,0.0,0.0
458,458,-27.682465267359103,282.0,0.6143790849673203,0.0,0.0
459,459,-59.89389462944242,282.0,0.6130434782608696,0.0,0.0
460,460,98.23625664581948,282.0,0.6117136659436009,0.0,0.0
461,461,1.7631775985864306,282.0,0.6103896103896104,0.0,0.0
462,462,-34.98627539962927,282.0,0.6090712742980562,0.0,0.0
463,463,10.6989955367111,282.0,0.6077586206896551,0.0,0.0
464,464,-5.6164024845414815,282.0,0.6064516129032258,0.0,0.0
465,465,-11.04847997666113,282.0,0.6051502145922747,0.0,0.0
466,466,30.70833500217126,282.0,0.6038543897216274,0.0,0.0
467,467,37.875385502365255,282.0,0.6025641025641025,0.0,0.0
468,468,-26.525057380526373,282.0,0.6012793176972282,0.0,0.0
469,469,-28.790912032234,282.0,0.6,0.0,0.0
470,470,-13.7525848575822,282.0,0.5987261146496815,0.0,0.0
471,471,-115.09605823677924,282.0,0.597457627118644,0.0,0.0
472,472,-75.75955310992761,282.0,0.5961945031712473,0.0,0.0
473,473,68.34371337222622,282.0,0.5949367088607594,0.0,0.0
474,474,82.24838567506418,282.0,0.5936842105263158,0.0,0.0
475,475,-12.451801977818915,282.0,0.592436974789916,0.0,0.0
476,476,28.82784815278832,282.0,0.5911949685534591,0.0,0.0
477,477,15.562507727176806,282.0,0.5899581589958159,0.0,0.0
478,478,153.94404042276187,282.0,0.5887265135699373,0.0,0.0
479,479,55.97874557172884,282.0,0.5875,0.0,0.0
480,480,-6.395879574038327,282.0,0.5862785862785863,0.0,0.0
481,481,-47.777022030021286,282.0,0.5850622406639004,0.0,0.0
482,482,-80.32231601287863,282.0,0.5838509316770186,0.0,0.0
483,483,10.173181793361156,282.0,0.5826446280991735,0.0,0.0
484,484,-37.81753726421517,282.0,0.5814432989690722,0.0,0.0
485,485,-71.11268547988371,282.0,0.5802469135802469,0.0,0.0
486,486,-32.328644212126335,282.0,0.5790554414784395,0.0,0.0
487,487,-54.07740018071976,282.0,0.5778688524590164,0.0,0.0
488,488,84.35708175362824,282.0,0.5766871165644172,0.0,0.0
489,489,44.081987847472526,282.0,0.5755102040816327,0.0,0.0
490,490,-0.3986320658308688,282.0,0.5743380855397149,0.0,0.0
491,491,73.99720694450131,282.0,0.573170731707317,0.0,0.0
492,492,3.868415382380915,282.0,0.5720081135902637,0.0,0.0
493,493,-43.06421006641318,282.0,0.5708502024291497,0.0,0.0
494,494,76.15620386348286,282.0,0.5696969696969697,0.0,0.0
495,495,26.945502184232932,282.0,0.5685483870967742,0.0,0.0
496,496,-51.86230771632282,282.0,0.5674044265593562,0.0,0.0
497,497,-9.516933904180409,282.0,0.5662650602409639,0.0,0.0
498,498,-43.78091266923787,282.0,0.5651302605210421,0.0,0.0
499,499,-69.13998654821681,282.0,0.564,0.0,0.0
500,500,46.30887737658207,282.0,0.562874251497006,0.0,0.0
501,501,96.47083202350652,282.0,0.5617529880478087,0.0,0.0
502,502,-67.92837869095706,282.0,0.5606361829025845,0.0,0.0
503,503,31.148461834528543,282.0,0.5595238095238095,0.0,0.0
504,504,-28.532128456091357,282.0,0.5584158415841585,0.0,0.0
505,505,-19.356269188234812,282.0,0.5573122529644269,0.0,0.0
506,506,-23.61969621194346,282.0,0.5562130177514792,0.0,0.0
507,507,-36.1995384839908,282.0,0.5551181102362205,0.0,0.0
508,508,10.426081397241347,282.0,0.5540275049115914,0.0,0.0
509,509,-32.54750582055189,282.0,0.5529411764705883,0.0,0.0
510,510,23.52284128899194,282.0,0.5518590998043053,0.0,0.0
511,511,8.488094527543153,282.0,0.55078125,0.0,0.0
512,512,0.0525976566795129,282.0,0.5497076023391813,0.0,0.0
513,513,-32.378183102079895,282.0,0.5486381322957199,0.0,0.0
514,514,-14.83856652841664,282.0,0.5475728155339806,0.0,0.0
515,515,52.7695612912878,282.0,0.5465116279069767,0.0,0.0
516,516,41.04585938121904,282.0,0.5454545454545454,0.0,0.0
517,517,-31.877762239927556,282.0,0.5444015444015444,0.0,0.0
518,518,22.966615271461293,282.0,0.5433526011560693,0.0,0.0
519,519,56.56935616858945,282.0,0.5423076923076923,0.0,0.0
520,520,-63.47026405606859,282.0,0.5412667946257198,0.0,0.0
521,521,48.16800961899675,282.0,0.5402298850574713,0.0,0.0
522,522,-11.131187947292332,282.0,0.5391969407265774,0.0,0.0
523,523,51.529933429657966,282.0,0.5381679389312977,0.0,0.0
524,524,-14.162957827125844,282.0,0.5371428571428571,0.0,0.0
525,525,-65.24410503322595,282.0,0.5361216730038023,0.0,0.0
526,526,-55.37712189415814,282.0,0.5351043643263758,0.0,0.0
527,527,29.4042473330691,282.0,0.5340909090909091,0.0,0.0
528,528,40.9861250860741,282.0,0.5330812854442344,0.0,0.0
529,529,-16.21583125522043,282.0,0.5320754716981132,0.0,0.0
530,530,61.9296229388687,282.0,0.5310734463276836,0.0,0.0
531,531,-52.076003113448,282.0,0.5300751879699248,0.0,0.0
532,532,28.69601006763417,282.0,0.5290806754221389,0.0,0.0
533,533,-27.550809988122825,282.0,0.5280898876404494,0.0,0.0
534,534,1.4081946098920426,282.0,0.5271028037383177,0.0,0.0
535,535,37.3699335658207,282.0,0.5261194029850746,0.0,0.0
536,536,-7.020668264197617,282.0,0.5251396648044693,0.0,0.0
537,537,17.77222278850873,282.0,0.5241635687732342,0.0,0.0
538,538,88.31464046072202,282.0,0.5231910946196661,0.0,0.0
539,539,10.15540652384256,282.0,0.5222222222222223,0.0,0.0
540,540,81.78460560325709,282.0,0.5212569316081331,0.0,0.0
541,541,-15.485342732880907,282.0,0.5202952029520295,0.0,0.0
542,542,68.49020889576414,282.0,0.5193370165745856,0.0,0.0
543,543,115.07843103289504,282.0,0.5183823529411765,0.0,0.0
544,544,-79.58222500636447,282.0,0.5174311926605505,0.0,0.0
545,545,5.15523722647616,282.0,0.5164835164835165,0.0,0.0
546,546,74.853606359027,282.0,0.5155393053016454,0.0,0.0
547,547,36.847730697850366,282.0,0.5145985401459854,0.0,0.0
548,548,66.55729366856545,282.0,0.5136612021857924,0.0,0.0
549,549,18.80074066420897,282.0,0.5127272727272727,0.0,0.0
550,550,54.32948937364499,282.0,0.5117967332123412,0.0,0.0
551,551,43.21613823039603,282.0,0.5108695652173914,0.0,0.0
552,552,110.38910308299036,282.0,0.5099457504520796,0.0,0.0
553,553,65.72104216506065,282.0,0.5090252707581228,0.0,0.0
554,554,70.8801331037601,282.0,0.5081081081081081,0.0,0.0
555,555,34.40615169387663,282.0,0.5071942446043165,0.0,0.0
556,556,31.61968879637532,282.0,0.5062836624775583,0.0,0.0
557,557,35.372090609018954,282.0,0.5053763440860215,0.0,0.0
558,558,77.72260711891484,282.0,0.5044722719141324,0.0,0.0
559,559,37.95077595898685,282.0,0.5035714285714286,0.0,0.0
560,560,74.48874284482065,282.0,0.5026737967914439,0.0,0.0
561,561,164.7700399322719,282.0,0.501779359430605,0.0,0.0
562,562,105.55623517158462,282.0,0.5008880994671403,0.0,0.0
563,563,46.698823391607945,282.0,0.5,0.0,0.0
564,564,124.06069610819723,399.0,0.7061946902654868,0.0,0.0
565,565,44.59623134892243,399.0,0.7049469964664311,0.0,0.0
566,566,-35.9062267588927,399.0,0.7037037037037037,0.0,0.0
567,567,16.595684454129795,399.0,0.7024647887323944,0.0,0.0
568,568,-25.53959605129279,399.0,0.7012302284710018,0.0,0.0
569,569,51.42432579793457,399.0,0.7,0.0,0.0
570,570,70.92091895947759,399.0,0.6987740805604203,0.0,0.0
571,571,154.82186561376415,399.0,0.6975524475524476,0.0,0.0
572,572,88.34636868820813,399.0,0.6963350785340314,0.0,0.0
573,573,62.04497355955679,399.0,0.6951219512195121,0.0,0.0
574,574,115.47027905917446,399.0,0.6939130434782609,0.0,0.0
575,575,-35.55676545039425,399.0,0.6927083333333334,0.0,0.0
576,576,87.7807279054283,399.0,0.6915077989601387,0.0,0.0
577,577,115.54325969434834,399.0,0.6903114186851211,0.0,0.0
578,578,4.0706877110079205,399.0,0.689119170984456,0.0,0.0
579,579,136.18770216034645,399.0,0.6879310344827586,0.0,0.0
580,580,96.92482037472072,399.0,0.6867469879518072,0.0,0.0
581,581,60.235604304959935,399.0,0.6855670103092784,0.0,0.0
582,582,113.63909330531423,399.0,0.6843910806174958,0.0,0.0
583,583,196.5346428902198,399.0,0.6832191780821918,0.0,0.0
584,584,93.09331275292476,399.0,0.6820512820512821,0.0,0.0
585,585,97.4110293150168,399.0,0.6808873720136519,0.0,0.0
586,586,63.031955022987795,399.0,0.6797274275979557,0.0,0.0
587,587,44.50778152676041,399.0,0.6785714285714286,0.0,0.0
588,588,129.51679082721228,399.0,0.6774193548387096,0.0,0.0
589,589,46.19580870455664,399.0,0.676271186440678,0.0,0.0
590,590,93.57831186096962,399.0,0.6751269035532995,0.0,0.0
591,591,67.11712766174416,399.0,0.6739864864864865,0.0,0.0
592,592,115.9489912873196,399.0,0.6728499156829679,0.0,0.0
593,593,109.68310526434742,399.0,0.6717171717171717,0.0,0.0
594,594,145.87699721289496,399.0,0.6705882352941176,0.0,0.0
595,595,69.49918005726263,399.0,0.6694630872483222,0.0,0.0
596,596,82.50625323533144,399.0,0.6683417085427136,0.0,0.0
597,597,48.061814210884634,399.0,0.6672240802675585,0.0,0.0
598,598,75.78533699619443,399.0,0.666110183639399,0.0,0.0
599,599,117.8650246522426,399.0,0.665,0.0,0.0
600,600,137.8494308322676,399.0,0.6638935108153078,0.0,0.0
601,601,54.89173379111873,399.0,0.6627906976744186,0.0,0.0
602,602,145.480296005283,399.0,0.6616915422885572,0.0,0.0
603,603,170.78189294024753,399.0,0.6605960264900662,0.0,0.0
604,604,124.67174516118504,399.0,0.6595041322314049,0.0,0.0
605,605,198.8397906279033,399.0,0.6584158415841584,0.0,0.0
606,606,67.31054004482135,399.0,0.657331136738056,0.0,0.0
607,607,44.76726483442915,399.0,0.65625,0.0,0.0
608,608,19.063987554786067,399.0,0.6551724137931034,0.0,0.0
609,609,183.80221557445915,399.0,0.6540983606557377,0.0,0.0
610,610,142.71828281770289,399.0,0.6530278232405892,0.0,0.0
611,611,108.22076645447724,399.0,0.6519607843137255,0.0,0.0
612,612,125.998431315991,399.0,0.6508972267536705,0.0,0.0
613,613,56.72554763508118,399.0,0.6498371335504886,0.0,0.0
614,614,236.28759898084132,399.0,0.6487804878048781,0.0,0.0
615,615,121.46105909876138,399.0,0.6477272727272727,0.0,0.0
616,616,121.46973973024464,399.0,0.646677471636953,0.0,0.0
617,617,153.2883311949346,399.0,0.6456310679611651,0.0,0.0
618,618,142.05046158683567,399.0,0.6445880452342488,0.0,0.0
619,619,130.19420121395655,399.0,0.6435483870967742,0.0,0.0
620,620,80.47627722773441,399.0,0.642512077294686,0.0,0.0
621,621,144.57341785679978,399.0,0.6414790996784566,0.0,0.0
622,622,216.1012248237517,399.0,0.6404494382022472,0.0,0.0
623,623,190.2710023077489,399.0,0.6394230769230769,0.0,0.0
624,624,203.65933133196987,399.0,0.6384,0.0,0.0
625,625,99.43921617844074,399.0,0.6373801916932907,0.0,0.0
626,626,76.51975898707096,141.0,0.22488038277511962,0.0,0.0
627,627,120.7106539950176,399.0,0.6353503184713376,0.0,0.0
628,628,130.78624561443473,141.0,0.22416534181240064,0.0,0.0
629,629,183.70957592354745,141.0,0.22380952380952382,0.0,0.0
630,630,45.37676851425903,141.0,0.22345483359746435,0.0,0.0
631,631,207.47751597303068,141.0,0.2231012658227848,0.0,0.0
632,632,124.09960507105052,141.0,0.22274881516587677,0.0,0.0
633,633,111.655946502629,141.0,0.222397476340694,0.0,0.0
634,634,83.3947812369916,141.0,0.2220472440944882,0.0,0.0
635,635,52.257166406711505,141.0,0.22169811320754718,0.0,0.0
636,636,177.15852919809572,141.0,0.22135007849293564,0.0,0.0
637,637,140.6658983594202,141.0,0.22100313479623823,0.0,0.0
638,638,73.5019550129473,141.0,0.22065727699530516,0.0,0.0
639,639,74.2460613968192,141.0,0.2203125,0.0,0.0
640,640,123.2107650354936,141.0,0.21996879875195008,0.0,0.0
641,641,224.45107626446963,141.0,0.21962616822429906,0.0,0.0
642,642,129.02043243181976,141.0,0.2192846034214619,0.0,0.0
643,643,67.8428523440947,141.0,0.21894409937888198,0.0,0.0
644,644,131.7128467957028,141.0,0.2186046511627907,0.0,0.0
645,645,131.36382151261648,141.0,0.21826625386996903,0.0,0.0
646,646,11.155667852921423,141.0,0.21792890262751158,0.0,0.0
647,647,144.28525667410938,141.0,0.2175925925925926,0.0,0.0
648,648,136.4532734895661,141.0,0.2172573189522342,0.0,0.0
649,649,183.8103182406709,141.0,0.2169230769230769,0.0,0.0
650,650,242.44780474726724,141.0,0.21658986175115208,0.0,0.0
651,651,207.32825147738788,141.0,0.21625766871165644,0.0,0.0
652,652,138.55556547225848,141.0,0.21592649310872894,0.0,0.0
653,653,97.6737045629165,141.0,0.21559633027522937,0.0,0.0
654,654,282.667990162493,141.0,0.2152671755725191,0.0,0.0
655,655,157.9609217007244,141.0,0.2149390243902439,0.0,0.0
656,656,156.6964645956473,141.0,0.2146118721461187,0.0,0.0
657,657,155.79374564449984,141.0,0.21428571428571427,0.0,0.0
658,658,167.90423803839278,141.0,0.21396054628224584,0.0,0.0
659,659,151.78197940380286,141.0,0.21363636363636362,0.0,0.0
660,660,131.31689965598818,141.0,0.21331316187594554,0.0,0.0
661,661,133.65705293798038,141.0,0.21299093655589124,0.0,0.0
662,662,160.3623364892001,141.0,0.21266968325791855,0.0,0.0
663,663,135.82876144331175,141.0,0.21234939759036145,0.0,0.0
664,664,128.3577108661418,141.0,0.21203007518796993,0.0,0.0
665,665,170.32151138459483,141.0,0.21171171171171171,0.0,0.0
666,666,153.25113912895725,141.0,0.21139430284857572,0.0,0.0
667,667,242.1996494291344,141.0,0.21107784431137724,0.0,0.0
668,668,35.45150958034941,141.0,0.21076233183856502,0.0,0.0
669,669,223.57534259612308,141.0,0.21044776119402986,0.0,0.0
670,670,232.30425962488147,141.0,0.21013412816691504,0.0,0.0
671,671,67.33048837959252,141.0,0.20982142857142858,0.0,0.0
672,672,154.86562029598255,141.0,0.20950965824665677,0.0,0.0
673,673,154.42795670021042,141.0,0.20919881305637983,0.0,0.0
674,674,103.62441526410892,141.0,0.2088888888888889,0.0,0.0
675,675,136.10916562045622,141.0,0.20857988165680474,0.0,0.0
676,676,120.47120772670856,141.0,0.20827178729689808,0.0,0.0
677,677,264.6135221711811,141.0,0.2079646017699115,0.0,0.0
678,678,224.78391965737305,141.0,0.20765832106038293,0.0,0.0
679,679,242.5777547497079,141.0,0.2073529411764706,0.0,0.0
680,680,216.08360320216175,141.0,0.20704845814977973,0.0,0.0
681,681,124.54741143913856,141.0,0.20674486803519063,0.0,0.0
682,682,155.7739866860113,141.0,0.20644216691068815,0.0,0.0
683,683,207.4687280613959,141.0,0.20614035087719298,0.0,0.0
684,684,122.89360955540272,141.0,0.20583941605839415,0.0,0.0
685,685,220.6499215086194,141.0,0.2055393586005831,0.0,0.0
686,686,173.98373009209325,141.0,0.2052401746724891,0.0,0.0
687,687,168.25895962252014,141.0,0.20494186046511628,0.0,0.0
688,688,223.5479984101746,141.0,0.204644412191582,0.0,0.0
689,689,211.213165574302,141.0,0.20434782608695654,0.0,0.0
690,690,171.951691709046,141.0,0.2040520984081042,0.0,0.0
691,691,248.9664901682124,141.0,0.203757225433526,0.0,0.0
692,692,137.94683362000512,141.0,0.20346320346320346,0.0,0.0
693,693,223.7967803472132,141.0,0.20317002881844382,0.0,0.0
694,694,223.6550628984192,141.0,0.20287769784172663,0.0,0.0
695,695,179.5226780343005,141.0,0.2025862068965517,0.0,0.0
696,696,212.3066511121059,141.0,0.20229555236728838,0.0,0.0
697,697,134.44432118073485,141.0,0.2020057306590258,0.0,0.0
698,698,244.20135096034505,141.0,0.2017167381974249,0.0,0.0
699,699,189.75489317785053,141.0,0.20142857142857143,0.0,0.0
700,700,173.86384897404804,141.0,0.20114122681883023,0.0,0.0
701,701,253.45046129184448,141.0,0.20085470085470086,0.0,0.0
702,702,166.78281547286204,141.0,0.20056899004267426,0.0,0.0
703,703,132.57693518182202,141.0,0.2002840909090909,0.0,0.0
704,704,126.16854132380482,141.0,0.2,0.0,0.0
705,705,235.300497567282,141.0,0.19971671388101983,0.0,0.0
706,706,141.97853237518586,141.0,0.19943422913719944,0.0,0.0
707,707,294.7397090992182,141.0,0.19915254237288135,0.0,0.0
708,708,103.9035296058139,141.0,0.19887165021156558,0.0,0.0
709,709,293.8228184145019,141.0,0.19859154929577466,0.0,0.0
710,710,220.5508733601309,141.0,0.19831223628691982,0.0,0.0
711,711,206.1643444064804,141.0,0.19803370786516855,0.0,0.0
712,712,184.75404565955253,141.0,0.19775596072931276,0.0,0.0
713,713,232.95680571760352,141.0,0.19747899159663865,0.0,0.0
714,714,212.11826487875757,141.0,0.1972027972027972,0.0,0.0
715,715,270.1650941008261,141.0,0.19692737430167598,0.0,0.0
716,716,221.711382433102,141.0,0.19665271966527198,0.0,0.0
717,717,224.5150880730939,141.0,0.19637883008356546,0.0,0.0
718,718,199.8193893893072,141.0,0.19610570236439498,0.0,0.0
719,719,216.15271881394665,141.0,0.19583333333333333,0.0,0.0
720,720,235.39008844460295,141.0,0.1955617198335645,0.0,0.0
721,721,135.49158036716875,141.0,0.19529085872576177,0.0,0.0
722,722,154.59072889471437,141.0,0.1950207468879668,0.0,0.0
723,723,260.1632047011357,141.0,0.19475138121546962,0.0,0.0
724,724,232.54327190639708,141.0,0.19448275862068964,0.0,0.0
725,725,215.80083318236603,199.0,0.2741046831955923,0.0,0.0
726,726,226.9216966532697,141.0,0.1939477303988996,0.0,0.0
727,727,244.37908526808351,141.0,0.1936813186813187,0.0,0.0
728,728,201.01201598453193,199.0,0.2729766803840878,0.0,0.0
729,729,190.08476372988437,199.0,0.2726027397260274,0.0,0.0
730,730,239.7922627548841,199.0,0.2722298221614227,0.0,0.0
731,731,182.0813611192484,199.0,0.2718579234972678,0.0,0.0
732,732,252.4126377857236,199.0,0.27148703956343795,0.0,0.0
733,733,147.87081978810798,199.0,0.27111716621253407,0.0,0.0
734,734,285.4577818662822,199.0,0.2707482993197279,0.0,0.0
735,735,258.6298741206522,199.0,0.2703804347826087,0.0,0.0
736,736,248.80148671569376,199.0,0.2700135685210312,0.0,0.0
737,737,286.1345491972757,199.0,0.2696476964769648,0.0,0.0
738,738,321.27372222312886,199.0,0.2692828146143437,0.0,0.0
739,739,289.7185032509065,199.0,0.2689189189189189,0.0,0.0
740,740,147.95628843341774,199.0,0.26855600539811064,0.0,0.0
741,741,177.02115166321494,199.0,0.26819407008086255,0.0,0.0
742,742,210.75907111521605,199.0,0.26783310901749663,0.0,0.0
743,743,244.3045525105417,199.0,0.2674731182795699,0.0,0.0
744,744,269.88295102345614,199.0,0.26711409395973157,0.0,0.0
745,745,208.71280934232672,199.0,0.2667560321715818,0.0,0.0
746,746,255.33833822385392,199.0,0.26639892904953144,0.0,0.0
747,747,209.23085338233383,199.0,0.2660427807486631,0.0,0.0
748,748,217.4241098504026,199.0,0.2656875834445928,0.0,0.0
749,749,178.66694515758888,199.0,0.2653333333333333,0.0,0.0
750,750,203.8383376944548,199.0,0.26498002663115844,0.0,0.0
751,751,183.41576971918332,199.0,0.2646276595744681,0.0,0.0
752,752,203.20633735113336,199.0,0.2642762284196547,0.0,0.0
753,753,305.682089830392,199.0,0.2639257294429708,0.0,0.0
754,754,206.5300555584029,199.0,0.2635761589403974,0.0,0.0
755,755,386.61910324186954,199.0,0.26322751322751325,0.0,0.0
756,756,280.6658950440445,199.0,0.2628797886393659,0.0,0.0
757,757,266.2418061847437,199.0,0.262532981530343,0.0,0.0
758,758,215.08211099093933,199.0,0.2621870882740448,0.0,0.0
759,759,294.01549397044954,199.0,0.2618421052631579,0.0,0.0
760,760,231.2181086881113,199.0,0.2614980289093298,0.0,0.0
761,761,267.1004907322681,199.0,0.26115485564304464,0.0,0.0
762,762,390.00422691343977,199.0,0.2608125819134993,0.0,0.0
763,763,258.1970050137675,199.0,0.2604712041884817,0.0,0.0
764,764,321.4636663142838,199.0,0.2601307189542484,0.0,0.0
765,765,229.84117874370563,199.0,0.2597911227154047,0.0,0.0
766,766,264.2505754751519,199.0,0.25945241199478486,0.0,0.0
767,767,355.5400317817755,199.0,0.2591145833333333,0.0,0.0
768,768,236.65164711061163,199.0,0.258777633289987,0.0,0.0
769,769,359.62242789984646,199.0,0.2584415584415584,0.0,0.0
770,770,305.38759677277375,199.0,0.25810635538262,0.0,0.0
771,771,242.8766612052866,199.0,0.25777202072538863,0.0,0.0
772,772,303.620386952776,199.0,0.2574385510996119,0.0,0.0
773,773,321.6277224813365,199.0,0.2571059431524548,0.0,0.0
774,774,305.0904981108598,199.0,0.2567741935483871,0.0,0.0
775,775,196.4887640054772,199.0,0.25644329896907214,0.0,0.0
776,776,239.64314120875656,199.0,0.25611325611325614,0.0,0.0
777,777,264.62406822242474,199.0,0.25578406169665807,0.0,0.0
778,778,274.2783285449977,199.0,0.2554557124518614,0.0,0.0
779,779,310.0336048775339,199.0,0.2551282051282051,0.0,0.0
780,780,288.8850500466627,199.0,0.25480153649167736,0.0,0.0
781,781,214.23278206449493,199.0,0.2544757033248082,0.0,0.0
782,782,301.00989255029816,199.0,0.2541507024265645,0.0,0.0
783,783,313.52928726419117,199.0,0.2538265306122449,0.0,0.0
784,784,311.989522396552,199.0,0.2535031847133758,0.0,0.0
785,785,339.0390362777311,199.0,0.25318066157760816,0.0,0.0
786,786,327.6961077274452,199.0,0.25285895806861497,0.0,0.0
787,787,309.95900396142184,199.0,0.25253807106598986,0.0,0.0
788,788,284.4917144270677,199.0,0.2522179974651457,0.0,0.0
789,789,205.95195332420045,199.0,0.2518987341772152,0.0,0.0
790,790,311.4809109566293,199.0,0.2515802781289507,0.0,0.0
791,791,301.38438435815556,199.0,0.25126262626262624,0.0,0.0
792,792,305.5789418597687,199.0,0.2509457755359395,0.0,0.0
793,793,229.1625712089845,199.0,0.2506297229219144,0.0,0.0
794,794,239.94717297958687,199.0,0.25031446540880503,0.0,0.0
795,795,347.6576426666452,199.0,0.25,0.0,0.0
796,796,294.02224230716723,199.0,0.24968632371392724,0.0,0.0
797,797,331.07503486863123,199.0,0.24937343358395989,0.0,0.0
798,798,299.41591880652294,199.0,0.2490613266583229,0.0,0.0
799,799,300.48780697478713,199.0,0.24875,0.0,0.0
800,800,346.9141902987999,199.0,0.2484394506866417,0.0,0.0
801,801,275.1977635891313,199.0,0.24812967581047382,0.0,0.0
802,802,306.8060388470492,199.0,0.24782067247820672,0.0,0.0
803,803,279.88623556474784,199.0,0.24751243781094528,0.0,0.0
804,804,282.2751886283842,199.0,0.24720496894409938,0.0,0.0
805,805,289.541393826568,199.0,0.24689826302729528,0.0,0.0
806,806,317.10668858168566,199.0,0.24659231722428748,0.0,0.0
807,807,283.06256891682614,199.0,0.24628712871287128,0.0,0.0
808,808,370.787806278676,199.0,0.24598269468479605,0.0,0.0
809,809,264.2696348890248,199.0,0.24567901234567902,0.0,0.0
810,810,300.65641779193203,199.0,0.24537607891491986,0.0,0.0
811,811,289.01344708629125,199.0,0.24507389162561577,0.0,0.0
812,812,384.3488942176866,199.0,0.24477244772447723,0.0,0.0
813,813,322.8277388255787,199.0,0.24447174447174447,0.0,0.0
814,814,365.59222697343176,199.0,0.2441717791411043,0.0,0.0
815,815,240.72198134815144,199.0,0.24387254901960784,0.0,0.0
816,816,329.35251329346295,199.0,0.24357405140758873,0.0,0.0
817,817,361.4815397811719,199.0,0.24327628361858192,0.0,0.0
818,818,322.11419946377123,199.0,0.24297924297924298,0.0,0.0
819,819,372.2740187532676,199.0,0.2426829268292683,0.0,0.0
820,820,294.13557749498136,199.0,0.24238733252131547,0.0,0.0
821,821,391.46737200927896,199.0,0.24209245742092458,0.0,0.0
822,822,436.9449061809625,199.0,0.24179829890643986,0.0,0.0
823,823,304.85807197801705,199.0,0.24150485436893204,0.0,0.0
824,824,301.7248739299614,199.0,0.2412121212121212,0.0,0.0
825,825,397.66922385588504,199.0,0.24092009685230023,0.0,0.0
826,826,404.9786072865356,199.0,0.24062877871825877,0.0,0.0
827,827,300.8569986423366,199.0,0.24033816425120774,0.0,0.0
828,828,306.99065914520713,199.0,0.24004825090470447,0.0,0.0
829,829,314.9107695569746,199.0,0.2397590361445783,0.0,0.0
830,830,262.77747444828617,199.0,0.2394705174488568,0.0,0.0
831,831,285.0674026757901,199.0,0.23918269230769232,0.0,0.0
832,832,281.7929616623966,199.0,0.2388955582232893,0.0,0.0
833,833,294.61012174479356,199.0,0.23860911270983212,0.0,0.0
834,834,332.2657556306609,199.0,0.23832335329341317,0.0,0.0
835,835,346.710736626826,199.0,0.23803827751196172,0.0,0.0
836,836,413.52502464070386,199.0,0.23775388291517324,0.0,0.0
837,837,287.08229796306046,199.0,0.23747016706443913,0.0,0.0
838,838,387.2161199238292,199.0,0.23718712753277713,0.0,0.0
839,839,328.3005577887246,199.0,0.2369047619047619,0.0,0.0
840,840,337.52681451737834,199.0,0.23662306777645659,0.0,0.0
841,841,374.7409746083302,199.0,0.23634204275534443,0.0,0.0
842,842,285.86389892188504,199.0,0.23606168446026096,0.0,0.0
843,843,362.1204873092026,199.0,0.235781990521327,0.0,0.0
844,844,352.3226104106528,199.0,0.23550295857988165,0.0,0.0
845,845,369.62256320040746,199.0,0.23522458628841608,0.0,0.0
846,846,360.4584321953909,199.0,0.23494687131050768,0.0,0.0
847,847,469.7650069955447,199.0,0.2346698113207547,0.0,0.0
848,848,316.1130007874342,199.0,0.23439340400471143,0.0,0.0
849,849,322.45015224990914,199.0,0.23411764705882354,0.0,0.0
850,850,318.8429736787618,199.0,0.23384253819036427,0.0,0.0
851,851,323.22614404198725,199.0,0.2335680751173709,0.0,0.0
852,852,320.13064363467413,199.0,0.23329425556858147,0.0,0.0
853,853,412.4508265553776,199.0,0.23302107728337237,0.0,0.0
854,854,425.0252123994927,199.0,0.2327485380116959,0.0,0.0
855,855,326.46268531252616,199.0,0.2324766355140187,0.0,0.0
856,856,314.38222134478855,199.0,0.2322053675612602,0.0,0.0
857,857,380.5707778193202,199.0,0.23193473193473194,0.0,0.0
858,858,330.38884778595144,282.0,0.32828870779976715,0.0,0.0
859,859,390.6465908877756,199.0,0.2313953488372093,0.0,0.0
860,860,370.146151042565,282.0,0.32752613240418116,0.0,0.0
861,861,285.2127942501384,199.0,0.2308584686774942,0.0,0.0
862,862,439.3752600665031,199.0,0.23059096176129779,0.0,0.0
863,863,452.7938836547761,199.0,0.23032407407407407,0.0,0.0
864,864,333.3605654757807,199.0,0.2300578034682081,0.0,0.0
865,865,345.6149220032008,199.0,0.22979214780600463,0.0,0.0
866,866,380.2932695362453,199.0,0.2295271049596309,0.0,0.0
867,867,383.72283949935127,282.0,0.3248847926267281,0.0,0.0
868,868,400.92721363364154,199.0,0.2289988492520138,0.0,0.0
869,869,469.5102269383175,199.0,0.22873563218390805,0.0,0.0
870,870,361.1526386252975,199.0,0.22847301951779564,0.0,0.0
871,871,331.0851377730773,199.0,0.22821100917431192,0.0,0.0
872,872,303.03403859927363,199.0,0.2279495990836197,0.0,0.0
873,873,336.45349800290404,199.0,0.22768878718535468,0.0,0.0
874,874,372.34365135631015,199.0,0.22742857142857142,0.0,0.0
875,875,464.7278931758894,199.0,0.2271689497716895,0.0,0.0
876,876,350.1194350481914,199.0,0.22690992018244013,0.0,0.0
877,877,388.18939758194495,282.0,0.3211845102505695,0.0,0.0
878,878,377.1788551963624,199.0,0.22639362912400454,0.0,0.0
879,879,438.4196636724042,199.0,0.22613636363636364,0.0,0.0
880,880,506.3466212936811,199.0,0.22587968217934165,0.0,0.0
881,881,354.45656135398394,199.0,0.2256235827664399,0.0,0.0
882,882,357.5280278740889,282.0,0.319365798414496,0.0,0.0
883,883,435.2080438534536,282.0,0.3190045248868778,0.0,0.0
884,884,418.0945744813156,282.0,0.31864406779661014,0.0,0.0
885,885,477.3353662868017,199.0,0.22460496613995484,0.0,0.0
886,886,415.1964092662982,199.0,0.22435174746335965,0.0,0.0
887,887,369.035395460647,282.0,0.31756756756756754,0.0,0.0
888,888,417.53274153461547,282.0,0.3172103487064117,0.0,0.0
889,889,444.4351790291454,282.0,0.31685393258426964,0.0,0.0
890,890,431.02410905986824,282.0,0.3164983164983165,0.0,0.0
891,891,416.3637015553649,282.0,0.31614349775784756,0.0,0.0
892,892,445.3337344794577,282.0,0.3157894736842105,0.0,0.0
893,893,451.4647795222836,199.0,0.2225950782997763,0.0,0.0
894,894,463.10794955187635,282.0,0.31508379888268156,0.0,0.0
895,895,427.4354943794821,199.0,0.22209821428571427,0.0,0.0
896,896,387.6440959841573,282.0,0.31438127090301005,0.0,0.0
897,897,404.3356843216661,199.0,0.22160356347438753,0.0,0.0
898,898,458.3254483254178,282.0,0.3136818687430478,0.0,0.0
899,899,358.1532164506382,199.0,0.22111111111111112,0.0,0.0
900,900,418.43366544364505,282.0,0.3129855715871254,0.0,0.0
901,901,381.333059383632,282.0,0.31263858093126384,0.0,0.0
902,902,403.43724114674086,282.0,0.3122923588039867,0.0,0.0
903,903,466.922593130365,282.0,0.31194690265486724,0.0,0.0
904,904,413.55495340099515,282.0,0.3116022099447514,0.0,0.0
905,905,407.32182740780746,282.0,0.31125827814569534,0.0,0.0
906,906,338.0071929510041,282.0,0.31091510474090406,0.0,0.0
907,907,444.312678301361,282.0,0.31057268722466963,0.0,0.0
908,908,440.2742090570538,282.0,0.3102310231023102,0.0,0.0
909,909,517.162736165273,282.0,0.3098901098901099,0.0,0.0
910,910,394.61108825235,282.0,0.30954994511525796,0.0,0.0
911,911,421.95751638319695,282.0,0.3092105263157895,0.0,0.0
912,912,424.46918418553776,282.0,0.3088718510405257,0.0,0.0
913,913,491.8726639881737,282.0,0.3085339168490153,0.0,0.0
914,914,409.2352233806524,282.0,0.3081967213114754,0.0,0.0
915,915,428.95107628851696,282.0,0.3078602620087336,0.0,0.0
916,916,446.39482548582697,282.0,0.3075245365321701,0.0,0.0
917,917,426.33045615781793,282.0,0.30718954248366015,0.0,0.0
918,918,395.6783192724736,282.0,0.3068552774755169,0.0,0.0
919,919,428.70449964491536,282.0,0.3065217391304348,0.0,0.0
920,920,473.6815874929886,282.0,0.30618892508143325,0.0,0.0
921,921,369.674235029447,282.0,0.30585683297180044,0.0,0.0
922,922,428.6484837073438,282.0,0.3055254604550379,0.0,0.0
923,923,387.99395925304134,282.0,0.3051948051948052,0.0,0.0
924,924,483.7523314462421,282.0,0.30486486486486486,0.0,0.0
925,925,348.8406547608113,282.0,0.3045356371490281,0.0,0.0
926,926,398.0539076364206,282.0,0.3042071197411003,0.0,0.0
927,927,445.86059375322606,282.0,0.30387931034482757,0.0,0.0
928,928,506.27620146171705,282.0,0.30355220667384286,0.0,0.0
929,929,425.7124869463506,282.0,0.3032258064516129,0.0,0.0
930,930,402.24002366534006,282.0,0.3029001074113856,0.0,0.0
931,931,525.0578534720295,282.0,0.30257510729613735,0.0,0.0
932,932,359.5993049791878,282.0,0.3022508038585209,0.0,0.0
933,933,323.0597021689959,282.0,0.3019271948608137,0.0,0.0
934,934,456.00072250266663,282.0,0.3016042780748663,0.0,0.0
935,935,409.89728878236946,282.0,0.30128205128205127,0.0,0.0
936,936,384.9383591434644,282.0,0.30096051227321235,0.0,0.0
937,937,472.41782236496766,282.0,0.3006396588486141,0.0,0.0
938,938,450.19003568855993,282.0,0.3003194888178914,0.0,0.0
939,939,410.7960684631636,282.0,0.3,0.0,0.0
940,940,375.9847800664553,282.0,0.29968119022316686,0.0,0.0
941,941,484.62286641400726,282.0,0.29936305732484075,0.0,0.0
942,942,474.51005889793305,282.0,0.2990455991516437,0.0,0.0
943,943,438.04120681103086,282.0,0.298728813559322,0.0,0.0
944,944,536.3318498023833,282.0,0.2984126984126984,0.0,0.0
945,945,391.4957616836923,282.0,0.29809725158562367,0.0,0.0
946,946,369.72374145376307,282.0,0.29778247096092925,0.0,0.0
947,947,412.4045965059378,282.0,0.2974683544303797,0.0,0.0
948,948,445.72069918222513,282.0,0.2971548998946259,0.0,0.0
949,949,461.1669724661346,282.0,0.2968421052631579,0.0,0.0
950,950,437.9381971071835,282.0,0.29652996845425866,0.0,0.0
951,951,468.60276982571486,282.0,0.296218487394958,0.0,0.0
952,952,389.4230287904778,282.0,0.29590766002098634,0.0,0.0
953,953,525.188230203663,282.0,0.29559748427672955,0.0,0.0
954,954,449.8924410803715,282.0,0.29528795811518327,0.0,0.0
955,955,510.8647915794064,282.0,0.29497907949790797,0.0,0.0
956,956,473.1362673188852,282.0,0.2946708463949843,0.0,0.0
957,957,479.8376609576892,282.0,0.29436325678496866,0.0,0.0
958,958,486.4883640116102,282.0,0.2940563086548488,0.0,0.0
959,959,481.3854280008657,282.0,0.29375,0.0,0.0
960,960,492.1361379933772,282.0,0.2934443288241415,0.0,0.0
961,961,527.4576265066215,282.0,0.29313929313929316,0.0,0.0
962,962,471.82605848507353,282.0,0.29283489096573206,0.0,0.0
963,963,498.4501878794256,282.0,0.2925311203319502,0.0,0.0
964,964,459.51321528563864,282.0,0.2922279792746114,0.0,0.0
965,965,537.0058607724736,282.0,0.2919254658385093,0.0,0.0
966,966,432.1803848970365,282.0,0.29162357807652534,0.0,0.0
967,967,557.0470216455408,282.0,0.29132231404958675,0.0,0.0
968,968,465.9921024677829,282.0,0.29102167182662536,0.0,0.0
969,969,397.4612448940976,282.0,0.2907216494845361,0.0,0.0
970,970,476.40522074553945,282.0,0.29042224510813597,0.0,0.0
971,971,436.947417126256,282.0,0.29012345679012347,0.0,0.0
972,972,514.0321774494362,282.0,0.289825282631038,0.0,0.0
973,973,440.3688010348805,282.0,0.28952772073921973,0.0,0.0
974,974,451.69082833926103,282.0,0.28923076923076924,0.0,0.0
975,975,380.52296345272345,282.0,0.2889344262295082,0.0,0.0
976,976,453.38468403754615,282.0,0.28863868986693964,0.0,0.0
977,977,355.8060336685522,282.0,0.2883435582822086,0.0,0.0
978,978,398.80485882571384,282.0,0.28804902962206336,0.0,0.0
979,979,517.0207328072149,282.0,0.28775510204081634,0.0,0.0
980,980,519.2900079325416,282.0,0.2874617737003058,0.0,0.0
981,981,502.27287808924825,282.0,0.28716904276985744,0.0,0.0
982,982,433.6511928435393,282.0,0.28687690742624616,0.0,0.0
983,983,480.614432192901,282.0,0.2865853658536585,0.0,0.0
984,984,483.8198730454716,282.0,0.2862944162436548,0.0,0.0
985,985,427.0817655403729,282.0,0.28600405679513186,0.0,0.0
986,986,561.1699150883576,282.0,0.2857142857142857,0.0,0.0
987,987,530.8681145287836,282.0,0.2854251012145749,0.0,0.0
988,988,476.9517913085168,282.0,0.2851365015166835,0.0,0.0
989,989,490.34429194972654,282.0,0.28484848484848485,0.0,0.0
990,990,500.4191403973777,282.0,0.28456104944500504,0.0,0.0
991,991,388.9132565787855,282.0,0.2842741935483871,0.0,0.0
992,992,479.64113087397016,282.0,0.283987915407855,0.0,0.0
993,993,458.9007876001101,282.0,0.2837022132796781,0.0,0.0
994,994,443.91899950525425,282.0,0.2834170854271357,0.0,0.0
995,995,480.9449853557023,282.0,0.28313253012048195,0.0,0.0
996,996,585.8843263424761,282.0,0.28284854563691075,0.0,0.0
997,997,529.0421430633505,282.0,0.28256513026052105,0.0,0.0
998,998,469.4410505108602,282.0,0.2822822822822823,0.0,0.0
999,999,527.629139067808,282.0,0.282,0.0,0.0
