Date,N,windows,scaled_windows,MSE,RMSE
0,-0.9891213503478508,,,,
1,-1.257995866780949,,,,
2,0.1458377676829159,,,,
3,0.3027572378759495,,,,
4,1.181590832737231,,,,
5,1.645021490776348,,,,
6,0.8588991760338642,,,,
7,1.343227602075907,,,,
8,0.9173485973706024,,,,
9,0.5252458892556796,,,,
10,0.592494380995034,,,,
11,-0.978259518757158,,,,
12,0.3229099399227234,,,,
13,-0.3843283806212796,,,,
14,0.6478203813119643,,,,
15,0.7187452826268999,,,,
16,2.181538753999913,,,,
17,1.3170811214474898,,,,
18,0.9025809931990914,,,,
19,1.1850782191924822,,,,
20,-1.1187040797801044,,,,
21,-0.1580356381194414,,,,
22,1.4000620617772446,,,,
23,2.374095251685553,,,,
24,2.9038756350658264,,,,
25,2.505251751578648,,,,
26,3.58940851234801,,,,
27,4.358589556951597,,,,
28,4.376298048472975,,,,
29,4.023262537147657,,,,
30,3.346518287326214,,,,
31,1.8656298689593545,,,,
32,2.9789939831293086,,,,
33,0.5611721796940516,,,,
34,0.1833538543932177,,,,
35,0.3648002002567975,,,,
36,1.1956466251847273,,,,
37,2.843224739724566,,,,
38,3.5678305099583354,,,,
39,2.959914746513157,,,,
40,3.4561613822478128,,,,
41,1.91422237966805,,,,
42,3.2168994296775617,,,,
43,2.7924379994995587,,,,
44,1.8907462676560016,,,,
45,1.1227049147499673,,,,
46,0.995904938326153,,,,
47,0.5336640337476541,,,,
48,2.7913936762182283,,,,
49,1.8093688504365475,,,,
50,1.6942902856495223,,,,
51,1.5989187779367569,,,,
52,1.5023356142436797,,,,
53,1.4403800054078832,,,,
54,0.8457916905989503,,,,
55,0.2072321772714519,,,,
56,-0.6527898255669091,,,,
57,-2.0651552175831043,,,,
58,-1.6467884391985363,,,,
59,-0.5249126950143067,,,,
60,-1.0526250030933206,,,,
61,-1.527694553169901,,,,
62,-1.707183304156635,,,,
63,-2.022907910542508,,,,
64,-3.2892356470864668,,,,
65,-1.6325049624878925,,,,
66,-1.0833760142579263,,,,
67,-1.7359508461259097,,,,
68,-1.2923428097409255,,,,
69,-1.6297590699864035,,,,
70,-1.7087035329211115,,,,
71,-1.2030903668471595,,,,
72,-0.1632014642169845,,,,
73,1.343524872448309,,,,
74,2.899418915841875,,,,
75,2.372421550909058,,,,
76,1.6778602425675446,,,,
77,1.6623901249003177,,,,
78,1.6649971426333647,,,,
79,0.7976780395998474,,,,
80,0.1307088200804365,,,,
81,0.9555384103155732,,,,
82,2.5110694516215792,,,,
83,2.044324130384209,,,,
84,1.2265925849698205,,,,
85,0.8661160556687064,,,,
86,-0.1829177427146679,,,,
87,-0.416570651826124,,,,
88,0.0543625379537832,,,,
89,-0.0384115613763581,,,,
90,1.1963851106841603,,,,
91,1.2277941416019529,,,,
92,1.5977139902690594,,,,
93,1.3134268513555216,,,,
94,2.526004954099035,,,,
95,1.080170264898806,,,,
96,0.7069562161632414,,,,
97,-0.5013663289432957,,,,
98,0.3929150757733423,,,,
99,1.206001756691232,,,,
100,0.5685494754771424,,,,
101,2.1857970145575623,,,,
102,1.6877002297842354,,,,
103,0.1630965517577862,,,,
104,-0.095682635810752,,,,
105,0.2924141055268187,,,,
106,0.0294548192065376,,,,
107,2.2939972518502536,,,,
108,2.923202866692502,,,,
109,4.385396539456648,,,,
110,5.384914329787354,,,,
111,3.233724212501354,,,,
112,2.630296293278509,,,,
113,-0.2750326374993004,,,,
114,-0.8352859045985312,,,,
115,0.3868995782028276,,,,
116,-0.5061046609778611,,,,
117,-1.0966664961102106,,,,
118,-0.6620577298005769,,,,
119,0.1754368327989381,,,,
120,-0.2160074768721177,,,,
121,-0.4550851135950681,,,,
122,0.3989993938263497,,,,
123,0.6064472134032157,,,,
124,0.2599548637513032,,,,
125,0.5585173357033568,,,,
126,0.5874511310549216,,,,
127,0.7915236634429488,,,,
128,2.7250621635688983,,,,
129,2.1611377714816,,,,
130,1.4404269946571002,,,,
131,2.758877088651655,,,,
132,1.813304383369287,,,,
133,3.393856461542694,,,,
134,2.905994823896676,,,,
135,2.741306468000397,,,,
136,3.263802615195622,,,,
137,4.207005062008131,,,,
138,4.8433542983071725,,,,
139,4.230091589992733,,,,
140,3.531157189098767,,,,
141,3.6162485751268743,,,,
142,3.466955277636461,,,,
143,2.5494607002847056,,,,
144,2.776074743624372,,,,
145,3.5527510492026217,,,,
146,3.4172380036953163,,,,
147,4.702802178305029,,,,
148,4.712523980277922,,,,
149,4.166658983263866,,,,
150,3.944361236454728,,,,
151,3.0786070752764143,,,,
152,1.8205586018189657,,,,
153,2.185260936087391,,,,
154,1.1624761816886795,,,,
155,0.727994786569073,,,,
156,0.5994726253849776,,,,
157,0.9435342467114654,,,,
158,1.3236174827707892,,,,
159,1.260909346042437,,,,
160,-0.7738177253150642,,,,
161,-0.8771833828355056,,,,
162,-1.560133538251791,,,,
163,-1.531977747574148,,,,
164,-0.4118269793569208,,,,
165,0.4032588969953312,,,,
166,0.5638252280818148,,,,
167,1.0131168218626274,,,,
168,-0.566932219807574,,,,
169,-0.2996021116350952,,,,
170,0.3593307244979253,,,,
171,-0.3913949773530796,,,,
172,0.0533294084199731,,,,
173,-0.3331504262596105,,,,
174,0.6972907120337415,,,,
175,1.733182216713867,,,,
176,1.0287223042431788,,,,
177,2.4130773922512003,,,,
178,2.009308401470185,,,,
179,3.904740116455245,,,,
180,3.0669357478827872,,,,
181,2.8831389723143146,,,,
182,2.8777312519769502,,,,
183,1.898662826115264,,,,
184,0.0410257174755861,,,,
185,-0.7149168602035973,,,,
186,0.4555773806918541,,,,
187,0.0746141236686044,,,,
188,-0.262147290459051,,,,
189,1.286171257073007,,,,
190,1.649216591890399,,,,
191,2.196843530980881,,,,
192,2.8559617157592485,,,,
193,1.7014081762454103,,,,
194,1.7065216022787202,,,,
195,1.7316600324273206,,,,
196,1.4337067139093342,,,,
197,0.2316860492258854,,,,
198,0.7039508669727356,,,,
199,-1.0082531218675903,,,,
200,-1.8351382057004573,,,,
201,-2.4640055524051863,,,,
202,-2.6581705981336357,,,,
203,-1.5942523796295565,,,,
204,0.1706315285825381,,,,
205,1.833339470510112,,,,
206,2.4420286934150814,,,,
207,2.657559401814801,,,,
208,0.0980082764478109,,,,
209,1.2693229757568547,,,,
210,3.7988929218389256,,,,
211,3.885553374835715,,,,
212,3.7817195110911377,,,,
213,4.179087849801316,,,,
214,4.566480379153194,,,,
215,4.32435674969398,,,,
216,3.605560890967182,,,,
217,3.695672382828244,,,,
218,2.033615111406726,,,,
219,0.0208393897087277,,,,
220,1.4369869664017123,,,,
221,0.8557714844368963,,,,
222,1.50072807599527,,,,
223,2.928176842353762,,,,
224,3.8792045033305143,,,,
225,2.982180393523146,,,,
226,3.076790197138251,,,,
227,1.6716380484002311,,,,
228,1.4604908480494958,,,,
229,2.407942996708261,,,,
230,2.2304962263645978,,,,
231,-0.8052383555510056,,,,
232,-2.9295935348085163,,,,
233,-3.4239671731891455,,,,
234,-1.785677115474939,,,,
235,-1.4715597498440678,,,,
236,-1.2352270937340843,,,,
237,-2.460243936584105,,,,
238,-2.094855759893232,,,,
239,-4.197497205989968,,,,
240,-3.4814662990688956,,,,
241,-2.017002827202179,,,,
242,-2.709679506532224,,,,
243,-1.4093001694462497,,,,
244,-2.035532357543629,,,,
245,-1.7257941652963087,,,,
246,-1.7235992272898577,,,,
247,-1.4949850483003648,,,,
248,0.1469732577378901,,,,
249,0.9813060572670104,,,,
250,0.1919738864888488,,,,
251,-2.580902935365825,,,,
252,-1.4162764646614534,,,,
253,-0.5346285812461293,,,,
254,-0.3556259894072144,,,,
255,-0.8977632099013247,,,,
256,0.7815184047057684,,,,
257,-1.0963791928725048,,,,
258,-1.7722820636032792,,,,
259,-3.0645477516101343,,,,
260,-2.41547249569571,,,,
261,-2.688836062679803,,,,
262,-0.363562279177315,,,,
263,-0.3604427045114811,,,,
264,-0.5937294220714004,,,,
265,0.0311038709427504,,,,
266,-0.713745048386642,,,,
267,-1.7319060468500629,,,,
268,-1.0305358805254656,,,,
269,-1.4409571980347966,,,,
270,-0.3485113532476056,,,,
271,-0.0035951889008617,,,,
272,0.0952906744964745,,,,
273,0.1506909084350453,,,,
274,0.050228455891817,,,,
275,0.4551939486740907,,,,
276,0.0144577636869364,,,,
277,-1.939638489025875,,,,
278,-1.663178026868793,,,,
279,-1.976709162382175,,,,
280,-3.191987001289399,,,,
281,-2.128502214539618,,,,
282,-2.3475848856268087,,,,
283,-3.911265787714587,,,,
284,-3.6396655558561974,,,,
285,-4.013053242190528,,,,
286,-5.3888044630880545,,,,
287,-4.614264551751466,,,,
288,-5.297415764446822,,,,
289,-4.149334078730407,,,,
290,-4.7310069149098775,,,,
291,-3.3753273311096628,,,,
292,-2.701174514628292,,,,
293,-2.403510509131639,,,,
294,-2.9797598630646274,,,,
295,-1.8280200936015256,,,,
296,-1.1954952623246085,,,,
297,-1.486422795502513,,,,
298,-0.7873783690146975,212.0,0.7090301003344481,0.0,0.0
299,-1.761041841731145,212.0,0.7066666666666667,0.0,0.0
300,-2.887441523346646,212.0,0.7043189368770764,0.0,0.0
301,-2.7197480392740214,212.0,0.7019867549668874,0.0,0.0
302,-2.423141293370783,212.0,0.6996699669966997,0.0,0.0
303,-1.8089924670378223,212.0,0.6973684210526315,0.0,0.0
304,-1.614475292666756,212.0,0.6950819672131148,0.0,0.0
305,-0.2546356314701243,212.0,0.6928104575163399,0.0,0.0
306,-1.5539103969916912,212.0,0.6905537459283387,0.0,0.0
307,-0.8488842021565436,212.0,0.6883116883116883,0.0,0.0
308,-0.5564382057604341,212.0,0.686084142394822,0.0,0.0
309,0.8313886311474891,212.0,0.6838709677419355,0.0,0.0
310,0.8591124738974709,212.0,0.6816720257234726,0.0,0.0
311,1.092254507223403,212.0,0.6794871794871795,0.0,0.0
312,2.7612180198454803,212.0,0.6773162939297125,0.0,0.0
313,3.3009008445693486,212.0,0.6751592356687898,0.0,0.0
314,3.617901215964216,212.0,0.6730158730158731,0.0,0.0
315,2.9265991776722733,212.0,0.6708860759493671,0.0,0.0
316,2.842077283886371,212.0,0.668769716088328,0.0,0.0
317,0.9709017658314982,212.0,0.6666666666666666,0.0,0.0
318,0.0877729592775761,212.0,0.664576802507837,0.0,0.0
319,0.7641187976686612,212.0,0.6625,0.0,0.0
320,-1.0808749281951262,212.0,0.660436137071651,0.0,0.0
321,-0.8713765419372438,212.0,0.6583850931677019,0.0,0.0
322,-0.7695721631680694,212.0,0.6563467492260062,0.0,0.0
323,-0.3230386772129375,212.0,0.654320987654321,0.0,0.0
324,-2.0034419487342543,212.0,0.6523076923076923,0.0,0.0
325,-3.844884854977337,212.0,0.6503067484662577,0.0,0.0
326,-2.3740990835483364,212.0,0.6483180428134556,0.0,0.0
327,-2.0844526576482023,212.0,0.6463414634146342,0.0,0.0
328,-1.5280351533479053,212.0,0.6443768996960486,0.0,0.0
329,0.1968143618391002,212.0,0.6424242424242425,0.0,0.0
330,0.3148460952361279,212.0,0.6404833836858006,0.0,0.0
331,-1.6940996066971103,212.0,0.6385542168674698,0.0,0.0
332,-1.83166140282185,212.0,0.6366366366366366,0.0,0.0
333,-0.8439134589555028,212.0,0.6347305389221557,0.0,0.0
334,-1.220190539215817,212.0,0.6328358208955224,0.0,0.0
335,-1.42779912440065,212.0,0.6309523809523809,0.0,0.0
336,-1.907217716025452,212.0,0.629080118694362,0.0,0.0
337,-0.2751002893432317,212.0,0.6272189349112426,0.0,0.0
338,0.9623618068148798,212.0,0.6253687315634219,0.0,0.0
339,-0.9654999756778652,212.0,0.6235294117647059,0.0,0.0
340,1.0422094942044435,212.0,0.6217008797653959,0.0,0.0
341,0.1638746855429782,212.0,0.6198830409356725,0.0,0.0
342,2.17589337157156,212.0,0.6180758017492711,0.0,0.0
343,0.6564305591952853,212.0,0.6162790697674418,0.0,0.0
344,1.7158019732813938,212.0,0.6144927536231884,0.0,0.0
345,1.0061150392006295,212.0,0.6127167630057804,0.0,0.0
346,0.7735048541188073,212.0,0.6109510086455331,0.0,0.0
347,1.6067476503635447,212.0,0.6091954022988506,0.0,0.0
348,0.7242127355554814,212.0,0.6074498567335244,0.0,0.0
349,0.9909066674776263,212.0,0.6057142857142858,0.0,0.0
350,1.22258981998641,212.0,0.603988603988604,0.0,0.0
351,2.308748115077731,212.0,0.6022727272727273,0.0,0.0
352,3.466665455232428,212.0,0.6005665722379604,0.0,0.0
353,5.034326673683376,212.0,0.5988700564971752,0.0,0.0
354,4.892518307260406,212.0,0.5971830985915493,0.0,0.0
355,4.89699807859087,212.0,0.5955056179775281,0.0,0.0
356,3.937972849494765,212.0,0.5938375350140056,0.0,0.0
357,2.8751889089926093,212.0,0.5921787709497207,0.0,0.0
358,1.3548497881932733,212.0,0.5905292479108635,0.0,0.0
359,1.061212946879417,212.0,0.5888888888888889,0.0,0.0
360,1.153794430807666,212.0,0.5872576177285319,0.0,0.0
361,1.0827926592031427,212.0,0.585635359116022,0.0,0.0
362,1.5699855890589882,212.0,0.5840220385674931,0.0,0.0
363,0.0791569382923773,212.0,0.5824175824175825,0.0,0.0
364,1.8303731631260247,212.0,0.5808219178082191,0.0,0.0
365,1.970936405639179,212.0,0.5792349726775956,0.0,0.0
366,2.8861417437603625,212.0,0.5776566757493188,0.0,0.0
367,2.9807881934318203,212.0,0.5760869565217391,0.0,0.0
368,1.8547653251722465,212.0,0.5745257452574526,0.0,0.0
369,1.4020928059712507,212.0,0.572972972972973,0.0,0.0
370,-1.988042304939625,212.0,0.5714285714285714,0.0,0.0
371,-1.5428177940973768,212.0,0.5698924731182796,0.0,0.0
372,-1.4637015695665845,212.0,0.5683646112600537,0.0,0.0
373,-0.1396255017941836,212.0,0.5668449197860963,0.0,0.0
374,-1.91168839253455,212.0,0.5653333333333334,0.0,0.0
375,-1.8151380770768877,212.0,0.5638297872340425,0.0,0.0
376,-1.959544963818482,212.0,0.5623342175066313,0.0,0.0
377,-3.064046158105856,212.0,0.5608465608465608,0.0,0.0
378,-4.263547961876179,212.0,0.5593667546174143,0.0,0.0
379,-5.062935300222907,212.0,0.5578947368421052,0.0,0.0
380,-3.6460300010570768,212.0,0.5564304461942258,0.0,0.0
381,-2.3893967869505843,212.0,0.5549738219895288,0.0,0.0
382,-3.677492772276003,212.0,0.5535248041775457,0.0,0.0
383,-3.536829469698062,212.0,0.5520833333333334,0.0,0.0
384,-2.770427296553781,212.0,0.5506493506493506,0.0,0.0
385,-2.2398678942933117,212.0,0.5492227979274611,0.0,0.0
386,-3.597430996425002,212.0,0.5478036175710594,0.0,0.0
387,-3.8894652190638705,212.0,0.5463917525773195,0.0,0.0
388,-4.994627283191967,212.0,0.5449871465295629,0.0,0.0
389,-3.55362243780661,212.0,0.5435897435897435,0.0,0.0
390,-0.6917953297775421,212.0,0.5421994884910486,0.0,0.0
391,-0.7579692826676407,212.0,0.5408163265306123,0.0,0.0
392,-2.8703089715485266,212.0,0.539440203562341,0.0,0.0
393,-1.7792127993394176,212.0,0.5380710659898477,0.0,0.0
394,-0.0807382681334083,212.0,0.5367088607594936,0.0,0.0
395,1.3595125835350297,212.0,0.5353535353535354,0.0,0.0
396,1.3696021500405755,212.0,0.5340050377833753,0.0,0.0
397,1.7752448498416142,212.0,0.5326633165829145,0.0,0.0
398,1.7198649382767452,212.0,0.531328320802005,0.0,0.0
399,2.299882752658365,212.0,0.53,0.0,0.0
400,3.0462598718404026,212.0,0.5286783042394015,0.0,0.0
401,2.0282537975875163,212.0,0.527363184079602,0.0,0.0
402,1.2923819500708138,212.0,0.5260545905707196,0.0,0.0
403,0.8722194183535347,212.0,0.5247524752475248,0.0,0.0
404,0.5879042878397235,212.0,0.5234567901234568,0.0,0.0
405,0.742490505313296,212.0,0.5221674876847291,0.0,0.0
406,1.8015018063155224,212.0,0.5208845208845209,0.0,0.0
407,0.3280855241340477,212.0,0.5196078431372549,0.0,0.0
408,1.239222932553413,212.0,0.5183374083129584,0.0,0.0
409,0.9395853866262474,212.0,0.5170731707317073,0.0,0.0
410,-2.004820489493882,212.0,0.5158150851581509,0.0,0.0
411,-2.1812598108040593,212.0,0.5145631067961165,0.0,0.0
412,-2.2466726052300814,212.0,0.513317191283293,0.0,0.0
413,-1.5156560243375583,212.0,0.5120772946859904,0.0,0.0
414,-0.8188103359772856,212.0,0.5108433734939759,0.0,0.0
415,-0.7809181542853021,212.0,0.5096153846153846,0.0,0.0
416,-1.5406151008999869,212.0,0.5083932853717026,0.0,0.0
417,-0.4497837240520569,212.0,0.507177033492823,0.0,0.0
418,-1.1051510443792645,212.0,0.5059665871121718,0.0,0.0
419,-2.2029872863971036,212.0,0.5047619047619047,0.0,0.0
420,-2.639730398956549,212.0,0.503562945368171,0.0,0.0
421,-2.9474430880885083,212.0,0.5023696682464455,0.0,0.0
422,-2.815238502525282,212.0,0.5011820330969267,0.0,0.0
423,-3.0375398153615634,299.0,0.7051886792452831,0.0,0.0
424,-3.155783681307417,299.0,0.7035294117647058,0.0,0.0
425,-2.15710922906877,299.0,0.7018779342723005,0.0,0.0
426,-1.206830791220765,299.0,0.7002341920374707,0.0,0.0
427,-0.6064241278576311,299.0,0.6985981308411215,0.0,0.0
428,-0.888865702686741,299.0,0.696969696969697,0.0,0.0
429,-1.4853690923686622,299.0,0.6953488372093023,0.0,0.0
430,-1.5835590311701488,299.0,0.6937354988399071,0.0,0.0
431,-1.595640337638402,299.0,0.6921296296296297,0.0,0.0
432,-0.6253185036202796,299.0,0.6905311778290993,0.0,0.0
433,-0.8747964576748801,299.0,0.6889400921658986,0.0,0.0
434,-2.014249561686067,299.0,0.6873563218390805,0.0,0.0
435,-2.665100353771072,299.0,0.6857798165137615,0.0,0.0
436,-0.6632953471709826,299.0,0.6842105263157895,0.0,0.0
437,-1.5764201023826576,299.0,0.682648401826484,0.0,0.0
438,-2.715858858724203,299.0,0.6810933940774487,0.0,0.0
439,-2.758339630894147,299.0,0.6795454545454546,0.0,0.0
440,-0.764363378958735,299.0,0.6780045351473923,0.0,0.0
441,-0.6462282745295941,299.0,0.6764705882352942,0.0,0.0
442,-0.3241838827985279,299.0,0.6749435665914221,0.0,0.0
443,-1.8824341272307417,299.0,0.6734234234234234,0.0,0.0
444,-3.202721279736779,299.0,0.6719101123595506,0.0,0.0
445,-2.906886052615689,299.0,0.6704035874439462,0.0,0.0
446,-3.1246605775738905,299.0,0.668903803131991,0.0,0.0
447,-2.483629702413448,299.0,0.6674107142857143,0.0,0.0
448,-3.3980577581260616,299.0,0.6659242761692651,0.0,0.0
449,-2.0612858801912526,299.0,0.6644444444444444,0.0,0.0
450,-0.556500373115735,299.0,0.6629711751662971,0.0,0.0
451,-2.1023490652119516,299.0,0.661504424778761,0.0,0.0
452,-1.6731544953171276,299.0,0.6600441501103753,0.0,0.0
453,-1.81165113821004,299.0,0.6585903083700441,0.0,0.0
454,-0.2256346420023314,299.0,0.6571428571428571,0.0,0.0
455,-0.012089847591884,299.0,0.6557017543859649,0.0,0.0
456,0.92199820877387,299.0,0.6542669584245077,0.0,0.0
457,0.7511508526770913,299.0,0.6528384279475983,0.0,0.0
458,0.9993240394593362,299.0,0.6514161220043573,0.0,0.0
459,3.04894985407136,299.0,0.65,0.0,0.0
460,4.837920579150879,299.0,0.648590021691974,0.0,0.0
461,2.6981770947618915,299.0,0.6471861471861472,0.0,0.0
462,2.888471789640443,299.0,0.6457883369330454,0.0,0.0
463,2.9162747667782303,299.0,0.6443965517241379,0.0,0.0
464,1.606728840131992,299.0,0.6430107526881721,0.0,0.0
465,0.7360969740046811,299.0,0.6416309012875536,0.0,0.0
466,0.8926554277864863,299.0,0.6402569593147751,0.0,0.0
467,1.7828209446138006,299.0,0.6388888888888888,0.0,0.0
468,2.143939451067795,299.0,0.6375266524520256,0.0,0.0
469,1.537565781556082,299.0,0.6361702127659574,0.0,0.0
470,0.3619112966999498,299.0,0.6348195329087049,0.0,0.0
471,-1.7307558995928738,299.0,0.6334745762711864,0.0,0.0
472,0.0013252620832875,299.0,0.6321353065539113,0.0,0.0
473,-0.569241582832148,299.0,0.630801687763713,0.0,0.0
474,-1.3890428627087972,299.0,0.6294736842105263,0.0,0.0
475,-0.918190552642121,299.0,0.6281512605042017,0.0,0.0
476,-0.931849791176848,299.0,0.6268343815513627,0.0,0.0
477,-0.8783953415257496,299.0,0.6255230125523012,0.0,0.0
478,-0.1518867393596498,299.0,0.6242171189979123,0.0,0.0
479,-0.6410181530756036,299.0,0.6229166666666667,0.0,0.0
480,-1.6449096619887809,299.0,0.6216216216216216,0.0,0.0
481,-1.630887176872052,299.0,0.6203319502074689,0.0,0.0
482,-1.425071744837333,299.0,0.6190476190476191,0.0,0.0
483,-2.40375639145541,299.0,0.6177685950413223,0.0,0.0
484,-3.2990719545959255,299.0,0.6164948453608248,0.0,0.0
485,-4.054835754925687,299.0,0.6152263374485597,0.0,0.0
486,-2.890559252018688,299.0,0.6139630390143738,0.0,0.0
487,-1.2906305045458792,299.0,0.6127049180327869,0.0,0.0
488,0.0424589131793884,299.0,0.6114519427402862,0.0,0.0
489,-0.9167222047852828,299.0,0.610204081632653,0.0,0.0
490,-1.531233285291164,299.0,0.6089613034623218,0.0,0.0
491,-2.6640684185934136,299.0,0.6077235772357723,0.0,0.0
492,-0.5854938882222287,299.0,0.6064908722109533,0.0,0.0
493,-1.0531248707195513,299.0,0.6052631578947368,0.0,0.0
494,-1.0178555387152954,299.0,0.604040404040404,0.0,0.0
495,-1.4083888715363413,299.0,0.6028225806451613,0.0,0.0
496,-1.1207734770462876,299.0,0.6016096579476862,0.0,0.0
497,-2.0815774208447464,299.0,0.6004016064257028,0.0,0.0
498,-2.51908612125729,299.0,0.5991983967935872,0.0,0.0
499,-3.2113126098175533,299.0,0.598,0.0,0.0
500,-4.685258262285809,299.0,0.5968063872255489,0.0,0.0
501,-2.7077587304914847,299.0,0.5956175298804781,0.0,0.0
502,-3.5379096601450297,299.0,0.5944333996023857,0.0,0.0
503,-1.5492380095855431,299.0,0.5932539682539683,0.0,0.0
504,-1.6676270420688075,299.0,0.592079207920792,0.0,0.0
505,-0.4966344955429493,299.0,0.5909090909090909,0.0,0.0
506,-1.593581585897604,299.0,0.5897435897435898,0.0,0.0
507,0.0633905342432633,299.0,0.5885826771653543,0.0,0.0
508,-1.9696828706735157,299.0,0.587426326129666,0.0,0.0
509,0.8140769164581925,299.0,0.5862745098039216,0.0,0.0
510,-2.0512418473317124,299.0,0.5851272015655578,0.0,0.0
511,-1.6326038272753949,299.0,0.583984375,0.0,0.0
512,-1.885851214504736,299.0,0.5828460038986355,0.0,0.0
513,-1.4475051737855775,299.0,0.5817120622568094,0.0,0.0
514,-2.903167703676017,299.0,0.5805825242718446,0.0,0.0
515,-0.8764729036946302,299.0,0.5794573643410853,0.0,0.0
516,-1.449097531178035,299.0,0.5783365570599613,0.0,0.0
517,-1.9884484402544076,299.0,0.5772200772200772,0.0,0.0
518,-0.5768769820021634,299.0,0.5761078998073218,0.0,0.0
519,-0.9424785414013233,299.0,0.575,0.0,0.0
520,-1.4988831100960345,299.0,0.5738963531669866,0.0,0.0
521,-1.312081964568565,299.0,0.5727969348659003,0.0,0.0
522,-2.464740629281831,299.0,0.5717017208413002,0.0,0.0
523,-1.7992250922698343,299.0,0.5706106870229007,0.0,0.0
524,-2.299384797747428,299.0,0.5695238095238095,0.0,0.0
525,-0.5007253276766861,299.0,0.5684410646387833,0.0,0.0
526,-2.731362583022995,299.0,0.5673624288425048,0.0,0.0
527,-2.0556332262825223,299.0,0.5662878787878788,0.0,0.0
528,-5.628243434451105,299.0,0.5652173913043478,0.0,0.0
529,-2.6031218707484394,299.0,0.5641509433962264,0.0,0.0
530,-6.425457840239502,299.0,0.5630885122410546,0.0,0.0
531,-2.277769815486472,299.0,0.5620300751879699,0.0,0.0
532,-5.602312138288087,299.0,0.5609756097560976,0.0,0.0
533,-3.757214329750897,299.0,0.5599250936329588,0.0,0.0
534,-4.740143498917913,299.0,0.5588785046728972,0.0,0.0
535,-3.6965075909041376,299.0,0.5578358208955224,0.0,0.0
536,-4.593855889709554,299.0,0.5567970204841713,0.0,0.0
537,-3.940780178296305,299.0,0.5557620817843866,0.0,0.0
538,-3.2504351706615404,299.0,0.5547309833024119,0.0,0.0
539,-3.030570281450773,299.0,0.5537037037037037,0.0,0.0
540,-2.8078893572696497,299.0,0.5526802218114603,0.0,0.0
541,-1.6371707630385572,299.0,0.551660516605166,0.0,0.0
542,-2.539050171342765,299.0,0.5506445672191529,0.0,0.0
543,-1.3882388525201108,299.0,0.5496323529411765,0.0,0.0
544,-1.7800960360886302,299.0,0.5486238532110091,0.0,0.0
545,-1.5630150752499217,299.0,0.5476190476190477,0.0,0.0
546,-2.8336124920333727,299.0,0.546617915904936,0.0,0.0
547,0.3095914293989295,299.0,0.5456204379562044,0.0,0.0
548,-1.6197692756212958,299.0,0.5446265938069217,0.0,0.0
549,-1.0653466623552044,299.0,0.5436363636363636,0.0,0.0
550,-2.448560451389801,299.0,0.542649727767695,0.0,0.0
551,-2.065143155594136,299.0,0.5416666666666666,0.0,0.0
552,-3.758672102620851,299.0,0.5406871609403255,0.0,0.0
553,-1.5586238900557785,299.0,0.5397111913357401,0.0,0.0
554,-1.9169093511977804,299.0,0.5387387387387388,0.0,0.0
555,-1.0723799803142915,299.0,0.5377697841726619,0.0,0.0
556,-0.1923546147667758,299.0,0.5368043087971275,0.0,0.0
557,-1.404515190315411,299.0,0.53584229390681,0.0,0.0
558,0.0650618310327225,299.0,0.5348837209302325,0.0,0.0
559,-2.19194539578559,299.0,0.5339285714285714,0.0,0.0
560,0.044079222023853,299.0,0.5329768270944741,0.0,0.0
561,-0.8975788773246998,299.0,0.5320284697508897,0.0,0.0
562,0.7223151706528004,299.0,0.5310834813499112,0.0,0.0
563,0.2201761168271997,299.0,0.5301418439716312,0.0,0.0
564,0.235590214385041,299.0,0.5292035398230088,0.0,0.0
565,1.1203842799388186,299.0,0.5282685512367491,0.0,0.0
566,1.6756463278262408,299.0,0.527336860670194,0.0,0.0
567,1.591018830750946,299.0,0.5264084507042254,0.0,0.0
568,0.1450930586130028,299.0,0.5254833040421792,0.0,0.0
569,1.7324552015076935,299.0,0.5245614035087719,0.0,0.0
570,0.4080922400754281,299.0,0.5236427320490368,0.0,0.0
571,0.8926674531345316,299.0,0.5227272727272727,0.0,0.0
572,-0.6372565295307246,299.0,0.5218150087260035,0.0,0.0
573,-0.0112405527543627,299.0,0.5209059233449478,0.0,0.0
574,0.5841825922580364,299.0,0.52,0.0,0.0
575,0.1223532131693141,299.0,0.5190972222222222,0.0,0.0
576,2.197788562323657,299.0,0.5181975736568457,0.0,0.0
577,-1.6590436407268874,299.0,0.5173010380622838,0.0,0.0
578,2.3851330959695844,299.0,0.5164075993091537,0.0,0.0
579,0.152854331194872,299.0,0.5155172413793103,0.0,0.0
580,3.9629474627376897,299.0,0.5146299483648882,0.0,0.0
581,-0.3380754879170826,299.0,0.5137457044673539,0.0,0.0
582,5.156139546031321,299.0,0.5128644939965694,0.0,0.0
583,0.8808705585001507,299.0,0.511986301369863,0.0,0.0
584,5.828295331247818,299.0,0.5111111111111111,0.0,0.0
585,1.11672203860938,299.0,0.5102389078498294,0.0,0.0
586,6.27560676355546,299.0,0.5093696763202725,0.0,0.0
587,2.041228972083112,299.0,0.5085034013605442,0.0,0.0
588,5.077231739773216,299.0,0.5076400679117148,0.0,0.0
589,-0.7513352149861299,299.0,0.5067796610169492,0.0,0.0
590,5.724456820413136,299.0,0.505922165820643,0.0,0.0
591,0.4984157596611914,299.0,0.5050675675675675,0.0,0.0
592,5.902002458924963,299.0,0.5042158516020236,0.0,0.0
593,0.1705804100829498,299.0,0.5033670033670034,0.0,0.0
594,4.922585560125402,299.0,0.5025210084033613,0.0,0.0
595,-1.301678985073749,299.0,0.5016778523489933,0.0,0.0
596,6.052673742420369,299.0,0.5008375209380235,0.0,0.0
597,-1.134739267967536,299.0,0.5,0.0,0.0
598,6.279386852277044,424.0,0.7078464106844741,0.0,0.0
599,-1.2326127707689785,424.0,0.7066666666666667,0.0,0.0
600,3.2903410867115848,424.0,0.7054908485856906,0.0,0.0
601,-0.2051701042084122,424.0,0.7043189368770764,0.0,0.0
602,4.180333932559884,424.0,0.703150912106136,0.0,0.0
603,1.767969390742718,424.0,0.7019867549668874,0.0,0.0
604,3.68410729245419,424.0,0.7008264462809918,0.0,0.0
605,1.2113343294984775,424.0,0.6996699669966997,0.0,0.0
606,3.516854634296732,424.0,0.6985172981878089,0.0,0.0
607,0.140331535226811,424.0,0.6973684210526315,0.0,0.0
608,2.320714536438053,424.0,0.6962233169129721,0.0,0.0
609,0.814009090752299,424.0,0.6950819672131148,0.0,0.0
610,1.8795770542167851,424.0,0.6939443535188216,0.0,0.0
611,0.2603782098948021,424.0,0.6928104575163399,0.0,0.0
612,2.106202367987671,424.0,0.6916802610114192,0.0,0.0
613,-0.0608613969308004,424.0,0.6905537459283387,0.0,0.0
614,4.318584256868682,424.0,0.6894308943089431,0.0,0.0
615,-0.271319334272907,424.0,0.6883116883116883,0.0,0.0
616,5.446577152306026,424.0,0.6871961102106969,0.0,0.0
617,0.5646965200289904,424.0,0.686084142394822,0.0,0.0
618,5.888597178879962,424.0,0.6849757673667205,0.0,0.0
619,0.9892723922860348,424.0,0.6838709677419355,0.0,0.0
620,5.177778801620874,424.0,0.6827697262479872,0.0,0.0
621,1.0116893106013074,424.0,0.6816720257234726,0.0,0.0
622,4.085075584798783,424.0,0.680577849117175,0.0,0.0
623,1.3834515681207225,424.0,0.6794871794871795,0.0,0.0
624,4.679638543295927,424.0,0.6784,0.0,0.0
625,-1.095993415497733,424.0,0.6773162939297125,0.0,0.0
626,2.9536813836961953,424.0,0.6762360446570973,0.0,0.0
627,-2.102807462322092,424.0,0.6751592356687898,0.0,0.0
628,3.2798091072744304,424.0,0.6740858505564388,0.0,0.0
629,-1.2045495292255617,424.0,0.6730158730158731,0.0,0.0
630,2.5060119087506907,424.0,0.6719492868462758,0.0,0.0
631,0.4788866389318074,424.0,0.6708860759493671,0.0,0.0
632,1.8676408142944856,424.0,0.669826224328594,0.0,0.0
633,1.0139676741196628,424.0,0.668769716088328,0.0,0.0
634,2.4920324355804535,424.0,0.6677165354330709,0.0,0.0
635,0.792141280126613,424.0,0.6666666666666666,0.0,0.0
636,3.2990643966072875,424.0,0.6656200941915228,0.0,0.0
637,0.3980467143083507,424.0,0.664576802507837,0.0,0.0
638,2.9582772821869088,424.0,0.6635367762128326,0.0,0.0
639,0.5276684038085747,424.0,0.6625,0.0,0.0
640,3.4235078366762735,424.0,0.6614664586583463,0.0,0.0
641,1.9717284197458025,424.0,0.660436137071651,0.0,0.0
642,2.342384843517651,424.0,0.6594090202177294,0.0,0.0
643,0.4465543427235885,424.0,0.6583850931677019,0.0,0.0
644,2.7912211455528233,424.0,0.6573643410852713,0.0,0.0
645,-1.6489075886944025,424.0,0.6563467492260062,0.0,0.0
646,2.5455427915225033,424.0,0.6553323029366306,0.0,0.0
647,-0.8562184510389284,424.0,0.654320987654321,0.0,0.0
648,0.5068592942154215,424.0,0.6533127889060092,0.0,0.0
649,-1.58538869229407,424.0,0.6523076923076923,0.0,0.0
650,0.1187212168564995,424.0,0.6513056835637481,0.0,0.0
651,-1.5422791007818613,424.0,0.6503067484662577,0.0,0.0
652,0.0678757452175268,424.0,0.6493108728943339,0.0,0.0
653,-0.9905414088883284,424.0,0.6483180428134556,0.0,0.0
654,0.7243867343242836,424.0,0.6473282442748092,0.0,0.0
655,-2.468655028732365,424.0,0.6463414634146342,0.0,0.0
656,1.861676412814797,424.0,0.6453576864535768,0.0,0.0
657,-2.486363198096397,424.0,0.6443768996960486,0.0,0.0
658,1.205173995951335,424.0,0.6433990895295902,0.0,0.0
659,-1.0984430999721493,424.0,0.6424242424242425,0.0,0.0
660,0.5075667915110771,424.0,0.6414523449319214,0.0,0.0
661,-1.8508643840701369,424.0,0.6404833836858006,0.0,0.0
662,-1.4630748204998467,424.0,0.6395173453996983,0.0,0.0
663,-0.4176425897275615,424.0,0.6385542168674698,0.0,0.0
664,-3.1257357772828422,424.0,0.637593984962406,0.0,0.0
665,-1.7398856839845016,424.0,0.6366366366366366,0.0,0.0
666,-4.964272988608197,424.0,0.6356821589205397,0.0,0.0
667,-2.0472673007198714,424.0,0.6347305389221557,0.0,0.0
668,-6.375050348513838,424.0,0.6337817638266069,0.0,0.0
669,-0.7832055870875485,424.0,0.6328358208955224,0.0,0.0
670,-6.454489384895155,424.0,0.6318926974664679,0.0,0.0
671,-2.001328084988563,424.0,0.6309523809523809,0.0,0.0
672,-5.460296481142801,424.0,0.6300148588410104,0.0,0.0
673,-2.9981487728597145,424.0,0.629080118694362,0.0,0.0
674,-5.090643293450568,424.0,0.6281481481481481,0.0,0.0
675,-1.894077706001477,424.0,0.6272189349112426,0.0,0.0
676,-5.434823824017591,424.0,0.6262924667651403,0.0,0.0
677,-2.181274597908224,424.0,0.6253687315634219,0.0,0.0
678,-5.672826278534062,424.0,0.6244477172312224,0.0,0.0
679,-2.3866718675176215,424.0,0.6235294117647059,0.0,0.0
680,-2.0929790051017103,424.0,0.6226138032305433,0.0,0.0
681,-4.357678998419379,424.0,0.6217008797653959,0.0,0.0
682,-1.0378891577496887,424.0,0.6207906295754027,0.0,0.0
683,-3.89478648054764,424.0,0.6198830409356725,0.0,0.0
684,-1.7130355798632162,424.0,0.618978102189781,0.0,0.0
685,-2.5154313332595493,424.0,0.6180758017492711,0.0,0.0
686,-0.3549526533217326,424.0,0.6171761280931587,0.0,0.0
687,-3.1836312981175987,212.0,0.3081395348837209,0.0,0.0
688,-0.463897380519009,424.0,0.6153846153846154,0.0,0.0
689,-3.4827899304086394,424.0,0.6144927536231884,0.0,0.0
690,-0.0322272035262072,424.0,0.613603473227207,0.0,0.0
691,-2.959711779840137,424.0,0.6127167630057804,0.0,0.0
692,-0.1100912100413417,424.0,0.6118326118326118,0.0,0.0
693,-2.2333220261694726,424.0,0.6109510086455331,0.0,0.0
694,0.3611824947705508,424.0,0.6100719424460431,0.0,0.0
695,-0.5196267887722115,424.0,0.6091954022988506,0.0,0.0
696,-0.5632329661264432,424.0,0.6083213773314203,0.0,0.0
697,-0.5334774238698707,424.0,0.6074498567335244,0.0,0.0
698,1.9325276997590144,424.0,0.6065808297567954,0.0,0.0
699,-1.1018282457082442,424.0,0.6057142857142858,0.0,0.0
700,2.956383187969667,424.0,0.6048502139800286,0.0,0.0
701,-1.9194557813546385,424.0,0.603988603988604,0.0,0.0
702,3.3593338681857023,424.0,0.6031294452347084,0.0,0.0
703,-1.835976385985418,424.0,0.6022727272727273,0.0,0.0
704,3.3981454970676555,424.0,0.601418439716312,0.0,0.0
705,-1.8739176766763213,424.0,0.6005665722379604,0.0,0.0
706,4.320616127577793,424.0,0.5997171145685997,0.0,0.0
707,-1.644489768626449,424.0,0.5988700564971752,0.0,0.0
708,3.688507233654745,424.0,0.5980253878702397,0.0,0.0
709,-0.9207775934778152,424.0,0.5971830985915493,0.0,0.0
710,2.5877204487196384,424.0,0.5963431786216596,0.0,0.0
711,-3.1030888977088797,424.0,0.5955056179775281,0.0,0.0
712,0.7888081574797463,424.0,0.5946704067321178,0.0,0.0
713,-3.475101016411677,424.0,0.5938375350140056,0.0,0.0
714,2.365579777232672,424.0,0.593006993006993,0.0,0.0
715,-0.813420322402922,424.0,0.5921787709497207,0.0,0.0
716,0.7433764951176061,424.0,0.5913528591352859,0.0,0.0
717,-0.5358714231477167,424.0,0.5905292479108635,0.0,0.0
718,-0.0221220374876428,424.0,0.5897079276773296,0.0,0.0
719,-0.2195014371172823,424.0,0.5888888888888889,0.0,0.0
720,-1.308825261267667,424.0,0.5880721220527045,0.0,0.0
721,0.1518466761602481,424.0,0.5872576177285319,0.0,0.0
722,-1.9748082018635615,424.0,0.5864453665283541,0.0,0.0
723,-1.0855989272150268,424.0,0.585635359116022,0.0,0.0
724,-2.441014301516633,424.0,0.5848275862068966,0.0,0.0
725,-3.034980980581145,424.0,0.5840220385674931,0.0,0.0
726,-1.560623377012511,424.0,0.5832187070151307,0.0,0.0
727,-3.626899951263973,424.0,0.5824175824175825,0.0,0.0
728,0.0276950275022069,424.0,0.5816186556927297,0.0,0.0
729,-2.4388443510684423,424.0,0.5808219178082191,0.0,0.0
730,1.2041258221392444,424.0,0.5800273597811217,0.0,0.0
731,-2.5836931423993734,424.0,0.5792349726775956,0.0,0.0
732,2.3691953842067734,424.0,0.5784447476125512,0.0,0.0
733,-0.9587744597383988,424.0,0.5776566757493188,0.0,0.0
734,1.711194765194374,424.0,0.5768707482993197,0.0,0.0
735,-0.7437023499348057,424.0,0.5760869565217391,0.0,0.0
736,2.9930717403462905,424.0,0.5753052917232022,0.0,0.0
737,-0.4463302272496409,424.0,0.5745257452574526,0.0,0.0
738,1.9818009394104152,424.0,0.5737483085250338,0.0,0.0
739,0.7526571382166247,424.0,0.572972972972973,0.0,0.0
740,3.0193016402521913,424.0,0.5721997300944669,0.0,0.0
741,-0.1549412700844016,424.0,0.5714285714285714,0.0,0.0
742,3.1836989665401236,424.0,0.5706594885598923,0.0,0.0
743,-0.0390958814668609,424.0,0.5698924731182796,0.0,0.0
744,4.01711808447296,424.0,0.5691275167785235,0.0,0.0
745,-0.69196279133069,424.0,0.5683646112600537,0.0,0.0
746,4.955206346626844,424.0,0.5676037483266398,0.0,0.0
747,0.418918470030701,424.0,0.5668449197860963,0.0,0.0
748,4.096636377399068,424.0,0.5660881174899867,0.0,0.0
749,-0.0680745622233628,424.0,0.5653333333333334,0.0,0.0
750,2.5235882207447418,424.0,0.5645805592543276,0.0,0.0
751,1.4544793178172382,424.0,0.5638297872340425,0.0,0.0
752,1.3270704440406065,424.0,0.5630810092961488,0.0,0.0
753,1.1721684403356252,424.0,0.5623342175066313,0.0,0.0
754,3.157813553623588,424.0,0.56158940397351,0.0,0.0
755,1.9256553506065428,424.0,0.5608465608465608,0.0,0.0
756,3.207328906965417,424.0,0.560105680317041,0.0,0.0
757,2.0747627252335645,424.0,0.5593667546174143,0.0,0.0
758,2.745701418313329,424.0,0.5586297760210803,0.0,0.0
759,0.5548885743192167,424.0,0.5578947368421052,0.0,0.0
760,3.1012497869420748,424.0,0.557161629434954,0.0,0.0
761,-0.5618408776272263,424.0,0.5564304461942258,0.0,0.0
762,4.975979034421325,424.0,0.5557011795543906,0.0,0.0
763,-2.039983541581481,424.0,0.5549738219895288,0.0,0.0
764,4.183858998351336,424.0,0.5542483660130719,0.0,0.0
765,-1.6894038637901314,424.0,0.5535248041775457,0.0,0.0
766,3.140494646849615,424.0,0.5528031290743155,0.0,0.0
767,-1.390140767348702,424.0,0.5520833333333334,0.0,0.0
768,3.517911066350042,424.0,0.5513654096228868,0.0,0.0
769,0.3105425311438137,424.0,0.5506493506493506,0.0,0.0
770,3.336127408120299,424.0,0.5499351491569391,0.0,0.0
771,0.3730668521646887,424.0,0.5492227979274611,0.0,0.0
772,3.4120875417364767,424.0,0.5485122897800776,0.0,0.0
773,0.4874633759188009,424.0,0.5478036175710594,0.0,0.0
774,2.362638165763957,424.0,0.5470967741935484,0.0,0.0
775,0.5372176523081758,424.0,0.5463917525773195,0.0,0.0
776,3.4284603508724754,424.0,0.5456885456885456,0.0,0.0
777,0.6845171307669988,424.0,0.5449871465295629,0.0,0.0
778,3.1362665973300103,424.0,0.5442875481386393,0.0,0.0
779,0.5837206414589805,424.0,0.5435897435897435,0.0,0.0
780,3.452213645428328,424.0,0.5428937259923176,0.0,0.0
781,1.0475301769704286,424.0,0.5421994884910486,0.0,0.0
782,3.6146855536200087,424.0,0.541507024265645,0.0,0.0
783,0.7201592228261493,424.0,0.5408163265306123,0.0,0.0
784,0.937045442007976,424.0,0.5401273885350318,0.0,0.0
785,0.096094334163939,424.0,0.539440203562341,0.0,0.0
786,0.8407904687181414,424.0,0.5387547649301143,0.0,0.0
787,-0.7894391147299483,424.0,0.5380710659898477,0.0,0.0
788,1.460864402444921,424.0,0.5373891001267427,0.0,0.0
789,-1.5668988691612964,424.0,0.5367088607594936,0.0,0.0
790,-0.9169446641500056,424.0,0.5360303413400759,0.0,0.0
791,-0.5502559597891,424.0,0.5353535353535354,0.0,0.0
792,-1.06069811973405,424.0,0.5346784363177806,0.0,0.0
793,-0.488885630238497,424.0,0.5340050377833753,0.0,0.0
794,-2.7362491741693207,424.0,0.5333333333333333,0.0,0.0
795,-0.8213120769098154,424.0,0.5326633165829145,0.0,0.0
796,-2.606074945415388,424.0,0.5319949811794228,0.0,0.0
797,-0.7049501453983148,424.0,0.531328320802005,0.0,0.0
798,-1.435282550390387,424.0,0.5306633291614519,0.0,0.0
799,-1.3011095407414643,424.0,0.53,0.0,0.0
800,-1.5272664612101412,424.0,0.529338327091136,0.0,0.0
801,0.5254585959879259,424.0,0.5286783042394015,0.0,0.0
802,-1.5161815089606672,424.0,0.5280199252801993,0.0,0.0
803,1.9092996450171975,424.0,0.527363184079602,0.0,0.0
804,-3.085069634568484,424.0,0.5267080745341615,0.0,0.0
805,1.510863535375531,424.0,0.5260545905707196,0.0,0.0
806,-1.482963885531707,424.0,0.5254027261462205,0.0,0.0
807,2.0344730318374395,424.0,0.5247524752475248,0.0,0.0
808,0.2485156725884545,424.0,0.5241038318912238,0.0,0.0
809,1.4679942409302669,424.0,0.5234567901234568,0.0,0.0
810,0.4117376202854569,424.0,0.5228113440197287,0.0,0.0
811,-1.030326801939191,424.0,0.5221674876847291,0.0,0.0
812,-1.0228246958981484,424.0,0.5215252152521526,0.0,0.0
813,-0.3879368673203456,424.0,0.5208845208845209,0.0,0.0
814,-1.5506844113335734,424.0,0.5202453987730061,0.0,0.0
815,0.4931602934945729,424.0,0.5196078431372549,0.0,0.0
816,-1.6865816866553571,424.0,0.5189718482252142,0.0,0.0
817,0.9729383260404756,424.0,0.5183374083129584,0.0,0.0
818,-2.3396923930405475,424.0,0.5177045177045178,0.0,0.0
819,-0.2070866053373525,424.0,0.5170731707317073,0.0,0.0
820,-0.9942072748030676,424.0,0.5164433617539586,0.0,0.0
821,0.3636917285553637,424.0,0.5158150851581509,0.0,0.0
822,-0.8722391995509371,424.0,0.5151883353584447,0.0,0.0
823,1.1669591478049908,424.0,0.5145631067961165,0.0,0.0
824,0.1419338193561596,424.0,0.5139393939393939,0.0,0.0
825,2.2055247617537237,424.0,0.513317191283293,0.0,0.0
826,-0.156040600985719,424.0,0.5126964933494559,0.0,0.0
827,1.2473832670476988,424.0,0.5120772946859904,0.0,0.0
828,-0.0473990996256687,424.0,0.51145958986731,0.0,0.0
829,1.4859499399770055,424.0,0.5108433734939759,0.0,0.0
830,-1.3345634405165647,424.0,0.5102286401925391,0.0,0.0
831,-0.8945584352739666,424.0,0.5096153846153846,0.0,0.0
832,-0.7767835281758508,424.0,0.5090036014405762,0.0,0.0
833,0.4170270828145193,424.0,0.5083932853717026,0.0,0.0
834,-0.5664922120913418,424.0,0.5077844311377245,0.0,0.0
835,0.1143812929144462,424.0,0.507177033492823,0.0,0.0
836,-0.3090394392861587,424.0,0.5065710872162486,0.0,0.0
837,0.3172021423948358,424.0,0.5059665871121718,0.0,0.0
838,-1.2789026925084597,424.0,0.5053635280095352,0.0,0.0
839,0.5558254271041125,424.0,0.5047619047619047,0.0,0.0
840,0.0571076251272211,424.0,0.5041617122473246,0.0,0.0
841,0.9028222431454686,424.0,0.503562945368171,0.0,0.0
842,-0.064726727971283,424.0,0.5029655990510083,0.0,0.0
843,1.5815664819021145,424.0,0.5023696682464455,0.0,0.0
844,0.5897663088341891,424.0,0.5017751479289941,0.0,0.0
845,0.4141501444777835,424.0,0.5011820330969267,0.0,0.0
846,1.8685757350418828,424.0,0.500590318772137,0.0,0.0
847,1.2349959462091489,599.0,0.7063679245283019,0.0,0.0
848,2.056381736705317,599.0,0.7055359246171967,0.0,0.0
849,1.6359100524898624,599.0,0.7047058823529412,0.0,0.0
850,2.121917759311623,424.0,0.4982373678025852,0.0,0.0
851,0.7902265706412179,599.0,0.7030516431924883,0.0,0.0
852,2.59486098711575,424.0,0.4970691676436108,0.0,0.0
853,0.8150101728005891,599.0,0.7014051522248244,0.0,0.0
854,3.496239257909852,599.0,0.7005847953216374,0.0,0.0
855,0.2863234989404445,424.0,0.4953271028037383,0.0,0.0
856,2.407826542142834,599.0,0.6989498249708285,0.0,0.0
857,-0.5456089701118483,424.0,0.49417249417249415,0.0,0.0
858,3.224662533236385,599.0,0.6973224679860303,0.0,0.0
859,-0.459381114712141,599.0,0.6965116279069767,0.0,0.0
860,2.360088069714114,599.0,0.6957026713124274,0.0,0.0
861,-1.6090002565541277,599.0,0.6948955916473318,0.0,0.0
862,4.6670032467540095,599.0,0.694090382387022,0.0,0.0
863,-1.266891215887324,599.0,0.6932870370370371,0.0,0.0
864,3.556133119806103,599.0,0.692485549132948,0.0,0.0
865,-1.5145178911463786,424.0,0.4896073903002309,0.0,0.0
866,4.355278119165594,424.0,0.48904267589388695,0.0,0.0
867,-1.5597987217425806,599.0,0.6900921658986175,0.0,0.0
868,2.8242705348879342,599.0,0.6892980437284235,0.0,0.0
869,-1.4126712110316064,599.0,0.6885057471264368,0.0,0.0
870,4.1558139140686805,599.0,0.687715269804822,0.0,0.0
871,0.0575137325115415,424.0,0.48623853211009177,0.0,0.0
872,5.0601703615341584,599.0,0.6861397479954181,0.0,0.0
873,-0.5220773844755723,599.0,0.6853546910755148,0.0,0.0
874,3.116357076557295,599.0,0.6845714285714286,0.0,0.0
875,-0.7604490592396109,599.0,0.6837899543378996,0.0,0.0
876,2.3830759586786168,599.0,0.6830102622576967,0.0,0.0
877,-0.619824112137665,599.0,0.6822323462414579,0.0,0.0
878,3.0557964752494,599.0,0.6814562002275313,0.0,0.0
879,-1.0593330303530086,599.0,0.6806818181818182,0.0,0.0
880,1.9664773869043568,599.0,0.6799091940976163,0.0,0.0
881,-1.9937802160670524,424.0,0.48072562358276644,0.0,0.0
882,2.4731292162724636,599.0,0.6783691959229898,0.0,0.0
883,-1.3361938980332635,599.0,0.6776018099547512,0.0,0.0
884,3.0923200603705165,599.0,0.6768361581920904,0.0,0.0
885,-2.426632606399204,599.0,0.6760722347629797,0.0,0.0
886,2.2688169179120163,599.0,0.6753100338218715,0.0,0.0
887,-0.8397902674694793,599.0,0.6745495495495496,0.0,0.0
888,2.4151259589773715,599.0,0.6737907761529809,0.0,0.0
889,0.4733799184659026,599.0,0.6730337078651686,0.0,0.0
890,3.1356336882212186,599.0,0.6722783389450057,0.0,0.0
891,1.217635884217258,599.0,0.67152466367713,0.0,0.0
892,2.2280406566228264,599.0,0.6707726763717805,0.0,0.0
893,1.036189812892488,599.0,0.6700223713646533,0.0,0.0
894,2.3457756216723142,599.0,0.6692737430167598,0.0,0.0
895,3.3277865127187107,599.0,0.6685267857142857,0.0,0.0
896,2.8968819826943997,599.0,0.6677814938684504,0.0,0.0
897,2.9534176281254534,599.0,0.6670378619153675,0.0,0.0
898,2.856317830597803,599.0,0.6662958843159066,0.0,0.0
899,3.14882237404721,599.0,0.6655555555555556,0.0,0.0
900,2.439671869579469,599.0,0.6648168701442841,0.0,0.0
901,3.620397798527679,599.0,0.664079822616408,0.0,0.0
902,3.3656022841956803,599.0,0.6633444075304541,0.0,0.0
903,5.780786896777046,599.0,0.6626106194690266,0.0,0.0
904,4.651438270429701,599.0,0.661878453038674,0.0,0.0
905,5.599546901670819,599.0,0.6611479028697572,0.0,0.0
906,3.686197639838755,599.0,0.6604189636163176,0.0,0.0
907,3.920747199464451,599.0,0.6596916299559471,0.0,0.0
908,4.413213100177231,599.0,0.658965896589659,0.0,0.0
909,4.844832246673438,599.0,0.6582417582417582,0.0,0.0
910,5.560910508747179,424.0,0.4654226125137212,0.0,0.0
911,4.788653516522633,599.0,0.6567982456140351,0.0,0.0
912,5.136165158643467,599.0,0.656078860898138,0.0,0.0
913,4.354278752313763,599.0,0.6553610503282276,0.0,0.0
914,5.556503543789015,599.0,0.6546448087431694,0.0,0.0
915,1.978769181344454,599.0,0.6539301310043668,0.0,0.0
916,3.334661470307994,599.0,0.653217011995638,0.0,0.0
917,-0.5997333119760895,599.0,0.6525054466230937,0.0,0.0
918,2.5803817920274223,599.0,0.6517954298150164,0.0,0.0
919,-0.5972309689004545,599.0,0.6510869565217391,0.0,0.0
920,3.5135540012208466,599.0,0.6503800217155266,0.0,0.0
921,-0.4266162957099326,599.0,0.6496746203904555,0.0,0.0
922,3.687982175260331,599.0,0.6489707475622969,0.0,0.0
923,-0.426458459324839,599.0,0.6482683982683982,0.0,0.0
924,2.8242538182583288,599.0,0.6475675675675676,0.0,0.0
925,-1.4110450913459494,599.0,0.6468682505399568,0.0,0.0
926,2.7799584949157787,599.0,0.6461704422869471,0.0,0.0
927,-1.243245007995656,599.0,0.6454741379310345,0.0,0.0
928,1.420273682465601,599.0,0.6447793326157158,0.0,0.0
929,-1.6338424209747366,599.0,0.6440860215053763,0.0,0.0
930,0.1819112916649441,599.0,0.6433941997851772,0.0,0.0
931,-2.303557892941704,599.0,0.6427038626609443,0.0,0.0
932,1.3694892502970482,599.0,0.6420150053590568,0.0,0.0
933,-1.6808500252254597,599.0,0.6413276231263383,0.0,0.0
934,1.7204638970632726,599.0,0.6406417112299465,0.0,0.0
935,-2.429581059182743,599.0,0.6399572649572649,0.0,0.0
936,0.9345924696058372,599.0,0.6392742796157951,0.0,0.0
937,-0.9374428489211108,599.0,0.6385927505330491,0.0,0.0
938,0.126036480616398,599.0,0.6379126730564431,0.0,0.0
939,-1.4551353398032,599.0,0.6372340425531915,0.0,0.0
940,0.7577529416519194,599.0,0.6365568544102019,0.0,0.0
941,-0.1228086083311563,599.0,0.6358811040339702,0.0,0.0
942,1.901898427024568,599.0,0.6352067868504772,0.0,0.0
943,0.1390579770117146,599.0,0.6345338983050848,0.0,0.0
944,1.0948202568407863,599.0,0.6338624338624339,0.0,0.0
945,0.5174355277775632,599.0,0.6331923890063424,0.0,0.0
946,1.505742266047582,599.0,0.6325237592397043,0.0,0.0
947,0.2760673807873481,599.0,0.6318565400843882,0.0,0.0
948,1.132606602825903,599.0,0.631190727081138,0.0,0.0
949,1.0399028933011285,599.0,0.6305263157894737,0.0,0.0
950,3.000314606452986,599.0,0.629863301787592,0.0,0.0
951,-0.6957241701377488,599.0,0.6292016806722689,0.0,0.0
952,2.746809389110341,599.0,0.6285414480587618,0.0,0.0
953,-2.145925193084314,599.0,0.6278825995807128,0.0,0.0
954,2.5182571351393284,599.0,0.6272251308900524,0.0,0.0
955,-2.184918413122108,599.0,0.6265690376569037,0.0,0.0
956,4.2638041209837425,599.0,0.625914315569488,0.0,0.0
957,-1.3546580517541598,599.0,0.6252609603340292,0.0,0.0
958,2.741129953108266,599.0,0.6246089676746611,0.0,0.0
959,0.4140807125934302,599.0,0.6239583333333333,0.0,0.0
960,0.9167506454150978,599.0,0.6233090530697191,0.0,0.0
961,1.106937152138454,599.0,0.6226611226611226,0.0,0.0
962,2.6591832485461455,599.0,0.6220145379023884,0.0,0.0
963,1.439419238678186,599.0,0.6213692946058091,0.0,0.0
964,3.1500584332197676,599.0,0.6207253886010363,0.0,0.0
965,1.9062907470814237,599.0,0.6200828157349897,0.0,0.0
966,2.7565240575712284,599.0,0.6194415718717684,0.0,0.0
967,2.0869123255669817,599.0,0.618801652892562,0.0,0.0
968,1.047279533517355,599.0,0.6181630546955624,0.0,0.0
969,2.5167600042456058,599.0,0.6175257731958763,0.0,0.0
970,0.3295194015614722,599.0,0.6168898043254377,0.0,0.0
971,3.1593520963373476,599.0,0.6162551440329218,0.0,0.0
972,0.0649509255418166,599.0,0.6156217882836588,0.0,0.0
973,2.776318018240622,599.0,0.6149897330595483,0.0,0.0
974,-0.0627346077684513,599.0,0.6143589743589744,0.0,0.0
975,1.7206612083078738,599.0,0.6137295081967213,0.0,0.0
976,0.5528979581845122,599.0,0.6131013306038895,0.0,0.0
977,1.328133490164325,599.0,0.6124744376278118,0.0,0.0
978,-0.4833134511699314,599.0,0.6118488253319714,0.0,0.0
979,0.7674562250995147,599.0,0.6112244897959184,0.0,0.0
980,-0.5650036381932582,599.0,0.6106014271151886,0.0,0.0
981,1.1074414951745173,599.0,0.609979633401222,0.0,0.0
982,-0.2608269669918378,599.0,0.6093591047812817,0.0,0.0
983,0.5459419084204229,599.0,0.608739837398374,0.0,0.0
984,0.0833301276609665,599.0,0.6081218274111675,0.0,0.0
985,2.7509034508587265,599.0,0.6075050709939148,0.0,0.0
986,-0.1445559559875378,599.0,0.6068895643363729,0.0,0.0
987,-0.3305556410500339,599.0,0.6062753036437247,0.0,0.0
988,-1.235204572740502,599.0,0.6056622851365016,0.0,0.0
989,-0.9541906692917644,599.0,0.6050505050505051,0.0,0.0
990,0.0701679064883518,599.0,0.6044399596367306,0.0,0.0
991,0.3649237150841979,599.0,0.6038306451612904,0.0,0.0
992,-0.4236759759569012,599.0,0.6032225579053374,0.0,0.0
993,0.5544772775275768,599.0,0.60261569416499,0.0,0.0
994,-0.4712377516064983,599.0,0.6020100502512563,0.0,0.0
995,-0.7566454016042767,599.0,0.6014056224899599,0.0,0.0
996,-0.3357078831530542,599.0,0.600802407221665,0.0,0.0
997,-0.3183924795094271,599.0,0.6002004008016032,0.0,0.0
998,-1.3761550426959053,599.0,0.5995995995995996,0.0,0.0
999,-0.0645560902074304,599.0,0.599,0.0,0.0
1000,0.8320896694851309,599.0,0.5984015984015985,0.0,0.0
1001,-2.942970044860456,599.0,0.5978043912175649,0.0,0.0
1002,0.1140784579798722,599.0,0.5972083748753739,0.0,0.0
1003,1.510392511025103,599.0,0.5966135458167331,0.0,0.0
1004,-1.6004468911066323,599.0,0.5960199004975124,0.0,0.0
1005,-1.009256986347192,599.0,0.595427435387674,0.0,0.0
1006,0.9468620117746372,599.0,0.5948361469712016,0.0,0.0
1007,-1.400211620029179,599.0,0.5942460317460317,0.0,0.0
1008,0.1484043105221014,599.0,0.5936570862239842,0.0,0.0
1009,2.8094575283262655,599.0,0.593069306930693,0.0,0.0
1010,-1.0009243269452797,599.0,0.592482690405539,0.0,0.0
1011,1.4387187542897708,599.0,0.591897233201581,0.0,0.0
1012,2.3596468666924983,599.0,0.5913129318854886,0.0,0.0
1013,-1.2126309609158978,599.0,0.5907297830374754,0.0,0.0
1014,2.393029790101407,599.0,0.5901477832512315,0.0,0.0
1015,3.7754396030537727,599.0,0.5895669291338582,0.0,0.0
1016,0.8558337187008347,599.0,0.5889872173058014,0.0,0.0
1017,1.4850785568957652,599.0,0.5884086444007859,0.0,0.0
1018,2.420215933868766,599.0,0.5878312070657508,0.0,0.0
1019,2.4852952859074957,599.0,0.5872549019607843,0.0,0.0
1020,-0.7358202151622941,599.0,0.5866797257590598,0.0,0.0
1021,1.9864644945592524,599.0,0.586105675146771,0.0,0.0
1022,1.6309925754272696,599.0,0.5855327468230694,0.0,0.0
1023,0.784413851148946,599.0,0.5849609375,0.0,0.0
1024,1.9523311025443069,599.0,0.584390243902439,0.0,0.0
1025,2.035146637040029,599.0,0.5838206627680312,0.0,0.0
1026,0.9274863558101568,599.0,0.5832521908471275,0.0,0.0
1027,1.5322324110151442,599.0,0.5826848249027238,0.0,0.0
1028,2.443341014164134,599.0,0.5821185617103984,0.0,0.0
1029,-0.0624906644619985,599.0,0.5815533980582525,0.0,0.0
1030,0.3616555189032553,599.0,0.5809893307468477,0.0,0.0
1031,1.7713838615397233,599.0,0.5804263565891473,0.0,0.0
1032,-0.2289075194618218,599.0,0.579864472410455,0.0,0.0
1033,-0.3879893166880911,599.0,0.5793036750483559,0.0,0.0
1034,1.6998642048266448,599.0,0.578743961352657,0.0,0.0
1035,2.020562954512833,599.0,0.5781853281853282,0.0,0.0
1036,-0.5819154421588538,599.0,0.5776277724204436,0.0,0.0
1037,2.4487543105502336,599.0,0.5770712909441233,0.0,0.0
1038,1.5350823362811563,599.0,0.5765158806544755,0.0,0.0
1039,0.6868592747075823,599.0,0.5759615384615384,0.0,0.0
1040,1.0759358203350429,599.0,0.5754082612872238,0.0,0.0
1041,2.301016327589936,599.0,0.5748560460652591,0.0,0.0
1042,1.0074259925961713,599.0,0.5743048897411314,0.0,0.0
1043,1.4164740872815047,599.0,0.5737547892720306,0.0,0.0
1044,0.8318443918787946,599.0,0.5732057416267943,0.0,0.0
1045,0.4649248508647214,599.0,0.5726577437858509,0.0,0.0
1046,2.652152972093522,599.0,0.5721107927411653,0.0,0.0
1047,-0.7493876514025891,599.0,0.5715648854961832,0.0,0.0
1048,0.0299988602638437,599.0,0.5710200190657769,0.0,0.0
1049,2.83557946633975,599.0,0.5704761904761905,0.0,0.0
1050,1.32116453955906,599.0,0.5699333967649858,0.0,0.0
1051,1.2772601882783912,599.0,0.5693916349809885,0.0,0.0
1052,3.949491583891928,599.0,0.5688509021842355,0.0,0.0
1053,0.7742541020211722,599.0,0.5683111954459203,0.0,0.0
1054,1.3880490007451436,599.0,0.5677725118483412,0.0,0.0
1055,2.8312066566179728,599.0,0.5672348484848485,0.0,0.0
1056,0.4296624657147639,599.0,0.5666982024597919,0.0,0.0
1057,1.3916369478066453,599.0,0.5661625708884688,0.0,0.0
1058,1.806323175837644,599.0,0.5656279508970727,0.0,0.0
1059,1.7344805209503271,599.0,0.5650943396226416,0.0,0.0
1060,1.3293523319716551,599.0,0.5645617342130066,0.0,0.0
1061,1.2872181012980928,599.0,0.564030131826742,0.0,0.0
1062,0.701492469787645,599.0,0.5634995296331138,0.0,0.0
1063,2.4691637142520637,599.0,0.5629699248120301,0.0,0.0
1064,1.8389825916853364,599.0,0.5624413145539906,0.0,0.0
1065,0.3748936540293755,599.0,0.5619136960600375,0.0,0.0
1066,1.0294308016648734,599.0,0.5613870665417057,0.0,0.0
1067,2.454229270130663,599.0,0.5608614232209738,0.0,0.0
1068,0.2006992739255405,599.0,0.5603367633302152,0.0,0.0
1069,1.8937092991859903,599.0,0.5598130841121496,0.0,0.0
1070,2.2338691699275857,599.0,0.5592903828197946,0.0,0.0
1071,1.6271538420507343,599.0,0.558768656716418,0.0,0.0
1072,1.6774798585121655,599.0,0.5582479030754893,0.0,0.0
1073,3.617524307307278,599.0,0.5577281191806331,0.0,0.0
1074,2.307039516176071,599.0,0.5572093023255814,0.0,0.0
1075,0.2133344733721065,599.0,0.5566914498141264,0.0,0.0
1076,2.975386339584148,599.0,0.5561745589600743,0.0,0.0
1077,3.6544528732518864,599.0,0.5556586270871985,0.0,0.0
1078,0.5270275384143763,599.0,0.5551436515291936,0.0,0.0
1079,2.1860131296487815,599.0,0.5546296296296296,0.0,0.0
1080,3.399732148006131,599.0,0.5541165587419057,0.0,0.0
1081,1.6749617163014106,599.0,0.5536044362292052,0.0,0.0
1082,2.390320812847715,599.0,0.5530932594644506,0.0,0.0
1083,2.90570838623507,599.0,0.5525830258302583,0.0,0.0
1084,-0.1348011309984167,599.0,0.552073732718894,0.0,0.0
1085,3.854691410692773,599.0,0.5515653775322283,0.0,0.0
1086,1.7224372244044113,212.0,0.19503219871205152,0.0,0.0
1087,0.9910411825928988,212.0,0.1948529411764706,0.0,0.0
1088,1.9445063469281136,212.0,0.19467401285583102,0.0,0.0
1089,1.02367419877862,212.0,0.1944954128440367,0.0,0.0
1090,0.0523678479898297,212.0,0.19431714023831348,0.0,0.0
1091,2.613963616509724,212.0,0.19413919413919414,0.0,0.0
1092,0.3671496785013414,212.0,0.1939615736505032,0.0,0.0
1093,0.6423093214886649,212.0,0.19378427787934185,0.0,0.0
1094,4.103816388625928,212.0,0.19360730593607306,0.0,0.0
1095,0.5008998433802598,212.0,0.19343065693430658,0.0,0.0
1096,-0.2662913567100075,212.0,0.19325432999088424,0.0,0.0
1097,3.3792541710901753,212.0,0.1930783242258652,0.0,0.0
1098,-0.5263089226710583,212.0,0.19290263876251137,0.0,0.0
1099,0.6268941554259256,212.0,0.19272727272727272,0.0,0.0
1100,3.7386550996809382,212.0,0.19255222524977295,0.0,0.0
1101,-0.12714394769387,212.0,0.19237749546279492,0.0,0.0
1102,-0.4604649391409363,212.0,0.19220308250226656,0.0,0.0
1103,1.160572829128271,212.0,0.19202898550724637,0.0,0.0
1104,-0.4648781744801654,212.0,0.19185520361990951,0.0,0.0
1105,-0.7367803959782373,212.0,0.19168173598553345,0.0,0.0
1106,0.0529543422274731,212.0,0.1915085817524842,0.0,0.0
1107,-1.3234459879339568,599.0,0.5406137184115524,0.0,0.0
1108,-1.0550447438804496,212.0,0.19116321009918846,0.0,0.0
1109,0.8081208596088927,212.0,0.19099099099099098,0.0,0.0
1110,-3.285794586425576,212.0,0.19081908190819083,0.0,0.0
1111,-1.473428588983971,212.0,0.1906474820143885,0.0,0.0
1112,1.5777397875399215,212.0,0.19047619047619047,0.0,0.0
1113,-5.136578436498889,212.0,0.19030520646319568,0.0,0.0
1114,-1.5230762703265872,212.0,0.19013452914798207,0.0,0.0
1115,1.38464872739257,212.0,0.18996415770609318,0.0,0.0
1116,-4.52108619288595,212.0,0.18979409131602507,0.0,0.0
1117,0.4149845441439526,212.0,0.18962432915921287,0.0,0.0
1118,1.1771144384908208,212.0,0.18945487042001788,0.0,0.0
1119,-4.7434434561237735,212.0,0.18928571428571428,0.0,0.0
1120,-0.1121969670930633,212.0,0.18911685994647637,0.0,0.0
1121,1.0508719677623486,212.0,0.1889483065953654,0.0,0.0
1122,-5.178129762701582,212.0,0.188780053428317,0.0,0.0
1123,-1.6873480827470624,212.0,0.18861209964412812,0.0,0.0
1124,0.0692049969506779,212.0,0.18844444444444444,0.0,0.0
1125,-4.962610455581167,212.0,0.1882770870337478,0.0,0.0
1126,0.0858044495724177,212.0,0.1881100266193434,0.0,0.0
1127,-0.6255801599586219,212.0,0.1879432624113475,0.0,0.0
1128,-5.077716528358331,212.0,0.18777679362267494,0.0,0.0
1129,-1.3611881382330664,212.0,0.18761061946902655,0.0,0.0
1130,0.7126576729953831,212.0,0.1874447391688771,0.0,0.0
1131,-4.208432577755713,212.0,0.1872791519434629,0.0,0.0
1132,-0.4545235106992225,212.0,0.18711385701676964,0.0,0.0
1133,1.0646780582820448,212.0,0.18694885361552027,0.0,0.0
1134,-4.493652286344734,212.0,0.186784140969163,0.0,0.0
1135,-0.2356685062669937,212.0,0.18661971830985916,0.0,0.0
1136,-0.0775048844107014,212.0,0.1864555848724714,0.0,0.0
1137,-3.573901912843309,212.0,0.18629173989455183,0.0,0.0
1138,0.9493977302038564,212.0,0.1861281826163301,0.0,0.0
1139,2.488234241603939,212.0,0.18596491228070175,0.0,0.0
1140,-4.067548363311029,212.0,0.18580192813321647,0.0,0.0
1141,2.073526375914136,212.0,0.18563922942206654,0.0,0.0
1142,3.098071350991934,212.0,0.18547681539807523,0.0,0.0
1143,-4.7727183020926915,212.0,0.1853146853146853,0.0,0.0
1144,2.0937976439414587,212.0,0.1851528384279476,0.0,0.0
1145,4.124518565678848,212.0,0.1849912739965096,0.0,0.0
1146,-4.861636416041068,212.0,0.18482999128160418,0.0,0.0
1147,2.3185895388140305,212.0,0.18466898954703834,0.0,0.0
1148,3.5282903391191356,212.0,0.18450826805918188,0.0,0.0
1149,-3.9637933167464823,212.0,0.18434782608695652,0.0,0.0
1150,1.3543451739659105,212.0,0.1841876629018245,0.0,0.0
1151,3.2412095706637136,212.0,0.1840277777777778,0.0,0.0
1152,-3.040416567513109,212.0,0.18386816999132696,0.0,0.0
1153,0.6815962135495257,212.0,0.18370883882149047,0.0,0.0
1154,2.0682318919462523,212.0,0.18354978354978355,0.0,0.0
1155,-2.7736031380898485,212.0,0.18339100346020762,0.0,0.0
1156,0.1052766846801355,212.0,0.18323249783923942,0.0,0.0
1157,1.8712068694349344,212.0,0.18307426597582038,0.0,0.0
1158,-3.232154831205176,212.0,0.182916307161346,0.0,0.0
1159,0.977555414751398,212.0,0.18275862068965518,0.0,0.0
1160,1.932875666626166,212.0,0.1826012058570198,0.0,0.0
1161,-4.289236968017862,212.0,0.18244406196213425,0.0,0.0
1162,2.312771153223298,212.0,0.1822871883061049,0.0,0.0
1163,0.8875897707462407,212.0,0.18213058419243985,0.0,0.0
1164,-4.16624166607199,212.0,0.18197424892703862,0.0,0.0
1165,3.1994723596544947,212.0,0.18181818181818182,0.0,0.0
1166,-0.0046409227998254,212.0,0.181662382176521,0.0,0.0
1167,-1.6560195025833266,212.0,0.1815068493150685,0.0,0.0
1168,0.5364648658363618,212.0,0.18135158254918735,0.0,0.0
1169,-2.9040264970787453,212.0,0.1811965811965812,0.0,0.0
1170,-1.2904190232226145,212.0,0.18104184457728437,0.0,0.0
1171,-0.994687213381171,212.0,0.18088737201365188,0.0,0.0
1172,-2.555345164986657,212.0,0.18073316283034954,0.0,0.0
1173,-2.0394972416069987,212.0,0.18057921635434412,0.0,0.0
1174,-1.2420583382228725,212.0,0.1804255319148936,0.0,0.0
1175,-2.043367103517904,212.0,0.18027210884353742,0.0,0.0
1176,-1.7686777909672629,212.0,0.18011894647408666,0.0,0.0
1177,-1.4095718767860588,212.0,0.1799660441426146,0.0,0.0
1178,-2.3456609649621076,212.0,0.179813401187447,0.0,0.0
1179,-1.842295666881704,212.0,0.17966101694915254,0.0,0.0
1180,-1.9952401388183043,212.0,0.17950889077053345,0.0,0.0
1181,-0.970046496271588,212.0,0.1793570219966159,0.0,0.0
1182,-2.751881295595001,212.0,0.17920540997464074,0.0,0.0
1183,-1.557908341734504,212.0,0.17905405405405406,0.0,0.0
1184,-0.5841013708167604,212.0,0.17890295358649788,0.0,0.0
1185,-4.274788060642358,212.0,0.178752107925801,0.0,0.0
1186,-1.1317147178272964,212.0,0.17860151642796968,0.0,0.0
1187,0.5542505583814551,212.0,0.17845117845117844,0.0,0.0
1188,-4.07282257826845,212.0,0.17830109335576114,0.0,0.0
1189,-0.3792716040074244,212.0,0.1781512605042017,0.0,0.0
1190,0.3878271562198243,212.0,0.17800167926112512,0.0,0.0
1191,-3.504163968517072,212.0,0.17785234899328858,0.0,0.0
1192,0.4822722794747535,212.0,0.1777032690695725,0.0,0.0
1193,0.1522421913351188,212.0,0.17755443886097153,0.0,0.0
1194,-2.581799429273151,212.0,0.1774058577405858,0.0,0.0
1195,-1.142285061623284,212.0,0.17725752508361203,0.0,0.0
1196,0.2001155948330238,212.0,0.177109440267335,0.0,0.0
1197,-4.1055038992073705,212.0,0.17696160267111852,0.0,0.0
1198,-1.4829628242570176,212.0,0.176814011676397,0.0,0.0
1199,-0.5591102071669877,212.0,0.17666666666666667,0.0,0.0
1200,-3.3012595961300653,212.0,0.1765195670274771,0.0,0.0
1201,-1.795927740411034,212.0,0.17637271214642264,0.0,0.0
1202,1.3053838825491124,212.0,0.17622610141313383,0.0,0.0
1203,-3.369243394357889,212.0,0.1760797342192691,0.0,0.0
1204,-2.697598373994002,212.0,0.17593360995850624,0.0,0.0
1205,-0.9711000365750446,212.0,0.175787728026534,0.0,0.0
1206,-3.0942640184707675,212.0,0.1756420878210439,0.0,0.0
1207,-2.8036603141375913,212.0,0.17549668874172186,0.0,0.0
1208,-0.163214884951188,212.0,0.17535153019023986,0.0,0.0
1209,-1.9409976375314284,212.0,0.17520661157024794,0.0,0.0
1210,-1.7750443067668242,212.0,0.1750619322873658,0.0,0.0
1211,-1.1052685576562813,212.0,0.17491749174917492,0.0,0.0
1212,-3.018858118315592,212.0,0.17477328936521022,0.0,0.0
1213,-2.062276162390484,212.0,0.17462932454695224,0.0,0.0
1214,-1.9554065315452105,212.0,0.17448559670781894,0.0,0.0
1215,-2.6231440395146235,212.0,0.17434210526315788,0.0,0.0
1216,-2.2017854265850145,212.0,0.1741988496302383,0.0,0.0
1217,-1.094244151740846,212.0,0.17405582922824303,0.0,0.0
1218,-2.9199758927627837,212.0,0.17391304347826086,0.0,0.0
1219,-3.8746621885158343,299.0,0.24508196721311476,0.0,0.0
1220,-0.3677086834974447,299.0,0.24488124488124488,0.0,0.0
1221,-0.0975955731766737,299.0,0.24468085106382978,0.0,0.0
1222,-2.8535269737030124,299.0,0.24448078495502862,0.0,0.0
1223,-1.9186509537539005,299.0,0.24428104575163398,0.0,0.0
1224,-1.623516286029503,299.0,0.24408163265306124,0.0,0.0
1225,-1.001344069134926,299.0,0.24388254486133767,0.0,0.0
1226,-1.8902788835934885,299.0,0.2436837815810921,0.0,0.0
1227,-1.5012438185217798,299.0,0.24348534201954397,0.0,0.0
1228,-1.510049127932651,299.0,0.24328722538649308,0.0,0.0
1229,-0.7391244450204933,299.0,0.24308943089430896,0.0,0.0
1230,-1.1633620699109688,299.0,0.24289195775792038,0.0,0.0
1231,-2.58331370230825,299.0,0.24269480519480519,0.0,0.0
1232,-1.2055314728607205,299.0,0.24249797242497972,0.0,0.0
1233,-1.3749770096354297,299.0,0.24230145867098865,0.0,0.0
1234,-2.826157209985074,299.0,0.24210526315789474,0.0,0.0
1235,-0.3845729617258804,299.0,0.24190938511326862,0.0,0.0
1236,-2.142316959549922,299.0,0.24171382376717865,0.0,0.0
1237,-2.998798736720542,299.0,0.24151857835218093,0.0,0.0
1238,1.245020709316507,299.0,0.2413236481033091,0.0,0.0
1239,-0.2061891990007556,299.0,0.2411290322580645,0.0,0.0
1240,-0.7873370884344795,299.0,0.24093473005640612,0.0,0.0
1241,1.5289730835703912,299.0,0.24074074074074073,0.0,0.0
1242,0.6613599211090075,299.0,0.24054706355591313,0.0,0.0
1243,-1.4844872898080517,299.0,0.24035369774919615,0.0,0.0
1244,0.6676614922772525,299.0,0.24016064257028114,0.0,0.0
1245,-0.9016142326857852,299.0,0.23996789727126805,0.0,0.0
1246,-0.8406961169988885,299.0,0.23977546110665598,0.0,0.0
1247,1.301683420899614,299.0,0.23958333333333334,0.0,0.0
1248,-0.2094717562902687,299.0,0.23939151321056845,0.0,0.0
1249,-1.0722530453526458,299.0,0.2392,0.0,0.0
1250,0.7806506933494666,299.0,0.2390087929656275,0.0,0.0
1251,0.7625878690695224,299.0,0.2388178913738019,0.0,0.0
1252,-1.9562531868883375,299.0,0.2386272944932163,0.0,0.0
1253,0.8986716600036484,299.0,0.23843700159489634,0.0,0.0
1254,1.9087156793530056,299.0,0.23824701195219122,0.0,0.0
1255,-1.1955419646085734,299.0,0.23805732484076433,0.0,0.0
1256,1.2280666477808335,299.0,0.23786793953858393,0.0,0.0
1257,2.235980731599432,299.0,0.23767885532591415,0.0,0.0
1258,-0.5621102654830152,299.0,0.2374900714853058,0.0,0.0
1259,0.9918554054606386,299.0,0.2373015873015873,0.0,0.0
1260,0.3420138963125958,299.0,0.23711340206185566,0.0,0.0
1261,-2.355532291746096,299.0,0.23692551505546752,0.0,0.0
1262,1.1474038109762843,299.0,0.2367379255740301,0.0,0.0
1263,0.0639494335939069,299.0,0.23655063291139242,0.0,0.0
1264,-0.2879964202604819,299.0,0.23636363636363636,0.0,0.0
1265,1.1787166598790806,299.0,0.23617693522906794,0.0,0.0
1266,2.2331096433678534,299.0,0.23599052880820837,0.0,0.0
1267,-1.0508807754419336,299.0,0.2358044164037855,0.0,0.0
1268,2.526989993209475,299.0,0.235618597320725,0.0,0.0
1269,2.5405543043429972,299.0,0.23543307086614174,0.0,0.0
1270,0.4805696956404632,299.0,0.23524783634933125,0.0,0.0
1271,1.4791605768670566,299.0,0.235062893081761,0.0,0.0
1272,1.5449130890340297,299.0,0.23487824037706206,0.0,0.0
1273,-0.0483028700711046,299.0,0.23469387755102042,0.0,0.0
1274,2.8806163329075987,299.0,0.23450980392156862,0.0,0.0
1275,1.950776015652164,299.0,0.23432601880877743,0.0,0.0
1276,1.2926232237016344,299.0,0.2341425215348473,0.0,0.0
1277,1.5642242714823669,299.0,0.23395931142410015,0.0,0.0
1278,3.475595753510903,299.0,0.23377638780297108,0.0,0.0
1279,2.4983523284504936,299.0,0.23359375,0.0,0.0
1280,0.8762045238601273,299.0,0.23341139734582358,0.0,0.0
1281,2.447816979319295,299.0,0.23322932917316694,0.0,0.0
1282,2.2459519775789203,299.0,0.23304754481683554,0.0,0.0
1283,1.4116357937007462,299.0,0.23286604361370716,0.0,0.0
1284,2.076401484688982,299.0,0.23268482490272374,0.0,0.0
1285,2.703967954838535,299.0,0.23250388802488337,0.0,0.0
1286,0.1604609511444417,299.0,0.23232323232323232,0.0,0.0
1287,3.241260174164533,299.0,0.23214285714285715,0.0,0.0
1288,3.6703042491969695,299.0,0.23196276183087663,0.0,0.0
1289,1.116054922667496,299.0,0.2317829457364341,0.0,0.0
1290,1.9433506452890208,299.0,0.2316034082106894,0.0,0.0
1291,4.3164962083410705,299.0,0.23142414860681115,0.0,0.0
1292,-0.0327895824951562,299.0,0.23124516627996908,0.0,0.0
1293,3.1907778841183205,299.0,0.23106646058732613,0.0,0.0
1294,2.6679072645109816,299.0,0.2308880308880309,0.0,0.0
1295,-0.1659957337947193,299.0,0.23070987654320987,0.0,0.0
1296,3.7424116913561054,299.0,0.2305319969159599,0.0,0.0
1297,1.3985215421674315,299.0,0.23035439137134053,0.0,0.0
1298,-2.004043848168985,299.0,0.23017705927636645,0.0,0.0
1299,2.8424816138322293,299.0,0.23,0.0,0.0
1300,0.7894481358040564,299.0,0.22982321291314373,0.0,0.0
1301,-2.228271041225573,299.0,0.22964669738863286,0.0,0.0
1302,2.66683323633496,299.0,0.22947045280122794,0.0,0.0
1303,0.6359931291269452,299.0,0.22929447852760737,0.0,0.0
1304,-1.922999393557689,299.0,0.22911877394636015,0.0,0.0
1305,1.5052648177663597,299.0,0.22894333843797857,0.0,0.0
1306,0.1051583673483724,299.0,0.2287681713848508,0.0,0.0
1307,-1.3047687862045754,299.0,0.22859327217125383,0.0,0.0
1308,0.3830538661608879,299.0,0.22841864018334607,0.0,0.0
1309,-1.0822504100815564,424.0,0.3236641221374046,0.0,0.0
1310,-1.252348342566478,299.0,0.22807017543859648,0.0,0.0
1311,2.5426020076822695,424.0,0.3231707317073171,0.0,0.0
1312,1.1976781925896072,299.0,0.22772277227722773,0.0,0.0
1313,-3.4782405725414023,424.0,0.3226788432267884,0.0,0.0
1314,1.7878745201287756,299.0,0.22737642585551332,0.0,0.0
1315,0.8844675821758659,299.0,0.22720364741641338,0.0,0.0
1316,-3.2641868688100786,299.0,0.2270311313591496,0.0,0.0
1317,1.4997276257630094,299.0,0.2268588770864947,0.0,0.0
1318,0.136807245710128,424.0,0.3214556482183472,0.0,0.0
1319,-3.157172929229723,424.0,0.3212121212121212,0.0,0.0
1320,0.1212671344904761,299.0,0.22634367903103708,0.0,0.0
1321,-1.5578305505263934,299.0,0.22617246596066565,0.0,0.0
1322,-4.00530185301484,299.0,0.22600151171579744,0.0,0.0
1323,0.0129083732670004,299.0,0.2258308157099698,0.0,0.0
1324,-0.8321087488741163,299.0,0.22566037735849057,0.0,0.0
1325,-1.2866361640317383,299.0,0.22549019607843138,0.0,0.0
1326,-0.712744678152386,299.0,0.22532027128862095,0.0,0.0
1327,0.1844887749091825,299.0,0.22515060240963855,0.0,0.0
1328,-1.2475992622318826,299.0,0.22498118886380739,0.0,0.0
1329,-1.0489887791105157,299.0,0.22481203007518796,0.0,0.0
1330,0.8022324570154572,299.0,0.22464312546957174,0.0,0.0
1331,-1.2894947434460453,299.0,0.22447447447447447,0.0,0.0
1332,-1.7379500401689758,424.0,0.31807951987997,0.0,0.0
1333,-0.0564397998037109,299.0,0.22413793103448276,0.0,0.0
1334,-2.1746502166909885,299.0,0.22397003745318353,0.0,0.0
1335,-2.684420549950054,299.0,0.22380239520958084,0.0,0.0
1336,0.3341521709250249,299.0,0.2236350037397158,0.0,0.0
1337,-1.793969765157245,299.0,0.2234678624813154,0.0,0.0
1338,-3.56436196943349,299.0,0.22330097087378642,0.0,0.0
1339,-1.262981050462597,299.0,0.22313432835820896,0.0,0.0
1340,-0.7314947552210799,424.0,0.3161819537658464,0.0,0.0
1341,-3.4408469688653223,299.0,0.22280178837555886,0.0,0.0
1342,-1.3342453459141337,299.0,0.22263588979895757,0.0,0.0
1343,-0.8938519960085137,299.0,0.22247023809523808,0.0,0.0
1344,-3.2734420325099896,299.0,0.22230483271375465,0.0,0.0
1345,-2.175244499483642,299.0,0.22213967310549776,0.0,0.0
1346,0.2753754247751449,299.0,0.22197475872308833,0.0,0.0
1347,-1.9100844372890704,424.0,0.314540059347181,0.0,0.0
1348,-1.852495996928066,299.0,0.22164566345441067,0.0,0.0
1349,-2.4042864701061495,424.0,0.31407407407407406,0.0,0.0
1350,-1.7387389094045378,424.0,0.31384159881569207,0.0,0.0
1351,-1.6834791808507104,424.0,0.3136094674556213,0.0,0.0
1352,-1.5922666376157286,424.0,0.31337767923133775,0.0,0.0
1353,-1.126041222865126,424.0,0.31314623338257014,0.0,0.0
1354,-0.3402268669780537,424.0,0.3129151291512915,0.0,0.0
1355,-1.6626467032148056,424.0,0.31268436578171094,0.0,0.0
1356,-3.4030016029089394,424.0,0.3124539425202653,0.0,0.0
1357,1.4451587496343443,424.0,0.3122238586156112,0.0,0.0
1358,0.4327752295752318,424.0,0.31199411331861665,0.0,0.0
1359,-2.476672193859595,424.0,0.31176470588235294,0.0,0.0
1360,-0.3231541995346743,424.0,0.3115356355620867,0.0,0.0
1361,1.1995180069586144,424.0,0.31130690161527164,0.0,0.0
1362,-2.272323994535893,424.0,0.31107850330154074,0.0,0.0
1363,-1.527238151771888,424.0,0.31085043988269795,0.0,0.0
1364,1.7615353521023307,424.0,0.31062271062271063,0.0,0.0
1365,0.5983266170358594,424.0,0.3103953147877013,0.0,0.0
1366,-1.200520301984341,424.0,0.31016825164594003,0.0,0.0
1367,1.5628543639392116,424.0,0.30994152046783624,0.0,0.0
1368,-0.5456742899216581,424.0,0.30971512052593136,0.0,0.0
1369,-1.4849680873807265,424.0,0.3094890510948905,0.0,0.0
1370,3.2536504065574388,424.0,0.30926331145149527,0.0,0.0
1371,-0.7608952119589227,424.0,0.30903790087463556,0.0,0.0
1372,-1.85730668991115,424.0,0.30881281864530225,0.0,0.0
1373,2.387646870868973,424.0,0.30858806404657935,0.0,0.0
1374,-0.3507748232478936,424.0,0.30836363636363634,0.0,0.0
1375,-2.7424689996959506,424.0,0.3081395348837209,0.0,0.0
1376,2.5881293788359305,424.0,0.307915758896151,0.0,0.0
1377,-1.1273023558967306,424.0,0.3076923076923077,0.0,0.0
1378,-1.7964473408682735,424.0,0.3074691805656273,0.0,0.0
1379,4.01925264348755,424.0,0.3072463768115942,0.0,0.0
1380,-1.511740818336729,424.0,0.30702389572773353,0.0,0.0
1381,-1.249273554273993,424.0,0.3068017366136035,0.0,0.0
1382,4.457979048984204,424.0,0.3065798987707881,0.0,0.0
1383,-0.6332064721384247,424.0,0.3063583815028902,0.0,0.0
1384,-0.550892191933265,424.0,0.3061371841155235,0.0,0.0
1385,5.315732397144405,424.0,0.3059163059163059,0.0,0.0
1386,-2.955210895174168,424.0,0.3056957462148522,0.0,0.0
1387,-0.6178172879155934,424.0,0.30547550432276654,0.0,0.0
1388,3.808525989869531,424.0,0.3052555795536357,0.0,0.0
1389,-2.2199810876722355,424.0,0.30503597122302156,0.0,0.0
1390,0.8386172352533945,424.0,0.30481667864845435,0.0,0.0
1391,3.685712186774701,424.0,0.3045977011494253,0.0,0.0
1392,-2.4940773473382363,424.0,0.30437903804737976,0.0,0.0
1393,1.3916901368206402,424.0,0.30416068866571017,0.0,0.0
1394,5.696168362149928,424.0,0.3039426523297491,0.0,0.0
1395,-2.3759995035767467,424.0,0.3037249283667622,0.0,0.0
1396,1.1463716660160874,424.0,0.3035075161059413,0.0,0.0
1397,5.594259668278562,424.0,0.3032904148783977,0.0,0.0
1398,-2.1624327856142673,424.0,0.3030736240171551,0.0,0.0
1399,2.058848336160147,424.0,0.3028571428571429,0.0,0.0
1400,3.892632217236714,424.0,0.30264097073518914,0.0,0.0
1401,-2.4172592808393913,424.0,0.3024251069900143,0.0,0.0
1402,-0.5268037178602245,424.0,0.3022095509622238,0.0,0.0
1403,3.5702651007652393,424.0,0.301994301994302,0.0,0.0
1404,-1.90113923151314,424.0,0.30177935943060497,0.0,0.0
1405,-1.1743344966498463,424.0,0.3015647226173542,0.0,0.0
1406,2.3302813599939167,424.0,0.3013503909026297,0.0,0.0
1407,-1.412477333944584,424.0,0.30113636363636365,0.0,0.0
1408,1.6792850082789423,424.0,0.30092264017033354,0.0,0.0
1409,0.8190655015644444,424.0,0.300709219858156,0.0,0.0
1410,-0.7723231247925728,424.0,0.30049610205527993,0.0,0.0
1411,1.316502247890086,424.0,0.3002832861189802,0.0,0.0
1412,-1.7789299347837493,424.0,0.30007077140835103,0.0,0.0
1413,0.2085656547964052,424.0,0.29985855728429983,0.0,0.0
1414,1.3066568761720323,424.0,0.29964664310954064,0.0,0.0
1415,-2.3203761124313824,424.0,0.2994350282485876,0.0,0.0
1416,0.072508576096561,424.0,0.2992237120677488,0.0,0.0
1417,0.5335861015552184,424.0,0.29901269393511987,0.0,0.0
1418,-0.7004056292317546,424.0,0.2988019732205779,0.0,0.0
1419,-0.7793199575217818,424.0,0.29859154929577464,0.0,0.0
1420,-1.1675949408714246,424.0,0.2983814215341309,0.0,0.0
1421,-0.6986094406189287,424.0,0.2981715893108298,0.0,0.0
1422,-1.4219624394459438,424.0,0.29796205200281095,0.0,0.0
1423,0.6901959783309042,424.0,0.29775280898876405,0.0,0.0
1424,-0.8383546147195262,424.0,0.29754385964912283,0.0,0.0
1425,0.0486248824232613,424.0,0.2973352033660589,0.0,0.0
1426,0.4905934272325002,424.0,0.29712683952347585,0.0,0.0
1427,-2.199094971544986,424.0,0.2969187675070028,0.0,0.0
1428,2.384433444687433,424.0,0.2967109867039888,0.0,0.0
1429,-0.2035755809160594,424.0,0.2965034965034965,0.0,0.0
1430,-2.432889531680419,424.0,0.2962962962962963,0.0,0.0
1431,3.428073433248402,424.0,0.29608938547486036,0.0,0.0
1432,1.0969416379649646,424.0,0.2958827634333566,0.0,0.0
1433,-1.5404405381799542,424.0,0.29567642956764295,0.0,0.0
1434,3.607791985900962,424.0,0.2954703832752613,0.0,0.0
1435,3.0027501608334046,424.0,0.29526462395543174,0.0,0.0
1436,0.3903794996602914,424.0,0.2950591510090466,0.0,0.0
1437,4.2709521239318295,424.0,0.2948539638386648,0.0,0.0
1438,2.981921463500569,424.0,0.2946490618485059,0.0,0.0
1439,-1.7475553561631736,424.0,0.29444444444444445,0.0,0.0
1440,4.274842608436877,424.0,0.29424011103400416,0.0,0.0
1441,2.2857355396869683,424.0,0.29403606102635227,0.0,0.0
1442,0.3654308424247596,424.0,0.2938322938322938,0.0,0.0
1443,3.7924170318432098,424.0,0.29362880886426596,0.0,0.0
1444,1.9218596372250123,424.0,0.2934256055363322,0.0,0.0
1445,0.1326686832476495,424.0,0.29322268326417705,0.0,0.0
1446,4.088631190035246,424.0,0.2930200414651002,0.0,0.0
1447,1.5002540380905425,424.0,0.292817679558011,0.0,0.0
1448,0.9165914085256002,424.0,0.29261559696342304,0.0,0.0
1449,5.165105383635352,424.0,0.2924137931034483,0.0,0.0
1450,1.6455198521753762,424.0,0.29221226740179185,0.0,0.0
1451,1.7528978136555446,424.0,0.29201101928374656,0.0,0.0
1452,5.463425213339542,424.0,0.2918100481761872,0.0,0.0
1453,2.351347881683868,424.0,0.29160935350756534,0.0,0.0
1454,0.2129038101928717,424.0,0.2914089347079038,0.0,0.0
1455,4.2634434459433725,424.0,0.29120879120879123,0.0,0.0
1456,2.643556122498313,424.0,0.2910089224433768,0.0,0.0
1457,0.8059650988621403,424.0,0.2908093278463649,0.0,0.0
1458,4.087368232639328,424.0,0.2906100068540096,0.0,0.0
1459,0.0554532205101327,424.0,0.29041095890410956,0.0,0.0
1460,-0.1511869846803026,424.0,0.29021218343600275,0.0,0.0
1461,1.747343948236096,424.0,0.29001367989056087,0.0,0.0
1462,1.814451065828225,424.0,0.2898154477101845,0.0,0.0
1463,-1.624394919013376,424.0,0.2896174863387978,0.0,0.0
1464,1.7404900504390144,424.0,0.289419795221843,0.0,0.0
1465,2.495769017003931,424.0,0.2892223738062756,0.0,0.0
1466,-2.276688089368094,424.0,0.289025221540559,0.0,0.0
1467,0.3094975498445544,424.0,0.2888283378746594,0.0,0.0
1468,2.098271568725251,424.0,0.28863172226004086,0.0,0.0
1469,-4.209673971419882,424.0,0.28843537414965986,0.0,0.0
1470,0.1588897318063006,424.0,0.2882392929979606,0.0,0.0
1471,1.1950004894009156,424.0,0.28804347826086957,0.0,0.0
1472,-3.3776721035646022,424.0,0.2878479293957909,0.0,0.0
1473,-1.898619200168754,424.0,0.2876526458616011,0.0,0.0
1474,1.6737823243909702,424.0,0.2874576271186441,0.0,0.0
1475,-2.049230392310088,424.0,0.2872628726287263,0.0,0.0
1476,-2.5781495337002114,424.0,0.2870683818551117,0.0,0.0
1477,1.839849420810424,424.0,0.2868741542625169,0.0,0.0
1478,-1.9008517687927755,424.0,0.28668018931710615,0.0,0.0
1479,-0.7275014433067466,424.0,0.2864864864864865,0.0,0.0
1480,2.3951787618233773,424.0,0.2862930452397029,0.0,0.0
1481,-1.7654664327825431,424.0,0.28609986504723345,0.0,0.0
1482,-2.3645525015518785,424.0,0.2859069453809845,0.0,0.0
1483,0.7721755423279175,424.0,0.2857142857142857,0.0,0.0
1484,-2.0697870844592963,424.0,0.2855218855218855,0.0,0.0
1485,-2.9770244404719044,424.0,0.2853297442799462,0.0,0.0
1486,-0.0171855227767711,424.0,0.285137861466039,0.0,0.0
1487,-0.7516086486207936,424.0,0.2849462365591398,0.0,0.0
1488,-2.496322569386038,424.0,0.2847548690396239,0.0,0.0
1489,0.9733487977847456,424.0,0.28456375838926173,0.0,0.0
1490,-0.6686209673272385,424.0,0.28437290409121396,0.0,0.0
1491,-2.3666454651368105,424.0,0.28418230563002683,0.0,0.0
1492,0.1640706435928519,424.0,0.2839919624916276,0.0,0.0
1493,-1.8126921774138107,424.0,0.2838018741633199,0.0,0.0
1494,-1.9937722164880705,424.0,0.2836120401337793,0.0,0.0
1495,1.5203319659673509,424.0,0.28342245989304815,0.0,0.0
1496,-1.69815472202724,424.0,0.2832331329325317,0.0,0.0
1497,-1.0449367867252983,424.0,0.28304405874499333,0.0,0.0
1498,0.3562569867793815,424.0,0.2828552368245497,0.0,0.0
1499,-1.858996208024644,424.0,0.2826666666666667,0.0,0.0
