,windows_run_0,windows_run_1,windows_run_3,windows_run_2,windows_run_4,window_mean
0,1,1,1,1,1,1.0
1,2,2,2,2,2,2.0
2,3,3,3,3,3,3.0
3,4,4,4,4,4,4.0
4,5,5,5,5,5,5.0
5,6,6,6,6,6,6.0
6,7,7,7,7,7,7.0
7,8,8,8,8,8,8.0
8,9,9,9,9,9,9.0
9,10,10,10,10,10,10.0
10,11,11,11,11,11,11.0
11,12,12,12,12,12,12.0
12,13,13,13,13,13,13.0
13,14,14,14,14,14,14.0
14,15,15,15,15,15,15.0
15,16,16,16,16,16,16.0
16,17,17,17,17,17,17.0
17,18,18,18,18,18,18.0
18,19,19,19,19,19,19.0
19,20,20,20,20,20,20.0
20,21,21,21,21,21,21.0
21,22,22,22,22,22,22.0
22,23,23,23,23,23,23.0
23,24,24,24,24,24,24.0
24,25,25,25,25,25,25.0
25,26,26,26,26,26,26.0
26,27,27,27,27,27,27.0
27,28,28,28,28,28,28.0
28,29,29,29,29,29,29.0
29,30,30,30,30,30,30.0
30,31,31,31,31,31,31.0
31,32,32,32,32,32,32.0
32,33,33,33,33,33,33.0
33,34,34,34,34,34,34.0
34,35,35,35,35,35,35.0
35,36,36,36,36,36,36.0
36,37,37,37,37,37,37.0
37,38,38,38,38,38,38.0
38,39,39,39,39,39,39.0
39,40,40,40,40,40,40.0
40,41,41,41,41,41,41.0
41,42,42,42,42,42,42.0
42,43,43,43,43,43,43.0
43,44,44,44,44,44,44.0
44,45,45,45,45,45,45.0
45,46,46,46,46,46,46.0
46,47,47,47,47,47,47.0
47,48,48,48,48,48,48.0
48,49,49,49,49,49,49.0
49,50,50,50,50,50,50.0
50,51,51,51,51,51,51.0
51,52,52,52,52,52,52.0
52,53,53,53,53,53,53.0
53,54,54,54,54,54,54.0
54,55,55,55,55,55,55.0
55,56,56,56,56,56,56.0
56,57,57,57,57,57,57.0
57,58,58,58,58,58,58.0
58,59,59,59,59,59,59.0
59,60,60,60,60,60,60.0
60,61,61,61,61,61,61.0
61,62,62,62,62,62,62.0
62,63,63,63,63,63,63.0
63,64,64,64,64,64,64.0
64,65,65,65,65,65,65.0
65,66,66,66,66,66,66.0
66,67,67,67,67,67,67.0
67,68,68,68,68,68,68.0
68,69,69,69,69,69,69.0
69,70,70,70,70,70,70.0
70,71,71,71,71,71,71.0
71,72,72,72,72,72,72.0
72,73,73,73,73,73,73.0
73,74,74,74,74,74,74.0
74,75,75,75,75,75,75.0
75,76,76,76,76,76,76.0
76,77,77,77,77,77,77.0
77,78,78,78,78,78,78.0
78,79,79,79,79,79,79.0
79,80,80,80,80,80,80.0
80,81,81,81,81,81,81.0
81,82,82,82,82,82,82.0
82,83,83,83,83,83,83.0
83,84,84,84,84,84,84.0
84,85,85,85,85,85,85.0
85,86,86,86,86,86,86.0
86,87,87,87,87,87,87.0
87,88,88,88,88,88,88.0
88,89,89,89,89,89,89.0
89,90,90,90,90,90,90.0
90,91,91,91,91,91,91.0
91,92,92,92,92,92,92.0
92,93,93,93,93,93,93.0
93,94,94,94,94,94,94.0
94,95,95,95,95,95,95.0
95,96,96,96,96,96,96.0
96,97,97,97,97,97,97.0
97,98,98,98,98,98,98.0
98,99,99,99,99,99,99.0
99,100,100,100,100,100,100.0
100,101,101,101,101,101,101.0
101,102,102,102,102,102,102.0
102,103,103,103,103,103,103.0
103,104,104,104,104,104,104.0
104,105,105,105,105,105,105.0
105,106,106,106,106,106,106.0
106,107,107,107,107,107,107.0
107,108,108,108,108,108,108.0
108,109,109,109,109,109,109.0
109,110,110,110,110,110,110.0
110,111,111,111,111,111,111.0
111,112,112,112,112,112,112.0
112,113,113,113,113,113,113.0
113,114,114,114,114,114,114.0
114,115,115,115,115,115,115.0
115,116,116,116,116,116,116.0
116,117,117,117,117,117,117.0
117,118,118,118,118,118,118.0
118,119,119,119,119,119,119.0
119,120,120,120,120,120,120.0
120,121,121,121,121,121,121.0
121,122,122,122,122,122,122.0
122,123,123,123,123,123,123.0
123,124,124,124,124,124,124.0
124,125,125,125,125,125,125.0
125,126,126,126,126,126,126.0
126,127,127,127,127,127,127.0
127,128,128,128,128,128,128.0
128,129,129,129,129,129,129.0
129,130,130,130,130,130,130.0
130,131,131,131,131,131,131.0
131,132,132,132,132,132,132.0
132,133,133,133,133,133,133.0
133,134,134,134,134,134,134.0
134,135,135,135,135,135,135.0
135,136,136,136,136,136,136.0
136,137,137,137,137,137,137.0
137,138,138,138,138,138,138.0
138,139,139,139,139,139,139.0
139,140,140,140,140,140,140.0
140,141,141,141,141,141,141.0
141,142,142,142,142,142,142.0
142,143,143,143,143,143,143.0
143,144,144,144,144,144,144.0
144,144,144,145,145,144,144.4
145,146,146,146,144,146,145.6
146,147,147,147,147,147,147.0
147,148,148,148,148,148,148.0
148,149,149,149,149,149,149.0
149,150,150,144,144,150,147.6
150,151,144,144,151,151,148.2
151,152,152,144,152,144,148.8
152,153,153,153,153,153,153.0
153,154,154,154,154,144,152.0
154,155,155,155,155,155,155.0
155,156,156,156,156,156,156.0
156,157,157,157,144,157,154.4
157,158,158,158,158,158,158.0
158,159,159,159,159,159,159.0
159,160,160,160,160,160,160.0
160,161,161,161,161,161,161.0
161,162,162,162,144,162,158.4
162,163,144,144,163,163,155.4
163,164,144,164,164,164,160.0
164,165,144,165,165,165,160.8
165,166,166,166,166,166,166.0
166,144,167,167,167,167,162.4
167,168,168,168,168,168,168.0
168,169,144,169,169,144,159.0
169,144,170,144,170,144,154.4
170,171,171,171,144,171,165.6
171,172,172,172,172,144,166.4
172,173,173,144,173,173,167.2
173,144,174,174,174,174,168.0
174,175,175,175,175,144,168.8
175,176,176,176,176,144,169.6
176,177,177,177,177,177,177.0
177,178,178,178,178,144,171.2
178,144,179,144,179,144,158.0
179,180,144,180,144,144,158.4
180,181,181,181,144,181,173.6
181,144,182,144,182,182,166.8
182,183,144,183,183,144,167.4
183,184,184,144,184,184,176.0
184,185,185,185,185,144,176.8
185,186,186,186,186,186,186.0
186,187,187,187,187,187,187.0
187,188,188,188,188,188,188.0
188,189,189,189,189,189,189.0
189,190,190,144,144,144,162.4
190,191,191,191,191,191,191.0
191,192,192,192,144,144,172.8
192,193,144,193,193,193,183.2
193,194,144,144,194,194,174.0
194,195,195,195,195,195,195.0
195,196,196,144,196,196,185.6
196,197,197,197,197,197,197.0
197,198,198,198,198,198,198.0
198,199,199,199,199,199,199.0
199,200,200,200,200,200,200.0
200,201,144,201,201,201,189.6
201,202,202,202,202,202,202.0
202,203,203,203,203,144,191.2
203,204,204,204,204,204,204.0
204,205,205,205,205,205,205.0
205,206,206,206,206,206,206.0
206,207,207,207,207,207,207.0
207,208,208,208,208,208,208.0
208,209,209,209,209,209,209.0
209,210,210,210,210,210,210.0
210,211,211,211,211,211,211.0
211,212,212,212,212,212,212.0
212,144,213,213,213,213,199.2
213,214,214,214,214,214,214.0
214,215,215,215,215,215,215.0
215,216,216,216,216,216,216.0
216,217,217,217,217,217,217.0
217,218,218,218,218,218,218.0
218,219,219,219,219,219,219.0
219,220,220,220,220,220,220.0
220,221,221,221,221,221,221.0
221,222,222,222,222,222,222.0
222,223,223,223,223,223,223.0
223,224,224,224,224,216,222.4
224,225,225,225,225,225,225.0
225,226,226,226,226,226,226.0
226,227,227,227,227,227,227.0
227,228,228,228,228,228,228.0
228,229,229,229,229,229,229.0
229,230,230,230,230,230,230.0
230,231,231,231,231,231,231.0
231,232,232,232,232,232,232.0
232,233,233,233,233,233,233.0
233,234,144,234,234,234,216.0
234,235,235,235,235,235,235.0
235,236,236,236,236,236,236.0
236,237,237,216,237,237,232.8
237,238,238,238,238,238,238.0
238,239,239,239,239,239,239.0
239,240,240,240,240,240,240.0
240,241,241,241,241,241,241.0
241,242,242,242,242,242,242.0
242,243,243,243,243,243,243.0
243,244,244,244,244,244,244.0
244,245,245,245,245,245,245.0
245,246,246,246,246,246,246.0
246,247,247,247,247,247,247.0
247,248,248,248,248,248,248.0
248,249,249,249,249,249,249.0
249,250,250,250,250,250,250.0
250,251,251,251,251,251,251.0
251,252,252,252,144,252,230.4
252,253,253,253,253,253,253.0
253,254,254,254,254,254,254.0
254,255,255,255,255,255,255.0
255,256,256,256,256,256,256.0
256,257,257,257,257,257,257.0
257,258,258,258,258,258,258.0
258,259,259,259,259,259,259.0
259,260,260,260,260,260,260.0
260,261,261,261,261,261,261.0
261,262,262,262,262,262,262.0
262,263,263,263,263,263,263.0
263,264,264,264,264,264,264.0
264,265,265,265,265,265,265.0
265,266,266,266,266,266,266.0
266,267,267,267,267,267,267.0
267,268,268,268,268,268,268.0
268,269,269,269,269,269,269.0
269,270,270,270,270,270,270.0
270,271,271,271,271,271,271.0
271,272,272,272,272,272,272.0
272,273,273,273,273,273,273.0
273,274,274,274,274,274,274.0
274,275,275,275,275,275,275.0
275,276,276,276,276,276,276.0
276,277,277,277,277,277,277.0
277,278,278,278,278,278,278.0
278,279,279,279,279,279,279.0
279,280,280,280,280,280,280.0
280,281,281,281,281,281,281.0
281,282,282,282,282,282,282.0
282,283,283,283,283,283,283.0
283,284,284,284,284,284,284.0
284,285,285,144,285,285,256.8
285,286,286,286,286,286,286.0
286,287,287,287,287,287,287.0
287,288,288,288,288,288,288.0
288,289,289,289,289,289,289.0
289,290,144,290,290,290,260.8
290,291,291,291,291,291,291.0
291,292,292,292,292,292,292.0
292,293,293,288,293,293,292.0
293,294,294,144,294,294,264.0
294,288,295,144,295,295,263.4
295,296,296,296,296,296,296.0
296,297,297,297,297,297,297.0
297,298,298,298,288,298,296.0
298,299,299,299,299,299,299.0
299,300,300,300,300,300,300.0
300,301,301,301,301,301,301.0
301,302,302,288,302,302,299.2
302,303,303,303,216,144,253.8
303,304,304,304,304,304,304.0
304,305,305,305,305,305,305.0
305,306,306,306,144,144,241.2
306,307,288,307,144,307,270.6
307,308,308,308,308,308,308.0
308,309,309,309,144,309,276.0
309,144,310,310,310,310,276.8
310,311,311,144,311,311,277.6
311,312,312,312,312,312,312.0
312,313,144,144,313,313,245.4
313,314,314,314,314,314,314.0
314,315,315,315,315,144,280.8
315,316,316,144,316,316,281.6
316,317,317,317,317,144,282.4
317,144,318,318,144,318,248.4
318,319,319,319,319,319,319.0
319,320,320,320,320,144,284.8
320,321,321,321,321,321,321.0
321,322,322,322,322,322,322.0
322,323,323,323,323,323,323.0
323,144,324,324,324,324,288.0
324,325,325,325,325,325,325.0
325,326,326,326,326,326,326.0
326,327,327,144,144,327,253.8
327,328,328,328,328,328,328.0
328,144,144,144,329,329,218.0
329,330,330,330,288,330,321.6
330,331,331,331,331,331,331.0
331,332,332,332,332,332,332.0
332,333,333,333,333,333,333.0
333,334,334,334,334,144,296.0
334,335,144,144,335,335,258.6
335,336,144,144,336,336,259.2
336,288,144,337,337,337,288.6
337,338,144,338,144,338,260.4
338,339,339,339,339,144,300.0
339,340,144,340,340,340,300.8
340,341,341,341,341,341,341.0
341,342,342,342,342,342,342.0
342,343,343,343,343,144,303.2
343,344,344,344,344,344,344.0
344,345,345,345,345,345,345.0
345,346,346,346,346,346,346.0
346,347,144,144,347,347,265.8
347,348,348,144,348,348,307.2
348,349,144,349,349,349,308.0
349,350,350,350,350,350,350.0
350,351,351,351,144,351,309.6
351,352,352,352,352,352,352.0
352,353,144,353,353,353,311.2
353,354,354,354,354,354,354.0
354,355,355,355,355,355,355.0
355,356,356,356,356,356,356.0
356,357,357,357,357,357,357.0
357,358,358,358,358,358,358.0
358,359,359,359,359,359,359.0
359,360,360,360,360,360,360.0
360,361,361,361,361,361,361.0
361,362,362,362,362,362,362.0
362,363,144,363,363,363,319.2
363,364,364,364,364,360,363.2
364,365,365,365,365,144,320.8
365,366,366,366,366,366,366.0
366,367,367,367,367,367,367.0
367,368,368,368,368,368,368.0
368,369,369,369,369,369,369.0
369,360,370,370,370,370,368.0
370,371,371,144,371,371,325.6
371,372,372,372,372,372,372.0
372,373,373,373,373,373,373.0
373,374,374,374,374,374,374.0
374,375,375,375,375,375,375.0
375,376,376,376,376,376,376.0
376,377,377,377,377,377,377.0
377,378,378,378,378,378,378.0
378,379,379,379,360,379,375.2
379,380,380,380,380,144,332.8
380,360,381,381,381,381,376.8
381,382,382,382,382,382,382.0
382,383,383,383,383,383,383.0
383,384,384,384,384,384,384.0
384,360,385,385,385,385,380.0
385,386,386,386,386,386,386.0
386,387,387,387,387,360,381.6
387,388,388,388,388,388,388.0
388,389,389,389,389,389,389.0
389,390,390,390,390,390,390.0
390,391,391,391,391,391,391.0
391,392,392,392,392,392,392.0
392,393,393,393,393,393,393.0
393,394,394,394,394,394,394.0
394,360,395,395,395,395,388.0
395,396,396,396,396,396,396.0
396,397,397,397,397,397,397.0
397,144,398,398,398,398,347.2
398,399,399,399,399,399,399.0
399,400,400,400,400,400,400.0
400,401,401,401,360,401,392.8
401,144,402,402,402,402,350.4
402,144,144,403,403,403,299.4
403,404,360,404,404,404,395.2
404,405,405,405,405,405,405.0
405,406,406,406,406,406,406.0
406,360,360,407,407,407,388.2
407,408,408,408,408,408,408.0
408,409,409,409,409,409,409.0
409,410,410,410,410,410,410.0
410,411,411,411,411,411,411.0
411,412,412,412,412,412,412.0
412,413,413,144,413,413,359.2
413,414,414,414,414,414,414.0
414,415,415,415,415,415,415.0
415,416,416,416,416,416,416.0
416,417,417,417,417,417,417.0
417,418,418,418,418,418,418.0
418,419,419,419,144,419,364.0
419,420,420,144,420,420,364.8
420,144,421,421,421,421,365.6
421,144,422,422,422,422,366.4
422,423,144,423,423,423,367.2
423,424,424,424,144,424,368.0
424,425,425,425,425,425,425.0
425,426,426,426,426,426,426.0
426,427,427,427,427,427,427.0
427,428,428,428,428,428,428.0
428,429,429,429,429,429,429.0
429,430,430,430,430,430,430.0
430,431,431,431,431,144,373.6
431,432,432,432,432,432,432.0
432,433,433,433,433,433,433.0
433,434,434,434,434,434,434.0
434,435,435,435,435,435,435.0
435,436,144,436,436,436,377.6
436,432,437,437,437,437,436.0
437,438,438,438,438,432,436.8
438,439,432,144,439,439,378.6
439,440,440,440,440,440,440.0
440,441,441,432,441,441,439.2
441,442,442,442,442,442,442.0
442,443,443,443,443,443,443.0
443,444,444,444,432,444,441.6
444,445,144,445,445,445,384.8
445,432,446,446,446,446,443.2
446,447,447,447,447,447,447.0
447,448,448,448,448,448,448.0
448,449,449,449,449,449,449.0
449,432,450,450,450,144,385.2
450,451,451,451,451,451,451.0
451,452,452,452,452,452,452.0
452,453,453,453,453,453,453.0
453,454,454,454,454,454,454.0
454,455,455,455,432,455,450.4
455,456,456,456,432,456,451.2
456,432,457,457,457,457,452.0
457,458,458,458,458,458,458.0
458,459,459,459,459,459,459.0
459,460,460,460,460,460,460.0
460,461,461,461,461,461,461.0
461,462,462,462,462,462,462.0
462,463,144,463,463,463,399.2
463,144,464,464,464,464,400.0
464,465,465,465,465,465,465.0
465,466,466,466,466,466,466.0
466,467,467,432,467,467,460.0
467,432,468,468,468,468,460.8
468,469,469,144,469,469,404.0
469,470,144,470,470,470,404.8
470,471,471,471,471,471,471.0
471,472,472,472,472,472,472.0
472,473,473,473,473,473,473.0
473,474,144,474,474,474,408.0
474,475,475,475,475,475,475.0
475,476,476,476,476,476,476.0
476,477,477,144,216,477,358.2
477,478,478,478,478,478,478.0
478,144,479,479,479,479,412.0
479,480,480,480,480,480,480.0
480,481,481,481,481,481,481.0
481,482,482,482,482,482,482.0
482,483,483,483,483,216,429.6
483,484,484,144,484,484,416.0
484,485,485,485,485,485,485.0
485,486,486,486,486,486,486.0
486,487,487,487,487,487,487.0
487,488,488,488,488,488,488.0
488,489,489,489,489,489,489.0
489,490,490,490,490,490,490.0
490,491,491,491,491,491,491.0
491,492,492,492,492,492,492.0
492,144,493,493,493,493,423.2
493,494,494,494,494,494,494.0
494,495,495,495,495,495,495.0
495,496,496,496,496,496,496.0
496,497,497,497,497,497,497.0
497,498,498,498,498,498,498.0
498,499,499,499,499,499,499.0
499,500,500,500,500,500,500.0
500,501,501,501,501,501,501.0
501,502,502,144,502,502,430.4
502,503,503,503,503,503,503.0
503,504,504,504,504,504,504.0
504,505,505,505,505,505,505.0
505,504,506,506,504,506,505.2
506,507,507,507,507,507,507.0
507,508,508,508,508,144,435.2
508,509,509,504,509,509,508.0
509,510,510,510,510,504,508.8
510,511,511,511,511,511,511.0
511,144,512,512,512,512,438.4
512,513,504,513,513,513,511.2
513,514,514,514,514,514,514.0
514,515,515,515,504,515,512.8
515,516,144,516,516,516,441.6
516,517,517,517,517,517,517.0
517,518,518,518,518,518,518.0
518,519,519,519,519,519,519.0
519,520,520,520,520,520,520.0
520,521,521,521,521,521,521.0
521,522,522,522,522,522,522.0
522,523,523,523,523,523,523.0
523,524,524,144,524,524,448.0
524,525,525,525,525,525,525.0
525,526,504,526,526,526,521.6
526,527,527,527,527,527,527.0
527,528,528,528,528,528,528.0
528,529,529,529,529,529,529.0
529,530,530,530,530,504,524.8
530,531,531,504,531,531,525.6
531,532,532,532,532,532,532.0
532,533,533,533,533,360,498.4
533,144,534,534,534,534,456.0
534,535,535,535,535,504,528.8
535,536,536,536,144,144,379.2
536,537,537,537,537,537,537.0
537,538,538,538,538,538,538.0
538,216,539,539,539,539,474.4
539,540,540,144,540,540,460.8
540,144,541,541,541,144,382.2
541,542,432,542,542,542,520.0
542,543,543,543,543,543,543.0
543,544,144,544,544,544,464.0
544,545,545,545,545,545,545.0
545,144,546,144,546,546,385.2
546,144,547,547,547,547,466.4
547,548,548,548,548,548,548.0
548,549,549,549,549,549,549.0
549,550,550,550,550,144,468.8
550,551,551,551,551,288,498.4
551,552,552,552,552,552,552.0
552,553,553,553,553,553,553.0
553,554,554,554,554,554,554.0
554,555,555,555,555,555,555.0
555,556,556,556,144,556,473.6
556,557,557,557,557,557,557.0
557,558,558,558,558,558,558.0
558,559,559,559,559,144,476.0
559,560,560,560,560,560,560.0
560,561,144,144,144,144,227.4
561,562,562,562,562,144,478.4
562,563,563,563,563,144,479.2
563,144,564,564,564,564,480.0
564,565,144,565,565,144,396.6
565,566,144,566,566,566,481.6
566,567,144,567,567,567,482.4
567,568,144,568,568,568,483.2
568,569,569,144,144,144,314.0
569,570,570,144,144,570,399.6
570,571,571,571,571,144,485.6
571,144,572,144,572,144,315.2
572,144,144,573,573,144,315.6
573,574,574,144,574,144,402.0
574,216,144,575,575,144,330.8
575,576,576,576,144,576,489.6
576,577,144,144,577,577,403.8
577,144,578,578,578,578,491.2
578,579,576,579,216,579,505.8
579,144,576,144,580,144,317.6
580,581,144,581,581,144,406.2
581,582,582,582,144,144,406.8
582,144,144,144,144,583,231.8
583,144,584,144,584,584,408.0
584,585,585,144,585,585,496.8
585,586,144,144,586,586,409.2
586,587,587,587,576,587,584.8
587,144,144,144,144,588,232.8
588,589,589,589,589,576,586.4
589,144,504,590,590,144,394.4
590,591,591,591,144,591,501.6
591,592,592,592,592,592,592.0
592,144,593,593,144,593,413.4
593,594,594,594,144,594,504.0
594,595,595,144,595,595,504.8
595,596,144,596,596,596,505.6
596,597,597,597,597,597,597.0
597,598,598,598,598,598,598.0
598,144,599,599,599,576,503.4
599,576,600,600,600,600,595.2
600,601,601,601,601,601,601.0
601,602,602,144,602,602,510.4
602,603,603,603,603,603,603.0
603,604,604,604,604,144,512.0
604,605,605,605,605,144,512.8
605,606,606,606,606,606,606.0
606,607,607,607,504,607,586.4
607,608,608,608,608,144,515.2
608,609,216,609,609,609,530.4
609,610,610,610,610,610,610.0
610,360,611,611,611,611,560.8
611,612,612,612,612,612,612.0
612,613,613,613,613,613,613.0
613,614,614,614,614,614,614.0
614,615,615,615,615,615,615.0
615,616,616,616,616,144,521.6
616,617,617,144,617,617,522.4
617,618,618,618,618,618,618.0
618,619,619,619,619,619,619.0
619,620,144,620,620,620,524.8
620,621,621,621,621,621,621.0
621,360,622,622,216,622,488.4
622,288,623,623,623,623,556.0
623,144,576,624,624,624,518.4
624,625,625,625,625,625,625.0
625,626,144,144,626,626,433.2
626,627,627,627,627,360,573.6
627,628,628,628,628,628,628.0
628,629,629,629,629,629,629.0
629,630,630,630,630,630,630.0
630,631,631,631,631,631,631.0
631,632,632,144,632,632,534.4
632,633,360,633,633,633,578.4
633,634,634,144,634,144,438.0
634,635,635,635,635,635,635.0
635,636,636,636,636,636,636.0
636,637,360,637,637,637,581.6
637,638,638,638,638,638,638.0
638,639,639,639,639,639,639.0
639,640,288,640,640,640,569.6
640,641,641,641,641,576,628.0
641,642,642,642,144,642,542.4
642,144,643,643,643,643,543.2
643,644,216,644,644,644,558.4
644,645,645,645,645,645,645.0
645,646,646,144,646,360,488.4
646,216,647,647,647,647,560.8
647,648,648,648,648,360,590.4
648,648,144,144,649,649,446.8
649,650,650,648,648,650,649.2
650,651,648,648,648,648,648.6
651,144,652,652,648,648,548.8
652,653,648,648,653,653,651.0
653,654,654,654,654,648,652.8
654,144,655,648,144,655,449.2
655,144,656,648,656,656,552.0
656,657,144,144,144,657,349.2
657,144,658,648,144,658,450.4
658,659,144,659,659,659,556.0
659,144,660,660,648,660,554.4
660,661,661,648,144,661,555.0
661,144,144,648,662,662,452.0
662,663,663,663,663,663,663.0
663,144,664,664,664,664,560.0
664,665,665,144,144,665,456.6
665,666,666,666,666,666,666.0
666,667,667,667,667,576,648.8
667,668,144,668,668,144,458.4
668,669,669,144,648,669,559.8
669,670,670,360,670,670,608.0
670,671,671,144,144,671,460.2
671,672,672,672,144,144,460.8
672,673,673,144,673,673,567.2
673,674,360,674,674,144,505.2
674,675,675,675,675,648,669.6
675,144,676,676,676,676,569.6
676,144,677,677,677,677,570.4
677,678,678,144,678,678,571.2
678,679,679,679,679,679,679.0
679,680,680,680,680,680,680.0
680,681,681,681,144,144,466.2
681,682,682,144,360,682,510.0
682,288,683,144,683,683,496.2
683,684,684,684,684,144,576.0
684,685,648,685,144,685,569.4
685,686,686,144,686,144,469.2
686,687,687,144,687,687,578.4
687,688,688,688,688,648,680.0
688,689,689,689,689,689,689.0
689,216,144,690,144,690,376.8
690,691,144,691,691,691,581.6
691,144,692,692,692,692,582.4
692,693,693,693,693,693,693.0
693,694,694,694,694,694,694.0
694,695,216,695,695,695,599.2
695,696,696,648,696,696,686.4
696,697,144,432,697,697,533.4
697,144,698,698,144,698,476.4
698,648,699,699,144,432,524.4
699,700,700,700,700,700,700.0
700,144,701,701,701,144,478.2
701,702,648,648,702,702,680.4
702,703,703,703,703,360,634.4
703,704,704,704,704,144,592.0
704,705,705,705,705,705,705.0
705,144,432,706,706,144,426.4
706,707,707,707,707,707,707.0
707,708,708,708,708,708,708.0
708,709,709,709,709,709,709.0
709,710,710,710,144,710,596.8
710,144,711,648,432,711,529.2
711,712,712,712,712,712,712.0
712,713,713,713,713,713,713.0
713,714,714,714,714,714,714.0
714,715,715,715,715,715,715.0
715,716,716,716,716,648,702.4
716,717,648,717,717,717,703.2
717,718,718,718,718,718,718.0
718,719,432,719,719,719,661.6
719,720,720,720,720,720,720.0
720,721,648,720,721,721,706.2
721,722,648,722,722,722,707.2
722,360,720,720,723,720,648.6
723,724,724,720,648,724,708.0
724,725,720,725,720,720,722.0
725,726,720,726,726,720,723.6
726,727,720,720,727,720,722.8
727,720,728,728,728,720,724.8
728,720,729,648,288,729,622.8
729,730,730,730,730,730,730.0
730,731,731,731,731,720,728.8
731,732,732,732,732,732,732.0
732,733,733,733,733,733,733.0
733,734,720,734,734,734,731.2
734,735,735,735,735,735,735.0
735,736,736,736,736,648,718.4
736,737,737,720,737,737,733.6
737,576,216,720,648,738,579.6
738,739,504,739,739,739,692.0
739,720,740,740,740,740,736.0
740,741,741,741,741,741,741.0
741,648,742,742,742,742,723.2
742,743,743,743,743,743,743.0
743,744,744,744,744,744,744.0
744,745,745,745,745,745,745.0
745,746,746,746,746,746,746.0
746,747,747,747,747,747,747.0
747,720,720,748,748,748,736.8
748,749,749,749,749,432,685.6
749,750,750,750,144,750,628.8
750,144,751,751,751,751,629.6
751,752,504,752,752,752,702.4
752,753,753,753,753,648,732.0
753,754,754,504,754,754,704.0
754,755,755,755,755,755,755.0
755,756,756,756,144,756,633.6
756,757,757,757,757,757,757.0
757,432,758,758,758,758,692.8
758,720,759,759,759,759,751.2
759,720,760,760,144,760,628.8
760,761,144,761,144,761,514.2
761,648,504,762,144,762,564.0
762,763,648,144,763,763,616.2
763,764,764,764,764,432,697.6
764,504,765,504,765,765,660.6
765,766,766,720,648,766,733.2
766,144,144,767,767,767,517.8
767,768,768,768,768,768,768.0
768,769,769,769,144,504,591.0
769,770,770,144,770,648,620.4
770,504,771,144,771,771,592.2
771,772,772,772,144,772,646.4
772,773,648,773,773,720,737.4
773,774,774,360,774,774,691.2
774,775,144,144,648,775,497.2
775,776,776,144,648,776,624.0
776,777,504,777,777,777,722.4
777,778,778,720,778,144,639.6
778,779,779,779,144,779,652.0
779,144,780,780,780,780,652.8
780,144,720,781,720,781,629.2
781,782,504,648,782,782,699.6
782,783,783,783,144,783,655.2
783,784,784,784,784,784,784.0
784,785,785,144,648,144,501.2
785,786,786,786,144,504,601.2
786,144,144,787,787,787,529.8
787,788,788,576,788,576,703.2
788,504,789,789,789,144,603.0
789,648,432,790,790,790,690.0
790,791,144,791,791,791,661.6
791,792,792,792,792,792,792.0
792,144,793,793,793,793,663.2
793,794,794,794,720,144,649.2
794,504,795,720,795,795,721.8
795,796,792,792,796,796,794.4
796,797,504,797,576,797,694.2
797,798,792,720,792,798,780.0
798,799,799,799,648,288,666.6
799,144,800,288,648,144,404.8
800,801,504,801,792,720,723.6
801,802,802,802,360,720,697.2
802,803,648,803,803,803,772.0
803,804,804,792,804,804,801.6
804,720,805,805,805,805,788.0
805,144,806,576,806,806,627.6
806,144,807,807,807,792,671.4
807,720,808,808,808,504,729.6
808,809,809,809,809,809,809.0
809,792,792,810,720,720,766.8
810,811,811,792,811,216,688.2
811,504,812,812,504,812,688.8
812,720,792,813,432,792,709.8
813,720,720,814,814,814,776.4
814,792,815,815,648,792,772.4
815,816,360,816,816,816,724.8
816,817,817,817,817,792,812.0
817,818,818,818,818,818,818.0
818,819,819,819,819,819,819.0
819,820,720,820,820,820,800.0
820,821,821,821,821,821,821.0
821,144,822,792,822,144,544.8
822,823,823,823,720,823,802.4
823,576,824,824,824,824,774.4
824,825,825,825,825,648,789.6
825,144,792,826,792,826,676.0
826,792,792,288,827,792,698.2
827,828,828,828,828,828,828.0
828,829,829,829,720,829,807.2
829,830,830,830,830,830,830.0
830,831,831,432,432,831,671.4
831,832,832,720,720,720,764.8
832,833,833,833,648,792,787.8
833,834,834,834,720,792,802.8
834,835,835,835,720,835,812.0
835,432,648,836,836,836,717.6
836,792,837,837,837,720,804.6
837,838,288,838,838,838,728.0
838,839,839,839,839,432,757.6
839,840,840,840,840,576,787.2
840,841,792,841,841,841,831.2
841,576,432,842,842,842,706.8
842,576,843,843,648,843,750.6
843,844,792,576,844,844,780.0
844,576,845,845,845,648,751.8
845,846,846,576,504,846,723.6
846,576,847,847,792,847,781.8
847,848,720,576,848,576,713.6
848,849,849,849,849,849,849.0
849,850,850,850,850,792,838.4
850,648,720,648,851,851,743.6
851,852,852,432,792,792,744.0
852,853,853,504,792,576,715.6
853,854,854,720,144,854,685.2
854,792,855,855,792,855,829.8
855,856,792,720,856,856,816.0
856,648,857,857,792,648,760.4
857,858,858,648,858,432,730.8
858,859,859,360,859,859,759.2
859,648,860,860,860,860,817.6
860,144,576,861,861,720,632.4
861,862,862,862,862,862,862.0
862,576,863,863,863,863,805.6
863,864,864,864,720,864,835.2
864,504,865,865,576,576,677.2
865,866,866,792,866,866,851.2
866,864,867,867,867,867,866.4
867,648,868,868,864,868,823.2
868,864,864,869,869,144,722.0
869,870,870,864,870,144,723.6
870,864,360,648,871,871,722.8
871,648,864,576,872,144,620.8
872,873,864,432,873,648,738.0
873,648,144,874,432,874,594.4
874,875,875,875,144,864,726.6
875,576,864,144,876,432,578.4
876,864,877,877,877,877,874.4
877,878,864,878,878,878,875.2
878,879,864,879,879,864,873.0
879,144,880,880,880,864,729.6
880,864,720,881,504,881,770.0
881,144,864,882,882,882,730.8
882,883,883,648,883,883,836.0
883,884,884,884,884,864,880.0
884,885,864,576,576,885,757.2
885,576,886,720,886,886,790.8
886,720,887,887,887,792,834.6
887,888,888,888,888,888,888.0
888,144,889,889,889,504,663.0
889,890,890,720,360,890,750.0
890,720,891,648,891,648,759.6
891,892,892,892,892,892,892.0
892,893,792,893,893,893,872.8
893,894,894,894,894,894,894.0
894,895,895,895,895,895,895.0
895,896,896,896,896,896,896.0
896,897,897,897,720,432,768.6
897,898,898,648,720,898,812.4
898,899,648,899,720,899,813.0
899,648,720,900,900,900,813.6
900,901,901,144,901,901,749.6
901,864,902,902,576,902,829.2
902,903,903,903,903,864,895.2
903,904,904,904,904,904,904.0
904,905,905,576,648,905,787.8
905,906,906,906,648,906,854.4
906,907,907,907,792,907,884.0
907,908,864,908,144,908,746.4
908,909,576,648,909,648,738.0
909,910,910,648,648,910,805.2
910,911,720,792,911,792,825.2
911,912,912,912,912,912,912.0
912,864,913,864,864,144,729.8
913,720,648,864,720,576,705.6
914,720,144,576,648,915,600.6
915,916,648,916,648,916,808.8
916,648,917,917,648,917,809.4
917,432,918,918,720,918,781.2
918,919,864,919,919,919,908.0
919,648,648,920,648,920,756.8
920,504,144,144,144,144,216.0
921,144,648,922,922,922,711.6
922,923,720,648,923,923,827.4
923,924,924,792,924,648,842.4
924,925,792,144,864,648,674.6
925,926,926,926,144,926,769.6
926,648,927,144,927,927,714.6
927,928,928,720,928,928,886.4
928,576,929,648,929,648,746.0
929,930,930,930,930,930,930.0
930,576,360,931,648,504,603.8
931,932,932,932,648,648,818.4
932,933,933,933,504,933,847.2
933,934,934,934,934,576,862.4
934,576,576,720,720,935,705.4
935,936,720,648,936,936,835.2
936,937,937,936,936,936,936.4
937,648,938,936,144,938,720.8
938,720,939,648,939,720,793.2
939,940,940,940,504,648,794.4
940,936,936,720,936,941,893.8
941,648,864,942,942,942,867.6
942,648,943,943,576,943,810.6
943,144,944,864,944,936,766.4
944,945,792,144,720,945,709.2
945,946,648,946,946,946,886.4
946,360,144,144,144,947,347.8
947,144,948,144,432,144,362.4
948,936,949,949,144,949,785.4
949,144,144,360,720,648,403.2
950,360,504,864,951,951,726.0
951,952,952,952,952,648,891.2
952,792,953,504,792,144,637.0
953,954,144,144,936,936,622.8
954,955,648,648,216,955,684.4
955,956,956,648,936,956,890.4
956,216,144,720,957,648,537.0
957,958,144,958,958,958,795.2
958,959,864,504,959,144,686.0
959,960,936,960,648,960,892.8
960,961,961,144,144,144,470.8
961,962,962,648,962,144,735.6
962,648,963,963,144,963,736.2
963,144,144,964,964,964,636.0
964,965,144,965,576,720,674.0
965,144,720,144,966,966,588.0
966,648,936,144,967,144,567.8
967,968,144,648,144,968,574.4
968,144,144,969,969,144,474.0
969,970,144,144,576,970,560.8
970,144,144,971,144,648,410.2
971,144,936,144,144,648,403.2
972,973,973,144,648,144,576.4
973,648,144,974,974,144,576.8
974,975,975,648,936,720,850.8
975,976,976,144,976,576,729.6
976,977,648,936,977,720,851.6
977,144,978,720,978,978,759.6
978,720,648,144,648,144,460.8
979,980,144,936,720,980,752.0
980,981,648,648,144,576,599.4
981,982,982,982,144,720,762.0
982,720,936,720,936,936,849.6
983,720,216,720,144,984,556.8
984,985,792,144,144,576,528.2
985,144,720,986,986,986,764.4
986,216,987,144,648,576,514.2
987,988,648,648,144,144,514.4
988,216,720,576,144,648,460.8
989,144,144,990,144,576,399.6
990,991,720,991,648,144,698.8
991,992,720,992,992,720,883.2
992,144,720,720,720,144,489.6
993,994,994,144,432,994,711.6
994,576,995,995,504,995,813.0
995,996,996,996,996,996,996.0
996,997,792,432,997,576,758.8
997,998,998,648,720,576,788.0
998,360,936,999,792,999,817.2
999,1000,720,648,1000,144,702.4
1000,648,144,1001,720,1001,702.8
1001,648,144,648,720,1002,632.4
1002,720,720,648,144,144,475.2
1003,1004,720,1004,1004,1004,947.2
1004,1005,1005,504,288,864,733.2
1005,288,144,144,720,648,388.8
1006,1007,1007,648,1007,1007,935.2
1007,216,936,144,144,1008,489.6
1008,1009,144,1009,720,144,605.2
1009,144,360,648,144,144,288.0
1010,1011,720,144,144,1011,606.0
1011,144,1012,1012,1012,432,722.4
1012,1013,144,432,1008,1013,722.0
1013,1008,1014,1014,144,1014,838.8
1014,144,144,1008,1015,648,591.8
1015,144,1016,1016,1016,1016,841.6
1016,720,144,1008,720,648,648.0
1017,144,720,144,1018,576,520.4
1018,144,144,1019,1019,144,494.0
1019,720,504,1020,720,144,621.6
1020,144,1021,720,648,720,650.6
1021,1022,720,720,1008,1022,898.4
1022,1023,144,1023,1023,648,772.2
1023,1024,720,1024,648,1024,888.0
1024,1025,144,216,576,144,421.0
1025,1026,1008,432,1026,648,828.0
1026,1027,1027,1027,1027,1027,1027.0
1027,1028,576,1008,1028,648,857.6
1028,720,144,1029,144,648,537.0
1029,144,1030,792,216,1030,642.4
1030,648,720,1031,648,1031,815.6
1031,1032,144,1032,1032,1008,849.6
1032,720,1008,144,1033,1033,787.6
1033,1034,144,1008,1034,720,788.0
1034,144,720,1008,1035,1035,788.4
1035,144,1036,1036,1036,864,823.2
1036,1037,1037,1037,1037,1037,1037.0
1037,504,1038,792,864,216,682.8
1038,432,144,1039,216,1039,574.0
1039,864,1040,432,720,720,755.2
1040,1041,720,648,648,1041,819.6
1041,1042,1042,720,936,1042,956.4
1042,1043,288,1008,1008,1043,878.0
1043,792,720,648,1044,1044,849.6
1044,720,648,1045,1045,504,792.4
1045,1046,1046,1008,936,1008,1008.8
1046,1047,720,1047,1047,1047,981.6
1047,720,792,1048,576,1048,836.8
1048,1049,576,720,1049,1008,880.4
1049,792,1008,720,1050,648,843.6
1050,1051,1051,1051,1051,1051,1051.0
1051,1052,1052,1052,1052,1052,1052.0
1052,1053,1053,1053,1053,1053,1053.0
1053,1054,1054,1054,1054,1054,1054.0
1054,1055,1055,1055,1055,1055,1055.0
1055,1056,1056,1056,1056,1056,1056.0
1056,1008,1057,1057,1057,1057,1047.2
1057,1058,1058,1058,1058,1058,1058.0
1058,1059,1059,792,1059,144,822.6
1059,1008,1060,1060,1060,1060,1049.6
1060,1061,144,1061,1061,1061,877.6
1061,144,720,720,1062,792,687.6
1062,1063,1063,792,1063,1063,1008.8
1063,1064,1064,1008,1064,1064,1052.8
1064,1065,720,792,1065,1065,941.4
1065,1066,144,936,1066,1066,855.6
1066,1067,1008,1067,1067,1067,1055.2
1067,1068,1068,1068,1068,1068,1068.0
1068,1069,1069,1069,1069,1069,1069.0
1069,792,1070,792,1070,1070,958.8
1070,1071,1071,1071,144,1071,885.6
1071,792,1072,1072,1072,1072,1016.0
1072,1073,1073,1073,864,1073,1031.2
1073,1074,1074,1074,1074,1074,1074.0
1074,1075,1075,1075,1075,1075,1075.0
1075,1076,1076,1076,1076,648,990.4
1076,144,1077,1077,648,1077,804.6
1077,1078,1078,720,1078,1078,1006.4
1078,864,1079,1079,1079,1079,1036.0
1079,144,1080,1080,1080,1080,892.8
1080,864,1081,1080,144,1081,850.0
1081,1080,1080,1082,1082,1080,1080.8
1082,1083,1080,1083,1080,144,894.0
1083,1084,1084,144,1080,1084,895.2
1084,1085,1085,144,1085,1085,896.8
1085,1086,720,144,1080,144,634.8
1086,1087,1087,1087,1087,1087,1087.0
1087,1088,1088,1088,1080,1080,1084.8
1088,1089,1089,1089,144,1089,900.0
1089,1090,1090,144,1090,1008,884.4
1090,1080,1091,1091,1091,1080,1086.6
1091,144,1008,144,1080,1092,693.6
1092,1008,1093,1093,1093,1093,1076.0
1093,144,1094,1094,1080,1094,901.2
1094,720,1095,1095,1095,1080,1017.0
1095,1080,1096,1096,1096,1096,1092.8
1096,936,1080,1097,1097,1097,1061.4
1097,1098,1098,1098,1080,144,903.6
1098,1099,648,1099,648,648,828.4
1099,1080,1100,1008,720,144,810.4
1100,1101,1101,144,1080,1080,901.2
1101,1102,1102,1102,1102,1080,1097.6
1102,1103,1103,1103,1103,1103,1103.0
1103,1104,1104,1104,1104,1104,1104.0
1104,1105,1008,1105,1080,144,888.4
1105,1106,144,864,1106,1106,865.2
1106,1107,1107,1107,1080,1107,1101.6
1107,1108,720,1080,720,1108,947.2
1108,1080,1080,144,864,1109,855.4
1109,1080,792,1110,936,1110,1005.6
1110,1111,1111,1080,792,1111,1041.0
1111,1112,720,1112,576,720,848.0
1112,720,1113,144,1113,1113,840.6
1113,1114,864,1114,1114,1114,1064.0
1114,1080,1115,1115,1115,1115,1108.0
1115,1116,648,1116,1080,1116,1015.2
1116,1117,1117,1117,1117,1117,1117.0
1117,1118,1118,1118,1118,1118,1118.0
1118,1080,1119,936,1119,144,879.6
1119,1120,1120,1120,1120,1120,1120.0
1120,1121,144,1121,1121,1121,925.6
1121,1122,1122,1122,1080,1122,1113.6
1122,1080,1008,1080,1123,1123,1082.8
1123,1124,1124,1080,648,1124,1020.0
1124,1125,1125,1125,1125,1125,1125.0
1125,1126,720,720,1126,1126,963.6
1126,1127,1127,288,1127,1127,959.2
1127,1128,1128,792,144,1128,864.0
1128,1080,1129,936,1129,1129,1080.6
1129,1130,1130,1080,648,1130,1023.6
1130,648,1131,1131,1131,1131,1034.4
1131,1132,1080,1132,792,1132,1053.6
1132,1133,1133,1133,1133,1133,1133.0
1133,1134,720,1134,1134,1134,1051.2
1134,1135,1135,1135,1135,1135,1135.0
1135,1136,1136,1136,1136,1136,1136.0
1136,1137,1137,1137,1137,1137,1137.0
1137,648,1138,1138,1138,792,970.8
1138,1139,1139,1139,720,720,971.4
1139,1080,1140,1140,1140,1140,1128.0
1140,1141,1141,1141,1141,1141,1141.0
1141,1142,1142,1142,1142,1142,1142.0
1142,1143,1143,1143,1143,1143,1143.0
1143,1008,1144,1144,1080,1144,1104.0
1144,1145,1145,1145,1145,1145,1145.0
1145,1080,1146,1080,1146,1008,1092.0
1146,936,1008,936,1147,1147,1034.8
1147,1148,1148,1148,1008,144,919.2
1148,1149,1149,1149,1149,1149,1149.0
1149,1150,720,1080,1150,1150,1050.0
1150,864,144,1151,1151,1151,892.2
1151,1152,1152,1152,1152,1152,1152.0
1152,648,1152,1153,936,1152,1008.2
1153,144,144,1152,1154,1154,749.6
1154,1152,1155,1155,1152,1152,1153.2
1155,144,1156,1156,1156,1156,953.6
1156,1157,1080,1157,144,1157,939.0
1157,1158,1008,1158,1158,1158,1128.0
1158,1159,1159,1159,1159,720,1071.2
1159,1080,1160,1160,1152,1160,1142.4
1160,1161,1152,720,1152,1161,1069.2
1161,1162,1162,1162,1152,1162,1160.0
1162,1163,1163,1008,1152,1163,1129.8
1163,1152,720,1152,1164,1164,1070.4
1164,144,1165,1152,1165,1165,958.2
1165,1166,1166,1166,1166,864,1105.6
1166,1167,1167,1167,1167,1152,1164.0
1167,1168,1168,1152,1168,1168,1164.8
1168,792,1169,1152,576,1169,971.6
1169,1170,1152,648,1170,1170,1062.0
1170,1171,1171,1008,1171,1171,1138.4
1171,864,1172,1172,1172,1008,1077.6
1172,1152,1173,144,1152,1173,958.8
1173,1174,936,1152,1152,1152,1113.2
1174,1175,1175,1175,1152,1175,1170.4
1175,1176,1176,1176,1176,1152,1171.2
1176,1177,1177,1177,1177,1177,1177.0
1177,1178,1178,936,1008,1178,1095.6
1178,1179,1179,1179,1179,1179,1179.0
1179,1180,1180,1180,1180,1180,1180.0
1180,1181,1152,1181,1181,1181,1175.2
1181,1182,1182,1152,1182,1182,1176.0
1182,1183,1008,1183,648,1183,1041.0
1183,1184,1184,1184,1184,1184,1184.0
1184,1185,1008,1185,1185,1185,1149.6
1185,1186,1186,1186,1186,1080,1164.8
1186,1187,648,1187,1152,1187,1072.2
1187,864,1188,720,1188,1188,1029.6
1188,1152,1189,1189,1189,1080,1159.8
1189,936,1152,1190,936,1190,1080.8
1190,720,1152,1191,1191,1191,1089.0
1191,1192,1192,1192,1192,1008,1155.2
1192,1193,1193,1193,1193,1193,1193.0
1193,1194,1152,1194,1194,1194,1185.6
1194,1008,1080,1195,936,1008,1045.4
1195,1196,144,1196,720,1196,890.4
1196,1152,1197,1197,1008,1197,1150.2
1197,1198,1198,1198,144,1198,987.2
1198,1199,1199,936,936,1199,1093.8
1199,648,648,1200,1200,792,897.6
1200,144,1201,936,1201,1201,936.6
1201,1202,1202,144,1202,1202,990.4
1202,1203,1203,1152,1203,1080,1168.2
1203,144,1204,144,1204,144,568.0
1204,1205,144,792,864,1205,842.0
1205,1206,144,144,144,144,356.4
1206,1207,1207,1207,1207,1207,1207.0
1207,144,1208,1208,864,144,713.6
1208,1209,1209,1008,864,1209,1099.8
1209,144,144,1210,1210,1210,783.6
1210,936,1211,1211,144,1211,942.6
1211,1212,1008,1212,144,1212,957.6
1212,1152,144,144,144,144,345.6
1213,1214,648,144,864,144,602.8
1214,144,1215,144,1215,1215,786.6
1215,720,1008,1216,1216,1216,1075.2
1216,144,1217,1217,1217,144,787.8
1217,1152,1218,144,144,144,560.4
1218,1219,1219,1219,1219,1219,1219.0
1219,1220,144,144,1220,1008,747.2
1220,1221,144,144,1221,144,574.8
1221,1222,648,1222,1222,720,1006.8
1222,1223,1223,1223,144,1223,1007.2
1223,1224,1152,1152,1224,1152,1180.8
1224,144,144,1225,144,144,360.2
1225,720,1226,1224,1080,144,878.8
1226,1224,1227,792,1227,1227,1139.4
1227,1008,1228,1080,144,144,720.8
1228,1080,1080,1229,1229,1152,1154.0
1229,1152,144,144,144,144,345.6
1230,1224,144,144,1224,1224,792.0
1231,1232,144,1232,288,144,608.0
1232,720,144,648,1224,144,576.0
1233,144,1008,1234,144,1234,752.8
1234,144,1235,1235,1235,1235,1016.8
1235,1224,1236,1236,936,144,955.2
1236,1237,1237,1224,1237,1152,1217.4
1237,1238,1224,144,288,1238,826.4
1238,1239,144,144,1008,1239,754.8
1239,1224,144,1240,144,144,579.2
1240,1241,1080,864,144,144,694.6
1241,1224,144,1242,1008,144,752.4
1242,1224,1080,216,144,144,561.6
1243,144,144,1244,1244,144,584.0
1244,1245,1245,1008,1008,864,1074.0
1245,144,216,720,144,144,273.6
1246,864,1247,1224,144,1247,945.2
1247,792,1008,144,1008,1248,840.0
1248,144,144,144,144,1249,365.0
1249,1250,144,936,216,864,682.0
1250,1224,144,1251,144,1224,797.4
1251,1080,144,1252,1252,1252,996.0
1252,144,1253,144,144,144,365.8
1253,144,1254,144,1224,1008,754.8
1254,1255,144,144,1255,1224,804.4
1255,216,1256,1008,1256,1256,998.4
1256,1224,144,1257,216,144,597.0
1257,648,648,144,216,144,360.0
1258,1259,1259,1259,1259,1008,1208.8
1259,216,1260,144,1260,1260,828.0
1260,1261,144,144,144,144,367.4
1261,144,1262,144,144,1262,591.2
1262,144,1263,216,144,1224,598.2
1263,144,144,1264,1264,1008,764.8
1264,216,1265,1265,144,144,606.8
1265,144,144,1266,216,1266,607.2
1266,1267,144,216,144,1267,607.6
1267,1268,1268,144,216,1268,832.8
1268,1269,144,1269,144,144,594.0
1269,1270,216,1270,1270,1270,1059.2
1270,216,144,1271,144,216,398.2
1271,936,216,144,1224,144,532.8
1272,144,1273,144,1273,144,595.6
1273,216,216,1274,1274,216,639.2
1274,1275,216,216,1152,144,600.6
1275,144,1276,1276,144,216,611.2
1276,144,936,1008,1277,1008,874.6
1277,216,1224,144,216,1278,615.6
1278,1224,144,1279,144,144,587.0
1279,1280,216,144,144,1008,558.4
1280,1281,144,144,216,216,400.2
1281,216,144,144,1282,1282,613.6
1282,144,144,144,216,1224,374.4
1283,1224,1284,144,144,1152,789.6
1284,144,144,144,216,144,158.4
1285,144,144,1286,144,1286,600.8
1286,144,144,144,144,144,144.0
1287,216,1288,360,1288,216,673.6
1288,1289,144,144,1289,1289,831.0
1289,144,216,1290,720,1290,732.0
1290,144,1152,144,216,1291,589.4
1291,144,1292,144,1292,144,603.2
1292,144,144,1293,216,144,388.2
1293,936,216,1294,144,144,546.8
1294,144,216,144,1295,144,388.6
1295,216,144,144,1296,144,388.8
1296,216,1224,936,144,288,561.6
1297,144,1298,720,144,144,490.0
1298,360,1296,144,144,144,417.6
1299,216,144,1296,144,1296,619.2
1300,1301,216,1296,144,1224,836.2
1301,1008,1296,144,144,144,547.2
1302,144,144,144,144,144,144.0
1303,144,144,144,144,1080,331.2
1304,144,144,144,1305,144,376.2
1305,144,1224,1306,288,792,750.8
1306,1307,1307,1307,1296,144,1072.2
1307,144,144,1008,216,144,331.2
1308,144,1309,1224,144,144,593.0
1309,144,1310,144,288,144,406.0
1310,1311,144,144,1311,216,625.2
1311,288,144,216,144,1312,420.8
1312,144,144,144,936,1296,532.8
1313,144,1314,144,288,1314,640.8
1314,1315,144,216,288,144,421.4
1315,144,936,792,144,288,460.8
1316,144,144,1317,144,144,378.6
1317,144,144,216,144,144,158.4
1318,144,144,216,144,144,158.4
1319,144,288,288,144,144,201.6
1320,1296,144,216,1296,144,619.2
1321,1322,144,144,144,1322,615.2
1322,216,144,144,1323,144,394.2
1323,144,144,1324,1324,144,616.0
1324,864,144,432,144,216,360.0
1325,360,1224,1326,216,216,668.4
1326,144,1327,144,1327,144,617.2
1327,144,216,216,360,216,230.4
1328,720,144,144,1008,144,432.0
1329,144,216,1224,144,144,374.4
1330,216,1331,144,216,144,410.2
1331,216,216,216,1332,144,424.8
1332,1333,144,216,216,864,554.6
1333,216,1334,1334,144,144,634.4
1334,1335,1296,936,288,288,828.6
1335,216,216,432,144,1296,460.8
1336,216,144,144,1337,1224,613.0
1337,144,288,144,144,144,172.8
1338,144,1296,144,144,144,374.4
1339,1224,216,1296,144,648,705.6
1340,1152,144,288,216,144,388.8
1341,1342,216,1296,432,216,700.4
1342,288,144,432,1296,1343,700.6
1343,144,1296,1344,1344,216,868.8
1344,288,216,216,144,144,201.6
1345,216,360,216,1346,288,485.2
1346,288,288,1080,144,144,388.8
1347,720,216,720,1080,216,590.4
1348,1224,216,288,1152,144,604.8
1349,288,288,288,1296,288,489.6
1350,1296,288,1351,1351,144,886.0
1351,216,1352,216,360,216,472.0
1352,144,216,216,360,216,230.4
1353,1354,216,1354,216,432,714.4
1354,288,216,144,1152,144,388.8
1355,1356,1080,1296,360,216,861.6
1356,216,1357,216,288,288,473.0
1357,288,288,216,216,216,244.8
1358,1359,1359,432,792,1152,1018.8
1359,432,216,216,1152,216,446.4
1360,1008,432,144,288,288,432.0
1361,216,216,216,1362,216,445.2
1362,288,144,288,144,144,201.6
1363,216,144,216,144,1364,416.8
1364,144,360,216,216,1080,403.2
1365,144,216,216,432,216,244.8
1366,216,144,288,1296,216,432.0
1367,216,216,216,1368,1368,676.8
1368,216,1368,216,216,216,446.4
1369,216,144,216,216,144,187.2
1370,144,1296,216,216,360,446.4
1371,216,216,1372,216,1008,605.6
1372,288,1373,1368,1296,216,908.2
1373,1152,216,432,216,144,432.0
1374,216,216,1152,432,288,460.8
1375,1376,144,288,144,288,448.0
1376,144,216,216,1377,216,433.8
1377,216,216,1378,216,216,448.4
1378,144,216,1379,1368,1379,897.2
1379,144,216,144,288,144,187.2
1380,216,216,216,144,216,201.6
1381,1296,360,144,216,1382,679.6
1382,432,1224,1383,288,144,694.2
1383,144,288,216,216,1296,432.0
1384,216,216,216,144,216,201.6
1385,1368,1296,216,216,216,662.4
1386,1080,288,288,288,216,432.0
1387,1152,288,216,360,1388,680.8
1388,216,216,144,216,1389,436.2
1389,1296,288,216,216,144,432.0
1390,1368,1391,216,144,1368,897.4
1391,144,1392,1368,216,288,681.6
1392,288,216,216,288,360,273.6
1393,216,288,1394,576,216,538.0
1394,288,1395,288,216,1368,711.0
1395,360,216,1368,432,216,518.4
1396,216,288,144,288,1397,466.6
1397,216,360,144,216,432,273.6
1398,288,360,432,1296,288,532.8
1399,216,216,360,1400,216,481.6
1400,1080,1401,288,216,216,640.2
1401,216,216,216,1296,360,460.8
1402,216,1152,216,216,864,532.8
1403,216,1224,1296,432,288,691.2
1404,216,1405,216,288,1368,698.6
1405,216,360,288,216,288,273.6
1406,216,504,216,216,216,273.6
1407,288,216,360,288,1224,475.2
1408,288,216,216,288,144,230.4
1409,216,216,1296,1224,216,633.6
1410,288,144,288,288,1368,475.2
1411,1412,360,288,288,288,527.2
1412,288,288,288,288,288,288.0
1413,288,1368,288,288,288,504.0
1414,792,288,288,360,288,403.2
1415,1416,288,1416,1416,144,936.0
1416,288,288,144,360,360,288.0
1417,288,360,1418,360,288,542.8
1418,1419,1419,360,288,1419,981.0
1419,288,432,1008,1420,1224,874.4
1420,288,360,288,1080,504,504.0
1421,144,288,288,144,288,230.4
1422,1224,1152,1224,1152,288,1008.0
1423,288,288,288,144,1296,460.8
1424,1425,144,216,144,288,443.4
1425,936,1368,216,1296,360,835.2
1426,1427,1080,360,288,288,688.6
1427,288,1428,288,288,288,516.0
1428,360,1224,288,1429,288,717.8
1429,288,288,1430,288,288,516.4
1430,1431,288,288,360,288,531.0
1431,288,432,288,1296,1368,734.4
1432,1368,360,144,936,1224,806.4
1433,360,288,504,504,1434,618.0
1434,360,288,288,288,288,302.4
1435,288,1436,360,1224,288,719.2
1436,288,288,288,288,504,331.2
1437,360,1438,1296,1438,1438,1194.0
1438,432,360,360,288,288,345.6
1439,288,360,1440,144,288,504.0
1440,288,792,504,432,1296,662.4
1441,648,288,1224,288,1224,734.4
1442,288,288,1080,144,288,417.6
1443,1444,360,288,1444,360,779.2
1444,288,1224,288,288,1296,676.8
1445,1224,144,504,288,288,489.6
1446,144,288,288,288,288,259.2
1447,288,1440,1296,288,288,720.0
1448,288,1224,432,144,144,446.4
1449,360,288,288,360,288,316.8
1450,288,360,144,1440,288,504.0
1451,288,288,288,1152,288,460.8
1452,1440,288,1296,288,288,720.0
1453,288,432,144,288,288,288.0
1454,360,288,1440,288,288,532.8
1455,288,288,288,504,144,302.4
1456,1152,144,288,360,648,518.4
1457,1008,360,1458,288,288,680.4
1458,1008,360,1080,1224,1224,979.2
1459,1440,288,1296,360,792,835.2
1460,360,288,1461,360,288,551.4
1461,288,288,432,288,144,288.0
1462,360,288,288,288,432,331.2
1463,288,288,360,504,288,345.6
1464,288,360,288,360,360,331.2
1465,1080,1440,288,360,288,691.2
1466,360,288,360,288,432,345.6
1467,288,1080,1468,1224,1440,1100.0
1468,144,144,144,288,288,201.6
1469,432,1470,1224,288,1470,976.8
1470,1224,504,360,360,1471,783.8
1471,1472,288,1472,1224,288,948.8
1472,1440,360,288,144,360,518.4
1473,1224,288,504,288,1224,705.6
1474,432,144,360,432,360,345.6
1475,288,288,576,1368,576,619.2
1476,360,432,432,288,864,475.2
1477,1224,1296,288,288,288,676.8
1478,288,144,1440,288,288,489.6
1479,648,288,1440,1440,1480,1059.2
1480,1080,288,1481,360,360,713.8
1481,288,288,288,504,288,331.2
1482,360,432,1008,288,360,489.6
1483,360,1484,360,1484,1484,1034.4
1484,1152,360,360,360,432,532.8
1485,1486,360,1368,432,144,758.0
1486,360,144,360,1487,360,542.2
1487,360,360,1440,360,360,576.0
1488,1489,432,144,360,360,557.0
1489,360,360,144,1440,360,532.8
1490,1080,1440,360,1368,360,921.6
1491,360,360,1224,360,360,532.8
1492,1368,360,360,360,360,561.6
1493,1494,144,144,144,360,457.2
1494,1224,360,144,432,360,504.0
1495,1496,1368,432,360,360,803.2
1496,648,360,432,360,360,432.0
1497,360,360,1498,360,360,587.6
1498,144,432,360,432,432,360.0
1499,1152,360,360,360,576,561.6
1500,360,1501,432,360,1501,830.8
1501,144,288,144,360,360,259.2
1502,360,1503,360,1440,360,804.6
1503,360,360,360,648,360,417.6
1504,360,360,1224,360,360,532.8
1505,360,432,576,360,144,374.4
1506,432,360,360,360,360,374.4
1507,504,1224,144,360,1224,691.2
1508,504,432,432,432,360,432.0
1509,360,360,360,360,360,360.0
1510,360,360,360,360,432,374.4
1511,360,144,432,360,1368,532.8
1512,360,360,360,360,504,388.8
1513,360,360,576,1296,360,590.4
1514,360,1512,360,360,1515,821.4
1515,576,360,432,360,1516,648.8
1516,360,360,1224,360,360,532.8
1517,504,432,360,432,360,417.6
1518,144,1512,432,360,1519,793.4
1519,432,360,1512,360,144,561.6
1520,360,144,432,360,360,331.2
1521,360,432,144,1296,360,518.4
1522,360,576,360,432,576,460.8
1523,360,1524,360,432,432,621.6
1524,1525,576,1525,360,1440,1085.2
1525,360,360,360,648,360,417.6
1526,144,432,504,360,432,374.4
1527,144,360,360,360,360,316.8
1528,144,576,360,648,432,432.0
1529,432,432,1152,360,360,547.2
1530,1008,432,360,1531,360,738.2
1531,360,360,360,432,360,374.4
1532,360,1533,432,432,1296,810.6
1533,648,360,504,648,144,460.8
1534,360,360,360,432,1224,547.2
1535,1368,360,432,360,360,576.0
1536,144,360,432,432,576,388.8
1537,144,360,144,648,432,345.6
1538,360,1440,360,360,360,576.0
1539,432,432,1512,360,144,576.0
1540,1541,360,432,432,432,639.4
1541,360,288,360,360,432,360.0
1542,360,360,144,360,432,331.2
1543,360,432,360,432,360,388.8
1544,432,360,360,720,432,460.8
1545,360,1512,432,432,432,633.6
1546,360,936,432,432,360,504.0
1547,360,432,432,432,432,417.6
1548,1549,432,432,144,360,583.4
1549,1512,360,576,432,360,648.0
1550,360,360,360,360,360,360.0
1551,360,360,432,432,432,403.2
1552,432,504,1296,576,432,648.0
1553,648,432,1368,432,432,662.4
1554,360,1555,432,144,432,584.6
1555,432,432,504,144,432,388.8
1556,504,1224,504,432,432,619.2
1557,576,432,576,1558,432,714.8
1558,432,1296,432,432,144,547.2
1559,432,432,432,432,432,432.0
1560,648,432,432,432,576,504.0
1561,1296,432,432,432,648,648.0
1562,144,432,1512,504,432,604.8
1563,432,432,1152,432,1440,777.6
1564,576,432,432,432,648,504.0
1565,504,432,432,432,144,388.8
1566,432,432,648,432,1368,662.4
1567,1008,216,432,432,1568,731.2
1568,432,1008,432,432,432,547.2
1569,1008,432,360,432,432,532.8
1570,144,432,432,432,1152,518.4
1571,432,432,432,432,432,432.0
1572,432,144,504,432,432,388.8
1573,1574,432,432,648,504,718.0
1574,1575,432,432,432,432,660.6
1575,432,432,432,432,504,446.4
1576,432,648,432,576,432,504.0
1577,432,432,1152,432,648,619.2
1578,1579,432,504,1008,432,791.0
1579,504,720,432,432,432,504.0
1580,648,432,504,432,144,432.0
1581,432,648,432,432,432,475.2
1582,432,432,432,720,1296,662.4
1583,432,504,432,432,504,460.8
1584,432,432,432,432,360,417.6
1585,648,432,432,144,432,417.6
1586,576,504,1587,432,432,706.2
1587,1588,432,432,1584,792,965.6
1588,432,504,432,1584,432,676.8
1589,432,288,432,504,504,432.0
1590,432,432,432,1591,432,663.8
1591,432,432,432,144,432,374.4
1592,504,432,432,432,144,388.8
1593,504,576,144,432,144,360.0
1594,432,432,1008,1224,432,705.6
1595,144,648,360,432,1152,547.2
1596,432,432,432,144,648,417.6
1597,720,432,432,432,432,489.6
1598,1296,432,504,792,432,691.2
1599,144,432,504,504,432,403.2
1600,432,144,504,504,1601,637.0
1601,432,432,432,504,432,446.4
1602,432,432,216,144,1603,565.4
1603,144,504,432,504,1584,633.6
1604,576,504,432,504,432,489.6
1605,432,144,1606,432,432,609.2
1606,1584,1008,504,504,504,820.8
1607,504,576,432,504,432,489.6
1608,504,432,432,432,432,446.4
1609,432,504,432,504,504,475.2
1610,432,144,504,504,432,403.2
1611,504,504,504,432,432,475.2
1612,504,432,576,432,432,475.2
1613,144,432,432,504,648,432.0
1614,432,432,504,216,432,403.2
1615,432,504,432,504,504,475.2
1616,1584,504,504,504,432,705.6
1617,504,576,504,504,1618,741.2
1618,504,504,1296,504,432,648.0
1619,504,504,576,504,504,518.4
1620,1621,432,504,1621,504,936.4
1621,432,432,432,144,360,360.0
1622,504,504,432,504,1224,633.6
1623,504,144,504,504,1624,656.0
1624,504,432,504,648,144,446.4
1625,504,144,432,144,504,345.6
1626,432,504,288,504,432,432.0
1627,576,504,576,504,504,532.8
1628,144,576,504,144,504,374.4
1629,504,504,936,504,1630,815.6
1630,720,504,504,504,144,475.2
1631,720,648,504,504,504,576.0
1632,576,504,504,504,1633,744.2
1633,144,504,504,720,504,475.2
1634,720,648,504,504,504,576.0
1635,576,504,648,144,504,475.2
1636,504,504,504,144,504,432.0
1637,504,1584,504,504,504,720.0
1638,360,504,504,1639,504,702.2
1639,1584,1368,1368,792,504,1123.2
1640,504,720,576,1080,504,676.8
1641,1584,504,504,648,1440,936.0
1642,504,504,576,504,504,518.4
1643,504,504,504,504,504,504.0
1644,576,504,504,504,576,532.8
1645,576,1646,504,648,504,775.6
1646,504,720,504,576,504,561.6
1647,504,576,504,504,504,518.4
1648,504,648,504,504,504,532.8
1649,504,504,504,576,504,518.4
1650,504,504,504,504,504,504.0
1651,504,504,576,504,504,518.4
1652,1152,576,144,216,720,561.6
1653,504,504,504,504,576,518.4
1654,504,1224,504,504,504,648.0
1655,144,504,504,504,504,432.0
1656,504,504,504,504,576,518.4
1657,432,1658,504,504,288,677.2
1658,144,504,1224,504,144,504.0
1659,576,504,504,1152,504,648.0
1660,504,144,504,504,504,432.0
1661,720,720,648,648,504,648.0
1662,504,648,504,504,1224,676.8
1663,360,504,504,504,504,475.2
1664,504,504,504,504,504,504.0
1665,504,504,504,504,504,504.0
1666,504,504,1440,504,504,691.2
1667,504,576,504,1296,720,720.0
1668,576,504,216,504,648,489.6
1669,576,504,576,504,576,547.2
1670,504,504,504,648,504,532.8
1671,504,1224,504,216,144,518.4
1672,504,1656,504,144,1656,892.8
1673,504,504,144,504,504,432.0
1674,504,504,144,576,504,446.4
1675,576,576,504,144,576,475.2
1676,504,504,144,576,504,446.4
1677,504,504,504,1512,144,633.6
1678,576,576,576,144,504,475.2
1679,504,504,504,576,144,446.4
1680,720,504,504,576,504,561.6
1681,504,360,504,576,144,417.6
1682,504,504,504,504,504,504.0
1683,504,504,504,504,1296,662.4
1684,504,360,576,144,576,432.0
1685,576,576,576,576,504,561.6
1686,576,504,144,504,576,460.8
1687,144,648,504,504,576,475.2
1688,576,576,504,504,504,532.8
1689,504,144,720,504,576,489.6
1690,504,360,144,720,720,489.6
1691,1296,1296,504,576,504,835.2
1692,504,576,576,576,576,561.6
1693,576,504,504,504,576,532.8
1694,504,576,576,648,576,576.0
1695,504,576,1296,576,720,734.4
1696,576,360,360,576,576,489.6
1697,144,648,144,144,504,316.8
1698,576,576,144,144,504,388.8
1699,720,504,576,576,576,590.4
1700,576,576,576,504,576,561.6
1701,576,936,576,576,576,648.0
1702,576,144,576,576,648,504.0
1703,576,216,432,576,576,475.2
1704,576,1152,576,720,576,720.0
1705,576,576,576,576,648,590.4
1706,576,720,576,504,144,504.0
1707,576,576,576,1584,576,777.6
1708,1224,576,576,576,1224,835.2
1709,576,576,144,576,576,489.6
1710,144,576,576,576,576,489.6
1711,576,1584,576,576,576,777.6
1712,720,576,144,576,432,489.6
1713,576,648,576,576,576,590.4
1714,576,576,576,576,576,576.0
1715,648,648,576,576,576,604.8
1716,144,576,864,576,648,561.6
1717,576,1296,1584,1584,144,1036.8
1718,1440,576,576,576,576,748.8
1719,576,648,576,576,576,590.4
1720,144,576,648,576,792,547.2
1721,432,576,576,576,576,547.2
1722,576,576,576,576,432,547.2
1723,576,576,576,576,432,547.2
1724,648,576,576,576,648,604.8
1725,576,648,576,576,576,590.4
1726,144,576,576,576,576,489.6
1727,576,576,576,576,576,576.0
1728,576,648,576,576,576,590.4
1729,576,720,648,216,576,547.2
1730,1080,576,648,648,576,705.6
1731,864,576,576,576,216,561.6
1732,576,576,576,648,1296,734.4
1733,576,576,720,576,144,518.4
1734,576,576,576,576,576,576.0
1735,720,576,1080,576,576,705.6
1736,576,576,576,576,576,576.0
1737,648,648,1224,144,648,662.4
1738,360,648,576,576,576,547.2
1739,576,576,576,576,648,590.4
1740,576,576,576,576,648,590.4
1741,576,720,576,576,576,604.8
1742,576,576,576,576,576,576.0
1743,648,1368,648,792,144,720.0
1744,576,648,648,576,576,604.8
1745,504,576,576,576,576,561.6
1746,144,648,576,576,576,504.0
1747,576,144,576,576,648,504.0
1748,144,576,576,576,576,489.6
1749,576,648,648,648,576,619.2
1750,144,648,576,792,504,532.8
1751,576,576,576,720,576,604.8
1752,576,576,648,648,576,604.8
1753,576,648,576,576,576,590.4
1754,576,576,648,576,360,547.2
1755,504,792,144,576,648,532.8
1756,576,648,648,648,576,619.2
1757,792,648,1758,576,648,884.4
1758,576,576,576,648,144,504.0
1759,648,576,648,576,504,590.4
1760,576,576,576,648,360,547.2
1761,576,648,432,576,648,576.0
1762,648,144,144,576,576,417.6
1763,576,504,144,648,576,489.6
1764,576,648,648,576,576,604.8
1765,576,720,576,576,432,576.0
1766,504,576,144,432,720,475.2
1767,576,1296,576,576,648,734.4
1768,360,144,576,648,648,475.2
1769,648,576,720,576,648,633.6
1770,648,144,648,144,576,432.0
1771,648,648,648,432,648,604.8
1772,648,648,144,648,648,547.2
1773,720,144,648,648,504,532.8
1774,1152,648,648,576,648,734.4
1775,792,360,720,576,648,619.2
1776,648,648,576,648,144,532.8
1777,648,720,648,648,648,662.4
1778,648,648,648,360,648,590.4
1779,648,648,864,648,144,590.4
1780,648,1224,648,648,720,777.6
1781,648,648,648,1152,648,748.8
1782,648,504,432,144,648,475.2
1783,576,648,1080,648,648,720.0
1784,864,648,648,720,648,705.6
1785,648,648,1512,648,648,820.8
1786,144,720,144,648,504,432.0
1787,648,648,648,648,648,648.0
1788,648,144,288,648,648,475.2
1789,144,144,648,648,648,446.4
1790,648,144,648,648,648,547.2
1791,144,648,504,648,648,518.4
1792,648,360,720,720,648,619.2
1793,648,144,648,144,648,446.4
1794,648,720,720,648,648,676.8
1795,648,504,720,576,144,518.4
1796,648,648,648,648,648,648.0
1797,720,648,648,504,648,633.6
1798,648,648,720,648,648,662.4
1799,576,576,648,648,648,619.2
1800,144,648,144,144,720,360.0
1801,720,648,504,648,144,532.8
1802,648,576,648,648,648,633.6
1803,864,432,648,720,648,662.4
1804,648,648,144,144,648,446.4
1805,648,648,144,648,648,547.2
1806,648,648,720,720,648,676.8
1807,720,648,144,648,144,460.8
1808,648,576,648,648,648,633.6
1809,648,648,648,648,1152,748.8
1810,144,648,648,504,648,518.4
1811,648,648,648,648,720,662.4
1812,648,648,720,648,720,676.8
1813,648,648,360,648,648,590.4
1814,720,648,648,648,648,662.4
1815,648,648,360,720,288,532.8
1816,720,1800,648,648,648,892.8
1817,648,648,648,648,720,662.4
1818,144,648,720,648,648,561.6
1819,720,720,720,648,648,691.2
1820,648,720,648,648,720,676.8
1821,720,936,648,648,144,619.2
1822,432,648,648,720,720,633.6
1823,648,648,648,144,648,547.2
1824,720,720,648,648,648,676.8
1825,144,648,648,720,648,561.6
1826,648,504,648,648,144,518.4
1827,648,576,648,648,144,532.8
1828,648,648,720,648,648,662.4
1829,648,648,720,648,648,662.4
1830,648,648,576,144,720,547.2
1831,648,720,720,720,504,662.4
1832,360,720,648,648,648,604.8
1833,648,648,144,504,648,518.4
1834,144,720,648,648,648,561.6
1835,648,648,648,432,720,619.2
1836,648,144,504,504,720,504.0
1837,720,720,720,648,648,691.2
1838,504,648,648,720,648,633.6
1839,648,864,648,648,648,691.2
1840,648,648,720,720,720,691.2
1841,720,720,648,576,144,561.6
1842,720,720,720,720,648,705.6
1843,720,720,720,720,648,705.6
1844,432,360,144,1368,720,604.8
1845,720,576,720,720,720,691.2
1846,720,648,144,720,720,590.4
1847,720,648,144,144,360,403.2
1848,576,648,288,720,720,590.4
1849,792,576,792,720,720,720.0
1850,576,720,576,144,720,547.2
1851,720,504,720,432,720,619.2
1852,504,720,504,720,576,604.8
1853,720,720,720,648,720,705.6
1854,720,576,576,648,720,648.0
1855,576,1512,720,720,576,820.8
1856,1857,144,720,144,576,688.2
1857,720,720,648,432,576,619.2
1858,720,720,576,720,720,691.2
1859,720,1296,288,1440,576,864.0
1860,792,720,648,720,792,734.4
1861,720,720,720,720,720,720.0
1862,576,576,144,1008,720,604.8
1863,792,504,720,936,648,720.0
1864,720,720,144,648,720,590.4
1865,720,720,720,144,648,590.4
1866,720,720,720,576,720,691.2
1867,648,720,720,720,720,705.6
1868,720,648,720,1296,576,792.0
1869,720,720,648,792,720,720.0
1870,720,576,720,720,648,676.8
1871,144,648,432,576,144,388.8
1872,720,720,792,360,720,662.4
1873,720,720,720,720,432,662.4
1874,720,720,1296,720,360,763.2
1875,720,720,648,576,360,604.8
1876,720,720,720,720,576,691.2
1877,720,720,288,576,720,604.8
1878,720,576,720,648,720,676.8
1879,576,720,720,720,432,633.6
1880,720,720,720,792,648,720.0
1881,720,360,144,720,720,532.8
1882,720,792,720,792,720,748.8
1883,720,576,720,792,720,705.6
1884,144,720,720,504,720,561.6
1885,576,576,720,720,648,648.0
1886,576,720,648,144,720,561.6
1887,720,720,648,720,1296,820.8
1888,720,720,720,576,576,662.4
1889,720,720,720,648,504,662.4
1890,720,720,720,144,720,604.8
1891,720,720,720,720,792,734.4
1892,576,720,504,576,720,619.2
1893,792,720,648,720,720,720.0
1894,720,648,576,720,792,691.2
1895,648,720,504,144,792,561.6
1896,648,648,504,432,720,590.4
1897,720,720,720,720,720,720.0
1898,576,792,576,792,720,691.2
1899,144,792,144,720,792,518.4
1900,720,576,720,720,720,691.2
1901,720,720,144,792,720,619.2
1902,720,576,720,720,792,705.6
1903,648,720,648,792,648,691.2
1904,1368,288,720,576,720,734.4
1905,720,720,720,720,720,720.0
1906,720,576,576,504,576,590.4
1907,720,792,504,576,792,676.8
1908,720,504,792,720,720,691.2
1909,360,720,216,720,720,547.2
1910,576,576,288,144,648,446.4
1911,648,504,792,144,720,561.6
1912,576,792,792,648,792,720.0
1913,792,720,720,720,720,734.4
1914,1440,936,720,720,576,878.4
1915,648,720,792,1440,648,849.6
1916,648,144,576,720,792,576.0
1917,648,576,432,144,1918,743.6
1918,144,360,288,648,648,417.6
1919,792,792,648,792,792,763.2
1920,144,792,792,792,792,662.4
1921,504,792,792,792,792,734.4
1922,1296,792,504,792,648,806.4
1923,504,864,792,1152,792,820.8
1924,576,144,432,792,720,532.8
1925,648,144,792,792,648,604.8
1926,144,144,1512,792,576,633.6
1927,360,648,720,288,792,561.6
1928,1800,360,864,792,648,892.8
1929,648,144,792,504,288,475.2
1930,432,648,792,720,648,648.0
1931,648,792,576,792,864,734.4
1932,576,576,1440,792,648,806.4
1933,1934,792,792,792,576,977.2
1934,792,864,792,576,792,763.2
1935,864,720,648,1080,792,820.8
1936,720,720,792,288,864,676.8
1937,720,720,792,720,360,662.4
1938,648,792,792,792,576,720.0
1939,936,864,792,792,576,792.0
1940,648,792,648,1008,648,748.8
1941,216,576,144,144,648,345.6
1942,792,792,720,648,648,720.0
1943,792,792,648,792,792,763.2
1944,648,792,432,792,792,691.2
1945,288,576,792,792,792,648.0
1946,792,1440,504,792,864,878.4
1947,792,792,648,792,144,633.6
1948,432,1224,864,648,792,792.0
1949,792,792,792,1224,792,878.4
1950,720,144,288,144,792,417.6
1951,792,216,792,144,576,504.0
1952,648,792,648,792,792,734.4
1953,792,792,864,648,288,676.8
1954,1800,576,432,792,792,878.4
1955,792,576,144,648,792,590.4
1956,792,576,792,648,720,705.6
1957,864,792,792,792,648,777.6
1958,504,864,1008,864,792,806.4
1959,576,144,1440,792,648,720.0
1960,792,792,864,792,144,676.8
1961,792,792,792,504,864,748.8
1962,720,576,1008,144,1008,691.2
1963,864,432,792,792,576,691.2
1964,864,864,792,576,864,792.0
1965,504,720,864,792,648,705.6
1966,648,792,648,144,864,619.2
1967,864,576,576,504,144,532.8
1968,144,864,792,648,144,518.4
1969,792,864,792,648,864,792.0
1970,648,648,144,792,144,475.2
1971,576,792,720,504,792,676.8
1972,504,864,792,648,864,734.4
1973,864,864,576,792,288,676.8
1974,792,144,720,144,648,489.6
1975,648,936,792,864,648,777.6
1976,792,576,864,648,864,748.8
1977,864,648,792,864,792,792.0
1978,864,792,648,792,864,792.0
1979,864,792,792,648,504,720.0
1980,864,720,432,648,792,691.2
1981,792,792,792,144,792,662.4
1982,864,792,864,648,792,792.0
1983,864,576,864,720,864,777.6
1984,144,792,648,648,648,576.0
1985,792,720,576,864,864,763.2
1986,504,576,792,648,648,633.6
1987,936,648,792,144,720,648.0
1988,864,648,864,720,792,777.6
1989,720,648,576,1728,720,878.4
1990,720,576,504,864,432,619.2
1991,720,864,504,504,720,662.4
1992,792,648,144,288,720,518.4
1993,144,648,144,864,864,532.8
1994,864,864,360,648,720,691.2
1995,864,864,864,144,648,676.8
1996,864,864,720,864,144,691.2
1997,648,864,648,864,576,720.0
1998,576,864,720,720,432,662.4
1999,648,504,864,792,720,705.6
2000,864,864,864,648,792,806.4
2001,792,864,864,648,864,806.4
2002,648,432,504,864,864,662.4
2003,864,864,720,648,864,792.0
2004,864,576,144,864,576,604.8
2005,936,576,864,576,216,633.6
2006,792,144,864,864,576,648.0
2007,504,360,648,648,648,561.6
2008,864,648,864,864,864,820.8
2009,864,504,864,936,864,806.4
2010,864,648,648,144,576,576.0
2011,504,648,576,720,504,590.4
2012,648,648,144,1080,864,676.8
2013,864,648,576,864,864,763.2
2014,648,864,144,864,648,633.6
2015,144,576,288,864,864,547.2
2016,576,648,864,432,648,633.6
2017,648,936,720,288,720,662.4
2018,576,720,720,576,864,691.2
2019,864,864,432,720,864,748.8
2020,360,720,1368,432,144,604.8
2021,720,864,864,648,864,792.0
2022,144,504,864,720,576,561.6
2023,576,648,864,720,432,648.0
2024,720,864,720,648,936,777.6
2025,864,648,864,648,720,748.8
2026,864,864,864,864,720,835.2
2027,936,648,864,720,864,806.4
2028,648,1440,720,216,864,777.6
2029,432,864,720,648,864,705.6
2030,648,864,720,576,792,720.0
2031,720,792,648,504,864,705.6
2032,720,720,576,936,576,705.6
2033,432,648,864,576,576,619.2
2034,144,504,936,432,936,590.4
2035,864,648,936,576,792,763.2
2036,720,720,864,504,288,619.2
2037,720,432,864,720,504,648.0
2038,648,720,720,864,504,691.2
2039,864,864,864,864,864,864.0
2040,360,720,864,864,144,590.4
2041,144,576,144,720,864,489.6
2042,288,936,648,648,792,662.4
2043,576,936,432,720,792,691.2
2044,936,864,720,936,792,849.6
2045,720,1008,144,720,720,662.4
2046,864,648,936,648,864,792.0
2047,576,792,576,936,432,662.4
2048,936,576,576,504,576,633.6
2049,648,144,864,720,720,619.2
2050,576,864,720,936,864,792.0
2051,792,936,864,144,432,633.6
2052,648,576,864,936,288,662.4
2053,720,504,864,360,864,662.4
2054,648,864,144,648,648,590.4
2055,936,792,648,648,144,633.6
2056,1728,864,936,936,648,1022.4
2057,792,864,864,648,1152,864.0
2058,576,792,720,144,936,633.6
2059,864,864,648,792,648,763.2
2060,144,144,864,144,936,446.4
2061,936,936,792,648,936,849.6
2062,576,936,576,648,648,676.8
2063,432,936,936,720,648,734.4
2064,1008,936,720,144,144,590.4
2065,936,576,504,936,720,734.4
2066,504,576,432,576,720,561.6
2067,936,144,936,720,288,604.8
2068,504,792,576,648,648,633.6
2069,648,576,432,144,936,547.2
2070,936,720,936,648,792,806.4
2071,936,936,576,648,720,763.2
2072,576,720,936,504,576,662.4
2073,144,288,936,1080,936,676.8
2074,720,144,936,720,576,619.2
2075,720,1512,648,936,936,950.4
2076,936,648,648,936,792,792.0
2077,936,576,144,144,936,547.2
2078,936,936,648,936,648,820.8
2079,144,936,720,936,648,676.8
2080,648,720,936,936,288,705.6
2081,144,792,144,648,144,374.4
2082,864,720,936,432,864,763.2
2083,936,936,216,144,360,518.4
2084,648,720,648,648,936,720.0
2085,648,288,1512,216,936,720.0
2086,720,864,936,504,648,734.4
2087,936,432,576,360,936,648.0
2088,1152,936,576,936,648,849.6
2089,864,648,720,576,792,720.0
2090,504,720,936,648,936,748.8
2091,792,720,720,936,936,820.8
2092,504,648,432,936,504,604.8
2093,792,576,576,936,648,705.6
2094,936,936,936,720,792,864.0
2095,576,144,936,648,504,561.6
2096,360,1008,360,936,144,561.6
2097,648,648,648,792,576,662.4
2098,504,936,864,792,936,806.4
2099,648,144,720,936,648,619.2
2100,576,576,648,936,648,676.8
2101,648,720,720,936,720,748.8
2102,864,1080,648,1008,936,907.2
2103,792,936,720,936,936,864.0
2104,936,936,648,648,144,662.4
2105,936,720,648,936,936,835.2
2106,144,1008,936,504,144,547.2
2107,576,648,648,648,648,633.6
2108,144,648,1008,648,936,676.8
2109,576,144,936,936,936,705.6
2110,936,144,432,144,648,460.8
2111,648,720,432,648,864,662.4
2112,936,936,936,936,720,892.8
2113,792,936,648,1008,792,835.2
2114,936,936,576,720,720,777.6
2115,720,504,648,648,576,619.2
2116,504,576,864,936,504,676.8
2117,936,936,936,144,648,720.0
2118,1008,648,504,504,720,676.8
2119,936,1008,792,1008,648,878.4
2120,792,648,1008,576,936,792.0
2121,648,720,648,576,792,676.8
2122,720,648,1008,936,648,792.0
2123,936,936,144,504,792,662.4
2124,936,648,360,792,1008,748.8
2125,288,144,144,576,504,331.2
2126,864,792,648,432,1008,748.8
2127,648,864,648,936,504,720.0
2128,936,936,1008,144,936,792.0
2129,936,648,504,720,576,676.8
2130,648,936,648,1008,648,777.6
2131,144,648,648,144,792,475.2
2132,576,504,576,1008,1008,734.4
2133,144,864,144,504,792,489.6
2134,1080,720,576,1008,864,849.6
2135,720,1008,144,648,720,648.0
2136,720,288,720,504,144,475.2
2137,648,576,144,576,1008,590.4
2138,576,720,576,144,576,518.4
2139,144,1008,936,1008,720,763.2
2140,864,648,1008,720,1008,849.6
2141,1008,792,288,792,1008,777.6
2142,792,864,648,576,720,720.0
2143,1008,720,1008,576,1008,864.0
2144,1008,504,1008,648,576,748.8
2145,144,360,288,144,432,273.6
2146,144,1008,144,576,1008,576.0
2147,144,504,720,720,648,547.2
2148,864,648,1296,504,648,792.0
2149,288,1008,792,1008,864,792.0
2150,1008,1008,1008,720,1008,950.4
2151,1008,576,1008,504,720,763.2
2152,792,648,1008,576,1008,806.4
2153,144,360,1008,648,720,576.0
2154,144,1008,1008,144,936,648.0
2155,1008,576,1008,432,288,662.4
2156,648,864,648,648,1008,763.2
2157,792,144,720,864,1008,705.6
2158,144,504,1008,648,720,604.8
2159,576,648,144,144,648,432.0
2160,648,720,720,144,1008,648.0
2161,720,648,360,576,936,648.0
2162,1008,360,936,576,648,705.6
2163,792,144,720,792,1008,691.2
2164,1008,144,144,576,144,403.2
2165,648,144,864,576,1080,662.4
2166,1008,648,1008,864,936,892.8
2167,1008,1008,1152,720,1008,979.2
2168,576,1008,144,792,576,619.2
2169,1008,1008,1008,360,792,835.2
2170,360,792,432,504,1008,619.2
2171,432,576,1008,648,720,676.8
2172,1008,1152,144,648,576,705.6
2173,576,648,720,504,720,633.6
2174,576,720,1008,1080,1008,878.4
2175,648,144,144,144,648,345.6
2176,1008,648,864,1008,144,734.4
2177,648,1008,1008,792,504,792.0
2178,576,144,144,144,648,331.2
2179,576,648,864,648,648,676.8
2180,648,648,792,864,576,705.6
2181,720,648,1008,432,936,748.8
2182,576,144,1008,360,936,604.8
2183,720,1008,576,648,1080,806.4
2184,288,144,648,1008,504,518.4
2185,1008,864,288,144,1080,676.8
2186,144,1080,864,864,648,720.0
2187,360,504,504,504,576,489.6
2188,792,720,720,720,1008,792.0
2189,720,1008,648,576,144,619.2
2190,432,936,1008,288,144,561.6
2191,504,432,144,432,144,331.2
2192,144,1080,1008,576,576,676.8
2193,648,144,432,936,1080,648.0
2194,936,576,576,1008,1008,820.8
2195,648,576,576,936,504,648.0
2196,792,1008,648,792,1008,849.6
2197,864,144,864,360,720,590.4
2198,1008,864,144,864,216,619.2
2199,1008,1080,1080,144,720,806.4
2200,1080,576,720,792,1080,849.6
2201,648,864,792,792,720,763.2
2202,576,144,720,720,720,576.0
2203,936,432,720,864,432,676.8
2204,576,720,1080,648,720,748.8
2205,648,576,1008,720,576,705.6
2206,936,792,1080,432,432,734.4
2207,720,936,1080,144,576,691.2
2208,504,1080,1008,144,720,691.2
