Date,N,windows,scaled_windows,MSE,RMSE
0,-1.1760673066110212,,,,
1,1.020562055137544,,,,
2,-0.6565639572828962,,,,
3,2.017541267566491,,,,
4,-0.2851603801460938,,,,
5,0.4178527072441358,,,,
6,-0.3548774077114114,,,,
7,-1.608051130449959,,,,
8,-1.9011194963801028,,,,
9,-4.298342614547673,,,,
10,-2.1065315316837463,,,,
11,-1.695598299637148,,,,
12,-2.2686689686798873,,,,
13,-2.512169455603156,,,,
14,-0.5288283074966473,,,,
15,-2.582125490936244,,,,
16,-1.3263672175033687,,,,
17,-1.4869612092170887,,,,
18,-1.6467162686657923,,,,
19,-1.511919343181087,,,,
20,-1.8299724392700325,,,,
21,-2.23573234460892,,,,
22,-2.050293098923365,,,,
23,-3.243945937302538,,,,
24,-1.945524764237371,,,,
25,-0.7688453079926991,,,,
26,0.6464933388113359,,,,
27,0.7786812973334168,,,,
28,0.7419864605242392,,,,
29,1.2329364091767312,,,,
30,0.1802722530269761,,,,
31,1.4528482760781798,,,,
32,1.898836531138072,,,,
33,1.70996593670227,,,,
34,0.5139702611697421,,,,
35,0.0910066073449801,,,,
36,0.0333797001499731,,,,
37,1.0401690781895068,,,,
38,0.9762221870277225,,,,
39,-0.2619403061374089,,,,
40,0.3979851141497891,,,,
41,-0.3407117550240595,,,,
42,-1.359206817274211,,,,
43,-1.7875520653290646,,,,
44,-0.7493968676155902,,,,
45,-0.3903472540122639,,,,
46,1.4764325975552377,,,,
47,1.6077300426459034,,,,
48,1.98147997852599,,,,
49,0.9123896611552562,,,,
50,0.722299856625813,,,,
51,0.2003223666863363,,,,
52,1.0241809409935536,,,,
53,0.4316575070508106,,,,
54,1.3144583430607253,,,,
55,-1.17751844079331,,,,
56,-0.1506840791888536,,,,
57,1.7125255221771265,,,,
58,2.324889264024842,,,,
59,1.7711344074334991,,,,
60,3.351197667800035,,,,
61,2.686685258010747,,,,
62,3.6132488206195625,,,,
63,1.9313272835468176,,,,
64,3.0379056341085766,,,,
65,1.2968825505021973,,,,
66,-0.0583562473732099,,,,
67,0.729352370185741,,,,
68,2.086623702710482,,,,
69,1.0276288253506085,,,,
70,-0.1819839534450724,,,,
71,0.5062604644315714,,,,
72,-1.3220065803102918,,,,
73,0.0535553548438243,,,,
74,1.031049777186105,,,,
75,-0.3982219603558773,,,,
76,-0.1317267611224821,,,,
77,1.1668537781387385,,,,
78,-0.4933414940608724,,,,
79,-1.11520250162132,,,,
80,-0.3234957557207972,,,,
81,-0.7912420424589552,,,,
82,-1.5187083702585271,,,,
83,-1.8025564942540744,,,,
84,-0.6306650261637295,,,,
85,-1.7116560903357003,,,,
86,0.5167556174227697,,,,
87,0.2996417806103332,,,,
88,-0.876661331619083,,,,
89,-2.250571832551153,,,,
90,-2.616770520144886,,,,
91,-2.700188938306788,,,,
92,-2.496333544282949,,,,
93,-1.5393298075965656,,,,
94,-2.579784237690487,,,,
95,-3.6459362752704214,,,,
96,-2.378296016164424,,,,
97,-2.0915289442903076,,,,
98,-2.7424459811094284,,,,
99,-3.0405408072068347,,,,
100,-3.521078915994981,,,,
101,-0.9832109290980178,,,,
102,-2.976677595485461,,,,
103,-3.8771617578756983,,,,
104,-2.6825702619609286,,,,
105,-5.465774750100971,,,,
106,-3.994288958081167,,,,
107,-4.494517127131948,,,,
108,-4.1068662261733735,,,,
109,-3.2309077570792404,,,,
110,-3.2590502525433775,,,,
111,-2.3001433148136328,,,,
112,-2.4215529143153582,,,,
113,-3.355226983471769,,,,
114,-5.477976976508901,,,,
115,-3.717432478337136,,,,
116,-1.851223178525848,,,,
117,-2.617569383502666,,,,
118,-2.987664687544619,,,,
119,-4.589937685166904,,,,
120,-1.9124005891442704,,,,
121,-2.1588107881906615,,,,
122,-2.0062880756682637,,,,
123,-2.7121394839608977,,,,
124,-1.504128509050528,,,,
125,-2.283684932085438,,,,
126,-1.5760374972628073,,,,
127,-2.076807540342714,,,,
128,-3.041570145115882,,,,
129,-1.1759937321383571,,,,
130,-2.482648575945521,,,,
131,-1.34767145172124,,,,
132,-0.3470326766456104,,,,
133,-1.006207710600851,,,,
134,-1.3304128290114914,,,,
135,-0.8255197709711162,,,,
136,-1.012764640938478,,,,
137,-0.541714409713945,,,,
138,-0.9606351168013374,,,,
139,0.0431521519653144,,,,
140,0.0320702631674851,,,,
141,-0.4546741200591926,,,,
142,-1.610874143403018,,,,
143,-1.1554927728462416,,,,
144,-1.434234504071976,,,,
145,-1.4315960513020496,,,,
146,-1.0784581803706603,,,,
147,-0.5901956734663784,,,,
148,-0.7893258690216048,,,,
149,-1.1218043840346872,,,,
150,-1.8608397188908188,,,,
151,-1.946014598989651,,,,
152,-3.778123387928074,,,,
153,-2.352772685743159,,,,
154,-3.1356599900273037,,,,
155,-4.81765969628026,,,,
156,-6.34830303218947,,,,
157,-5.854704682830556,,,,
158,-5.592874887099775,,,,
159,-4.730204691106902,,,,
160,-5.168794051532095,,,,
161,-3.648949002556739,,,,
162,-3.945776585889255,,,,
163,-2.010238148136644,,,,
164,-2.800437069481489,,,,
165,-1.784604318815064,,,,
166,-1.0783199687377294,,,,
167,-1.0011499643291062,,,,
168,-0.7141605904937706,,,,
169,-1.1334446583186415,,,,
170,-2.3555071254063953,,,,
171,-1.8181592182055264,,,,
172,-1.041651497908036,,,,
173,-2.7308333779635774,,,,
174,-2.780272290070988,,,,
175,-2.9241004886746933,,,,
176,-2.6049566089426124,,,,
177,-1.2013976677934082,,,,
178,-1.843614912523058,,,,
179,-0.8786505343349619,,,,
180,-0.2398360074121528,,,,
181,-0.5229372064372131,,,,
182,0.705492604770484,,,,
183,-0.4607793976557391,,,,
184,-0.6701880723454366,,,,
185,1.1021780778739945,,,,
186,-0.5757314006645341,,,,
187,-0.995101736822497,,,,
188,-0.2388343583538483,,,,
189,-0.0982557897584705,,,,
190,-0.6072708876735462,,,,
191,-1.0551434527431318,,,,
192,-2.565877271374428,,,,
193,-1.209991863456804,,,,
194,-2.5273858104182394,,,,
195,-3.022215552457933,,,,
196,-3.0246962940911226,,,,
197,-3.3663970068248377,,,,
198,-2.852792694919154,141.0,0.7085427135678392,0.0,0.0
199,-2.5174377797628367,141.0,0.705,0.0,0.0
200,-3.133513934257219,141.0,0.7014925373134329,0.0,0.0
201,-3.791356199628832,141.0,0.698019801980198,0.0,0.0
202,-4.241240420430245,141.0,0.6945812807881774,0.0,0.0
203,-3.5190667320970817,141.0,0.6911764705882353,0.0,0.0
204,-3.053033262861522,141.0,0.6878048780487804,0.0,0.0
205,-4.163194613030068,141.0,0.6844660194174758,0.0,0.0
206,-4.652228764788705,141.0,0.6811594202898551,0.0,0.0
207,-3.9041200523308968,141.0,0.6778846153846154,0.0,0.0
208,-3.1335992474808516,141.0,0.6746411483253588,0.0,0.0
209,-4.817325312881612,141.0,0.6714285714285714,0.0,0.0
210,-2.057999374865606,141.0,0.6682464454976303,0.0,0.0
211,-3.1472930813081295,141.0,0.6650943396226415,0.0,0.0
212,-3.3895656636072697,141.0,0.6619718309859155,0.0,0.0
213,-3.67134236407862,141.0,0.6588785046728972,0.0,0.0
214,-4.363684472507801,141.0,0.6558139534883721,0.0,0.0
215,-4.646515403296672,141.0,0.6527777777777778,0.0,0.0
216,-2.450905968271893,141.0,0.6497695852534562,0.0,0.0
217,-2.2670906827700352,141.0,0.6467889908256881,0.0,0.0
218,-2.158519083237756,141.0,0.6438356164383562,0.0,0.0
219,-1.093076496335819,141.0,0.6409090909090909,0.0,0.0
220,-1.1938488173616777,141.0,0.6380090497737556,0.0,0.0
221,-0.6840312868362682,141.0,0.6351351351351351,0.0,0.0
222,-1.919396271944899,141.0,0.6322869955156951,0.0,0.0
223,-2.2680506045564632,141.0,0.6294642857142857,0.0,0.0
224,-2.945920487256456,141.0,0.6266666666666667,0.0,0.0
225,-2.327108503497685,141.0,0.6238938053097345,0.0,0.0
226,-3.510715801777521,141.0,0.6211453744493393,0.0,0.0
227,-2.5681587411178857,141.0,0.618421052631579,0.0,0.0
228,-2.966863036503541,141.0,0.6157205240174672,0.0,0.0
229,-1.88394205312116,141.0,0.6130434782608696,0.0,0.0
230,-2.509843336558524,141.0,0.6103896103896104,0.0,0.0
231,-2.963991325057871,141.0,0.6077586206896551,0.0,0.0
232,-3.0242410653612875,141.0,0.6051502145922747,0.0,0.0
233,-2.637621174584176,141.0,0.6025641025641025,0.0,0.0
234,-3.41314593629019,141.0,0.6,0.0,0.0
235,-4.62347243216003,141.0,0.597457627118644,0.0,0.0
236,-4.092807394549621,141.0,0.5949367088607594,0.0,0.0
237,-4.740368309459525,141.0,0.592436974789916,0.0,0.0
238,-4.61722756600897,141.0,0.5899581589958159,0.0,0.0
239,-3.894902811358075,141.0,0.5875,0.0,0.0
240,-4.540387133118576,141.0,0.5850622406639004,0.0,0.0
241,-4.692123637288849,141.0,0.5826446280991735,0.0,0.0
242,-4.188126210182263,141.0,0.5802469135802469,0.0,0.0
243,-2.0168059860362093,141.0,0.5778688524590164,0.0,0.0
244,-4.545241898517402,141.0,0.5755102040816327,0.0,0.0
245,-4.732890839261191,141.0,0.573170731707317,0.0,0.0
246,-4.778402420538493,141.0,0.5708502024291497,0.0,0.0
247,-4.382499650103635,141.0,0.5685483870967742,0.0,0.0
248,-4.728496406322651,141.0,0.5662650602409639,0.0,0.0
249,-3.0425416408974284,141.0,0.564,0.0,0.0
250,-3.0091600410159383,141.0,0.5617529880478087,0.0,0.0
251,-2.2727720032153633,141.0,0.5595238095238095,0.0,0.0
252,-2.5431741801447876,141.0,0.5573122529644269,0.0,0.0
253,-0.662884458550713,141.0,0.5551181102362205,0.0,0.0
254,1.8144616200397043,141.0,0.5529411764705883,0.0,0.0
255,-0.2284578223362916,141.0,0.55078125,0.0,0.0
256,-0.1131865961841262,141.0,0.5486381322957199,0.0,0.0
257,0.5304730466217829,141.0,0.5465116279069767,0.0,0.0
258,-1.0327039188170366,141.0,0.5444015444015444,0.0,0.0
259,-0.0505783952873575,141.0,0.5423076923076923,0.0,0.0
260,-0.4452721659844824,141.0,0.5402298850574713,0.0,0.0
261,0.8969452703797406,141.0,0.5381679389312977,0.0,0.0
262,-0.4225740851154093,141.0,0.5361216730038023,0.0,0.0
263,-0.2427975059843121,141.0,0.5340909090909091,0.0,0.0
264,-0.7147467365653626,141.0,0.5320754716981132,0.0,0.0
265,-1.7251965508054106,141.0,0.5300751879699248,0.0,0.0
266,-1.0682654485303262,141.0,0.5280898876404494,0.0,0.0
267,-0.0235522220604635,141.0,0.5261194029850746,0.0,0.0
268,-1.1883198502050814,141.0,0.5241635687732342,0.0,0.0
269,-2.492484694944825,141.0,0.5222222222222223,0.0,0.0
270,-2.1111827751453136,141.0,0.5202952029520295,0.0,0.0
271,-0.8061473089618691,141.0,0.5183823529411765,0.0,0.0
272,-0.9960518920200072,141.0,0.5164835164835165,0.0,0.0
273,-1.484982054731555,141.0,0.5145985401459854,0.0,0.0
274,-0.5377949929152025,141.0,0.5127272727272727,0.0,0.0
275,-0.39246460133815,141.0,0.5108695652173914,0.0,0.0
276,1.7941399122217718,141.0,0.5090252707581228,0.0,0.0
277,2.5019740501103933,141.0,0.5071942446043165,0.0,0.0
278,0.8194143492730706,141.0,0.5053763440860215,0.0,0.0
279,2.34951501945842,141.0,0.5035714285714286,0.0,0.0
280,0.6657749015082113,141.0,0.501779359430605,0.0,0.0
281,2.5179693741521683,199.0,0.7056737588652482,0.0,0.0
282,2.580098219851007,199.0,0.7031802120141343,0.0,0.0
283,1.5543192718259715,199.0,0.7007042253521126,0.0,0.0
284,2.3529852823938477,199.0,0.6982456140350877,0.0,0.0
285,0.8560133473438976,199.0,0.6958041958041958,0.0,0.0
286,2.0847685741930064,199.0,0.6933797909407665,0.0,0.0
287,2.752112336569801,199.0,0.6909722222222222,0.0,0.0
288,1.45297134110819,199.0,0.6885813148788927,0.0,0.0
289,2.1517558898895808,199.0,0.6862068965517242,0.0,0.0
290,1.6783178429709786,199.0,0.6838487972508591,0.0,0.0
291,2.046613469851406,199.0,0.6815068493150684,0.0,0.0
292,2.6549886220936387,199.0,0.6791808873720137,0.0,0.0
293,2.208891371728806,199.0,0.6768707482993197,0.0,0.0
294,2.779865417486093,199.0,0.6745762711864407,0.0,0.0
295,2.0636315993946313,199.0,0.6722972972972973,0.0,0.0
296,1.3544649574366376,199.0,0.67003367003367,0.0,0.0
297,3.1100653261235145,199.0,0.6677852348993288,0.0,0.0
298,3.398425176014504,199.0,0.6655518394648829,0.0,0.0
299,3.661333144474587,199.0,0.6633333333333333,0.0,0.0
300,1.914642484344996,199.0,0.6611295681063123,0.0,0.0
301,2.4601459839824447,199.0,0.6589403973509934,0.0,0.0
302,1.9902029604362217,199.0,0.6567656765676567,0.0,0.0
303,1.3825641927273706,199.0,0.6546052631578947,0.0,0.0
304,2.1488568669173276,199.0,0.6524590163934426,0.0,0.0
305,2.837136254008335,199.0,0.6503267973856209,0.0,0.0
306,1.113525730678976,199.0,0.6482084690553745,0.0,0.0
307,1.430411810813987,199.0,0.6461038961038961,0.0,0.0
308,1.782101518116607,199.0,0.6440129449838188,0.0,0.0
309,2.198755540276208,199.0,0.6419354838709678,0.0,0.0
310,0.4306023974559518,199.0,0.639871382636656,0.0,0.0
311,0.5454989830581289,199.0,0.6378205128205128,0.0,0.0
312,1.3926667891716404,199.0,0.6357827476038339,0.0,0.0
313,0.1583010136468937,199.0,0.6337579617834395,0.0,0.0
314,1.822575146045452,199.0,0.6317460317460317,0.0,0.0
315,1.132060773771939,199.0,0.629746835443038,0.0,0.0
316,0.2557043422779788,199.0,0.6277602523659306,0.0,0.0
317,-1.3281476776300687,199.0,0.6257861635220126,0.0,0.0
318,-0.6779892973125021,199.0,0.6238244514106583,0.0,0.0
319,-1.0626854699483288,199.0,0.621875,0.0,0.0
320,-0.0087095910580556,199.0,0.6199376947040498,0.0,0.0
321,1.56329693790729,199.0,0.6180124223602484,0.0,0.0
322,0.8556142946012394,199.0,0.6160990712074303,0.0,0.0
323,1.078742210794028,199.0,0.6141975308641975,0.0,0.0
324,1.300209081647804,199.0,0.6123076923076923,0.0,0.0
325,2.4508910877699543,199.0,0.6104294478527608,0.0,0.0
326,1.831771952128591,199.0,0.6085626911314985,0.0,0.0
327,3.309943198404169,199.0,0.6067073170731707,0.0,0.0
328,1.5998147796086692,199.0,0.6048632218844985,0.0,0.0
329,1.6728105051334947,199.0,0.603030303030303,0.0,0.0
330,0.6136158344004135,199.0,0.6012084592145015,0.0,0.0
331,1.2646588533458436,199.0,0.5993975903614458,0.0,0.0
332,2.3910907242880306,199.0,0.5975975975975976,0.0,0.0
333,3.217929418728311,199.0,0.5958083832335329,0.0,0.0
334,3.0966895572293356,199.0,0.5940298507462687,0.0,0.0
335,3.230192888892774,199.0,0.5922619047619048,0.0,0.0
336,1.401332161252745,199.0,0.5905044510385756,0.0,0.0
337,0.9712430842618056,199.0,0.5887573964497042,0.0,0.0
338,1.9981658820599528,199.0,0.5870206489675516,0.0,0.0
339,1.6879312557522963,199.0,0.5852941176470589,0.0,0.0
340,0.6170474067973034,199.0,0.5835777126099707,0.0,0.0
341,-1.2318379389367968,199.0,0.5818713450292398,0.0,0.0
342,-0.4466982708161248,199.0,0.5801749271137027,0.0,0.0
343,-1.0240951404361471,199.0,0.5784883720930233,0.0,0.0
344,-0.5046405952792266,199.0,0.5768115942028985,0.0,0.0
345,2.2333670029631705,199.0,0.5751445086705202,0.0,0.0
346,3.4891047481647783,199.0,0.5734870317002881,0.0,0.0
347,2.6234920111488087,199.0,0.5718390804597702,0.0,0.0
348,3.564877013338079,199.0,0.5702005730659025,0.0,0.0
349,2.673820985927053,199.0,0.5685714285714286,0.0,0.0
350,3.379425371404764,199.0,0.5669515669515669,0.0,0.0
351,2.2622901600675625,199.0,0.5653409090909091,0.0,0.0
352,2.805400259427733,199.0,0.5637393767705382,0.0,0.0
353,2.3020624088818744,199.0,0.5621468926553672,0.0,0.0
354,2.2031281651722665,199.0,0.5605633802816902,0.0,0.0
355,2.681765369827507,199.0,0.5589887640449438,0.0,0.0
356,0.2777954555797945,199.0,0.5574229691876751,0.0,0.0
357,3.517435781298886,199.0,0.5558659217877095,0.0,0.0
358,2.1634823439515367,199.0,0.5543175487465181,0.0,0.0
359,3.858274567863992,199.0,0.5527777777777778,0.0,0.0
360,4.4078974431358295,199.0,0.5512465373961218,0.0,0.0
361,4.306821685119076,199.0,0.5497237569060773,0.0,0.0
362,3.0471569896740114,199.0,0.5482093663911846,0.0,0.0
363,3.2099064101102304,199.0,0.5467032967032966,0.0,0.0
364,3.5306907925974413,199.0,0.5452054794520548,0.0,0.0
365,3.7167757191152138,199.0,0.5437158469945356,0.0,0.0
366,3.028064033951966,199.0,0.5422343324250681,0.0,0.0
367,4.8603969778282154,199.0,0.5407608695652174,0.0,0.0
368,4.764905578215624,199.0,0.5392953929539296,0.0,0.0
369,4.638321062215439,199.0,0.5378378378378378,0.0,0.0
370,3.1213344823866205,199.0,0.5363881401617251,0.0,0.0
371,4.211445834833087,199.0,0.5349462365591398,0.0,0.0
372,5.298767827462596,199.0,0.5335120643431636,0.0,0.0
373,4.336146127980409,199.0,0.5320855614973262,0.0,0.0
374,2.3580709375659383,199.0,0.5306666666666666,0.0,0.0
375,3.4870643522688214,199.0,0.5292553191489362,0.0,0.0
376,2.6688750577650957,199.0,0.5278514588859416,0.0,0.0
377,1.579367198948186,199.0,0.5264550264550265,0.0,0.0
378,3.7886464136673017,199.0,0.525065963060686,0.0,0.0
379,2.960716819519472,199.0,0.5236842105263158,0.0,0.0
380,1.6529781649624495,199.0,0.5223097112860893,0.0,0.0
381,0.5330463273110744,199.0,0.5209424083769634,0.0,0.0
382,0.5222335062185408,199.0,0.5195822454308094,0.0,0.0
383,2.3528187800776585,199.0,0.5182291666666666,0.0,0.0
384,0.9055447255799828,141.0,0.36623376623376624,0.0,0.0
385,0.2663089161401476,199.0,0.5155440414507773,0.0,0.0
386,0.8852550177361838,199.0,0.5142118863049095,0.0,0.0
387,0.1349651481833865,199.0,0.5128865979381443,0.0,0.0
388,1.8578336115767125,199.0,0.5115681233933161,0.0,0.0
389,1.4870211227523324,199.0,0.5102564102564102,0.0,0.0
390,0.7307555750188025,199.0,0.5089514066496164,0.0,0.0
391,0.6128025239248752,199.0,0.5076530612244898,0.0,0.0
392,0.0416405536963292,199.0,0.5063613231552163,0.0,0.0
393,1.3707646115828371,199.0,0.5050761421319797,0.0,0.0
394,1.1581866573444497,199.0,0.5037974683544304,0.0,0.0
395,0.2400228826089151,199.0,0.5025252525252525,0.0,0.0
396,0.7554804910824053,199.0,0.5012594458438288,0.0,0.0
397,0.1488052520283308,199.0,0.5,0.0,0.0
398,-0.3911356874537278,282.0,0.706766917293233,0.0,0.0
399,-2.2913214755522597,282.0,0.705,0.0,0.0
400,-2.891053581123768,282.0,0.7032418952618454,0.0,0.0
401,-2.7582835003970274,282.0,0.7014925373134329,0.0,0.0
402,-2.854741613592906,282.0,0.6997518610421837,0.0,0.0
403,-1.3438805519401715,282.0,0.698019801980198,0.0,0.0
404,-0.6985173545681684,282.0,0.6962962962962963,0.0,0.0
405,-0.8531931429251531,282.0,0.6945812807881774,0.0,0.0
406,0.4434194626556369,282.0,0.6928746928746928,0.0,0.0
407,0.5855944597995432,282.0,0.6911764705882353,0.0,0.0
408,0.2830079555857503,282.0,0.6894865525672371,0.0,0.0
409,1.2533491885176522,282.0,0.6878048780487804,0.0,0.0
410,1.4165554188240568,282.0,0.6861313868613139,0.0,0.0
411,1.980368746770228,282.0,0.6844660194174758,0.0,0.0
412,0.9208892845400196,282.0,0.6828087167070218,0.0,0.0
413,1.7239949912213317,282.0,0.6811594202898551,0.0,0.0
414,3.741380088000901,282.0,0.6795180722891566,0.0,0.0
415,3.6821294760625816,282.0,0.6778846153846154,0.0,0.0
416,2.250218186686334,282.0,0.6762589928057554,0.0,0.0
417,5.230979894939771,282.0,0.6746411483253588,0.0,0.0
418,4.985515453923965,141.0,0.33651551312649164,0.0,0.0
419,5.290996097790452,141.0,0.3357142857142857,0.0,0.0
420,3.592393487274607,282.0,0.669833729216152,0.0,0.0
421,4.97097498397326,282.0,0.6682464454976303,0.0,0.0
422,4.594756580611946,282.0,0.6666666666666666,0.0,0.0
423,2.910919591049485,282.0,0.6650943396226415,0.0,0.0
424,2.871668647538931,282.0,0.6635294117647059,0.0,0.0
425,3.14426726274299,282.0,0.6619718309859155,0.0,0.0
426,4.119632734786462,282.0,0.6604215456674473,0.0,0.0
427,4.58959020172888,282.0,0.6588785046728972,0.0,0.0
428,3.452754054624695,282.0,0.6573426573426573,0.0,0.0
429,3.886208041019123,282.0,0.6558139534883721,0.0,0.0
430,3.9770722224813255,282.0,0.654292343387471,0.0,0.0
431,4.101494965953111,282.0,0.6527777777777778,0.0,0.0
432,2.5435177586356517,282.0,0.651270207852194,0.0,0.0
433,3.283058448694405,282.0,0.6497695852534562,0.0,0.0
434,2.2741685411144306,282.0,0.6482758620689655,0.0,0.0
435,1.9855723969638823,282.0,0.6467889908256881,0.0,0.0
436,1.9022198064659863,282.0,0.6453089244851259,0.0,0.0
437,1.3341093338621586,282.0,0.6438356164383562,0.0,0.0
438,1.2229284957163875,282.0,0.642369020501139,0.0,0.0
439,1.12561118302903,282.0,0.6409090909090909,0.0,0.0
440,-0.8705579554731502,282.0,0.6394557823129252,0.0,0.0
441,-1.22859087849556,282.0,0.6380090497737556,0.0,0.0
442,-0.5454923481896594,282.0,0.636568848758465,0.0,0.0
443,0.5854612631876219,282.0,0.6351351351351351,0.0,0.0
444,1.9433542905583552,282.0,0.6337078651685393,0.0,0.0
445,1.748164563844296,282.0,0.6322869955156951,0.0,0.0
446,2.2836514287673557,282.0,0.6308724832214765,0.0,0.0
447,1.4112289909482865,282.0,0.6294642857142857,0.0,0.0
448,1.2328766638940738,282.0,0.6280623608017817,0.0,0.0
449,2.544802117155548,282.0,0.6266666666666667,0.0,0.0
450,1.6544307317764535,282.0,0.6252771618625277,0.0,0.0
451,1.0693631598771898,282.0,0.6238938053097345,0.0,0.0
452,2.3476059975576096,282.0,0.6225165562913907,0.0,0.0
453,0.8743381049110297,282.0,0.6211453744493393,0.0,0.0
454,0.4859080990840746,282.0,0.6197802197802198,0.0,0.0
455,0.199156365459979,282.0,0.618421052631579,0.0,0.0
456,1.7245432887273249,282.0,0.6170678336980306,0.0,0.0
457,0.1122319982355195,282.0,0.6157205240174672,0.0,0.0
458,-0.9442374371658968,282.0,0.6143790849673203,0.0,0.0
459,-0.6712734951542011,282.0,0.6130434782608696,0.0,0.0
460,0.3160655879479844,282.0,0.6117136659436009,0.0,0.0
461,0.511681570417712,282.0,0.6103896103896104,0.0,0.0
462,1.6461926595757468,282.0,0.6090712742980562,0.0,0.0
463,1.6169052994083,282.0,0.6077586206896551,0.0,0.0
464,0.960091809790076,282.0,0.6064516129032258,0.0,0.0
465,0.9041043155647832,282.0,0.6051502145922747,0.0,0.0
466,2.480514212656709,282.0,0.6038543897216274,0.0,0.0
467,-0.4791021659062853,282.0,0.6025641025641025,0.0,0.0
468,-1.2323640933887736,282.0,0.6012793176972282,0.0,0.0
469,-0.3384953327484784,282.0,0.6,0.0,0.0
470,-0.0568803229540818,282.0,0.5987261146496815,0.0,0.0
471,-0.3764098205164924,282.0,0.597457627118644,0.0,0.0
472,1.2750943104777643,282.0,0.5961945031712473,0.0,0.0
473,-0.3373007170564933,282.0,0.5949367088607594,0.0,0.0
474,1.0538671568577185,282.0,0.5936842105263158,0.0,0.0
475,0.7047736072201878,282.0,0.592436974789916,0.0,0.0
476,1.253454350527115,282.0,0.5911949685534591,0.0,0.0
477,2.0724628249068564,282.0,0.5899581589958159,0.0,0.0
478,1.1863662146237577,282.0,0.5887265135699373,0.0,0.0
479,2.082115377275245,282.0,0.5875,0.0,0.0
480,1.3665321587537989,282.0,0.5862785862785863,0.0,0.0
481,0.0866865896846516,282.0,0.5850622406639004,0.0,0.0
482,0.5713149644190969,282.0,0.5838509316770186,0.0,0.0
483,0.2973249518077737,282.0,0.5826446280991735,0.0,0.0
484,2.6995444088887295,282.0,0.5814432989690722,0.0,0.0
485,2.3724460833720853,282.0,0.5802469135802469,0.0,0.0
486,2.1209373572022585,282.0,0.5790554414784395,0.0,0.0
487,1.393832100834755,282.0,0.5778688524590164,0.0,0.0
488,0.149782881746378,282.0,0.5766871165644172,0.0,0.0
489,-0.3660923052809944,282.0,0.5755102040816327,0.0,0.0
490,-1.1801892436090238,282.0,0.5743380855397149,0.0,0.0
491,0.845345430147363,282.0,0.573170731707317,0.0,0.0
492,-0.2630629517033183,282.0,0.5720081135902637,0.0,0.0
493,-1.23454619049255,282.0,0.5708502024291497,0.0,0.0
494,-0.0875022228704099,282.0,0.5696969696969697,0.0,0.0
495,1.2373970319844547,282.0,0.5685483870967742,0.0,0.0
496,3.261980177944079,282.0,0.5674044265593562,0.0,0.0
497,1.7176463261530337,282.0,0.5662650602409639,0.0,0.0
498,2.688517373317896,282.0,0.5651302605210421,0.0,0.0
499,3.3181049805710705,282.0,0.564,0.0,0.0
500,2.4451574377936067,282.0,0.562874251497006,0.0,0.0
501,2.5319340888557735,282.0,0.5617529880478087,0.0,0.0
502,1.7037958377443143,282.0,0.5606361829025845,0.0,0.0
503,2.5070871181051446,282.0,0.5595238095238095,0.0,0.0
504,1.7488131118305934,282.0,0.5584158415841585,0.0,0.0
505,0.8026922801662457,282.0,0.5573122529644269,0.0,0.0
506,1.5813869475627833,282.0,0.5562130177514792,0.0,0.0
507,0.9765099713858484,282.0,0.5551181102362205,0.0,0.0
508,1.014268701512452,282.0,0.5540275049115914,0.0,0.0
509,-0.5413618615716117,282.0,0.5529411764705883,0.0,0.0
510,0.9123790986002068,282.0,0.5518590998043053,0.0,0.0
511,-0.0248509210148577,282.0,0.55078125,0.0,0.0
512,2.265343936622162,282.0,0.5497076023391813,0.0,0.0
513,0.7786790235855237,282.0,0.5486381322957199,0.0,0.0
514,2.9037308944112787,282.0,0.5475728155339806,0.0,0.0
515,0.2183841033137282,282.0,0.5465116279069767,0.0,0.0
516,2.4402825873627747,282.0,0.5454545454545454,0.0,0.0
517,2.282699621839015,282.0,0.5444015444015444,0.0,0.0
518,1.739041220057688,282.0,0.5433526011560693,0.0,0.0
519,1.718044540899771,282.0,0.5423076923076923,0.0,0.0
520,1.4146868645293864,282.0,0.5412667946257198,0.0,0.0
521,1.018569388982447,282.0,0.5402298850574713,0.0,0.0
522,-0.0481529689939261,282.0,0.5391969407265774,0.0,0.0
523,1.3795470468442432,282.0,0.5381679389312977,0.0,0.0
524,1.0131221606160583,282.0,0.5371428571428571,0.0,0.0
525,-0.7952009746142044,282.0,0.5361216730038023,0.0,0.0
526,0.2895724595112011,282.0,0.5351043643263758,0.0,0.0
527,0.2791280357335562,282.0,0.5340909090909091,0.0,0.0
528,1.6605880494341017,282.0,0.5330812854442344,0.0,0.0
529,0.979499614474625,282.0,0.5320754716981132,0.0,0.0
530,0.6912848022761295,282.0,0.5310734463276836,0.0,0.0
531,-0.2866646710313134,282.0,0.5300751879699248,0.0,0.0
532,2.141958970328061,282.0,0.5290806754221389,0.0,0.0
533,0.7836504137374298,282.0,0.5280898876404494,0.0,0.0
534,2.299258274517327,282.0,0.5271028037383177,0.0,0.0
535,1.620722860196738,282.0,0.5261194029850746,0.0,0.0
536,2.3049176848253587,282.0,0.5251396648044693,0.0,0.0
537,2.4031544636802074,282.0,0.5241635687732342,0.0,0.0
538,2.637152528848945,282.0,0.5231910946196661,0.0,0.0
539,2.9743394456024177,282.0,0.5222222222222223,0.0,0.0
540,1.088860662382136,282.0,0.5212569316081331,0.0,0.0
541,0.0091822410949253,282.0,0.5202952029520295,0.0,0.0
542,1.054959890501022,282.0,0.5193370165745856,0.0,0.0
543,1.719120320593599,282.0,0.5183823529411765,0.0,0.0
544,0.145196683633214,282.0,0.5174311926605505,0.0,0.0
545,2.51060848702246,282.0,0.5164835164835165,0.0,0.0
546,1.2057205729738825,282.0,0.5155393053016454,0.0,0.0
547,2.6748330544064345,282.0,0.5145985401459854,0.0,0.0
548,2.7010044249220195,282.0,0.5136612021857924,0.0,0.0
549,3.4763634697815813,282.0,0.5127272727272727,0.0,0.0
550,1.2658430274101948,282.0,0.5117967332123412,0.0,0.0
551,3.2908991751325707,282.0,0.5108695652173914,0.0,0.0
552,2.7020999419751677,282.0,0.5099457504520796,0.0,0.0
553,3.711894649924655,282.0,0.5090252707581228,0.0,0.0
554,2.9447094250334622,282.0,0.5081081081081081,0.0,0.0
555,3.0814688000216957,282.0,0.5071942446043165,0.0,0.0
556,1.3886499736027431,282.0,0.5062836624775583,0.0,0.0
557,2.5409675993269607,282.0,0.5053763440860215,0.0,0.0
558,1.223085950160101,282.0,0.5044722719141324,0.0,0.0
559,2.7082682935429276,282.0,0.5035714285714286,0.0,0.0
560,2.0558244507356185,282.0,0.5026737967914439,0.0,0.0
561,1.5048683029839085,282.0,0.501779359430605,0.0,0.0
562,2.436877866603585,282.0,0.5008880994671403,0.0,0.0
563,0.3852277897347977,282.0,0.5,0.0,0.0
564,0.628683868838432,399.0,0.7061946902654868,0.0,0.0
565,0.4288832927423582,399.0,0.7049469964664311,0.0,0.0
566,1.6559780989684978,399.0,0.7037037037037037,0.0,0.0
567,1.1080774285986537,399.0,0.7024647887323944,0.0,0.0
568,2.6230209905826984,399.0,0.7012302284710018,0.0,0.0
569,2.8566199642576335,399.0,0.7,0.0,0.0
570,1.7408635317479164,399.0,0.6987740805604203,0.0,0.0
571,3.0073502707582405,399.0,0.6975524475524476,0.0,0.0
572,2.429119816441745,399.0,0.6963350785340314,0.0,0.0
573,3.0494002534316818,399.0,0.6951219512195121,0.0,0.0
574,2.6150502557471267,399.0,0.6939130434782609,0.0,0.0
575,3.248152799511615,399.0,0.6927083333333334,0.0,0.0
576,1.8369271147651016,399.0,0.6915077989601387,0.0,0.0
577,1.6597578112451712,399.0,0.6903114186851211,0.0,0.0
578,-1.5628146751446494,399.0,0.689119170984456,0.0,0.0
579,-0.158740583195861,399.0,0.6879310344827586,0.0,0.0
580,-1.6941442715071946,399.0,0.6867469879518072,0.0,0.0
581,-0.8404983873854598,399.0,0.6855670103092784,0.0,0.0
582,-2.5087389378923852,399.0,0.6843910806174958,0.0,0.0
583,-1.0064525493542482,399.0,0.6832191780821918,0.0,0.0
584,-1.8725405272682385,399.0,0.6820512820512821,0.0,0.0
585,-0.6551281029511306,399.0,0.6808873720136519,0.0,0.0
586,-1.4792886952208966,399.0,0.6797274275979557,0.0,0.0
587,-0.2495482112438082,399.0,0.6785714285714286,0.0,0.0
588,-0.1169217724799318,399.0,0.6774193548387096,0.0,0.0
589,-0.1084413716922502,399.0,0.676271186440678,0.0,0.0
590,-0.7592788588360511,399.0,0.6751269035532995,0.0,0.0
591,-1.928072711290088,399.0,0.6739864864864865,0.0,0.0
592,-0.7230732855918003,399.0,0.6728499156829679,0.0,0.0
593,-2.108959989136965,399.0,0.6717171717171717,0.0,0.0
594,-0.3879845824248232,399.0,0.6705882352941176,0.0,0.0
595,-0.2583106125898846,399.0,0.6694630872483222,0.0,0.0
596,1.3795865560763712,399.0,0.6683417085427136,0.0,0.0
597,0.0834117165826052,399.0,0.6672240802675585,0.0,0.0
598,0.6593856359889344,399.0,0.666110183639399,0.0,0.0
599,-0.1368645408664595,399.0,0.665,0.0,0.0
600,0.2593067498942864,399.0,0.6638935108153078,0.0,0.0
601,-0.4338885732955214,399.0,0.6627906976744186,0.0,0.0
602,0.3592258571604305,399.0,0.6616915422885572,0.0,0.0
603,0.44937444750866,399.0,0.6605960264900662,0.0,0.0
604,1.2979327534279044,399.0,0.6595041322314049,0.0,0.0
605,0.5548642723083058,399.0,0.6584158415841584,0.0,0.0
606,-0.1104844221535318,399.0,0.657331136738056,0.0,0.0
607,-1.2974214251831713,399.0,0.65625,0.0,0.0
608,-1.7425284625024176,399.0,0.6551724137931034,0.0,0.0
609,-0.1126699842453815,399.0,0.6540983606557377,0.0,0.0
610,-2.9987082092687807,399.0,0.6530278232405892,0.0,0.0
611,0.5546761004792489,399.0,0.6519607843137255,0.0,0.0
612,-0.4997333869217497,399.0,0.6508972267536705,0.0,0.0
613,0.8316537968424448,399.0,0.6498371335504886,0.0,0.0
614,-0.2506363866680796,399.0,0.6487804878048781,0.0,0.0
615,-1.199338896575255,399.0,0.6477272727272727,0.0,0.0
616,-1.0410994281566543,399.0,0.646677471636953,0.0,0.0
617,0.8858386518357638,399.0,0.6456310679611651,0.0,0.0
618,-0.1493466627545223,399.0,0.6445880452342488,0.0,0.0
619,-0.3364648070692527,399.0,0.6435483870967742,0.0,0.0
620,-1.3470605922369976,399.0,0.642512077294686,0.0,0.0
621,-0.7589096282510723,399.0,0.6414790996784566,0.0,0.0
622,0.0216730607179007,399.0,0.6404494382022472,0.0,0.0
623,-1.3744672151618058,399.0,0.6394230769230769,0.0,0.0
624,-0.5618310100475667,399.0,0.6384,0.0,0.0
625,-1.128651933612298,399.0,0.6373801916932907,0.0,0.0
626,0.1311921916921548,399.0,0.6363636363636364,0.0,0.0
627,-2.7373402065292596,399.0,0.6353503184713376,0.0,0.0
628,0.7904920540743539,399.0,0.6343402225755167,0.0,0.0
629,-1.1806898665707215,399.0,0.6333333333333333,0.0,0.0
630,0.9972234897612172,399.0,0.6323296354992076,0.0,0.0
631,-1.333183531994468,399.0,0.6313291139240507,0.0,0.0
632,0.9696541513208772,399.0,0.6303317535545023,0.0,0.0
633,-0.9435855639418832,399.0,0.6293375394321766,0.0,0.0
634,0.001323590660448,399.0,0.6283464566929133,0.0,0.0
635,-0.1164690937128613,399.0,0.6273584905660378,0.0,0.0
636,0.6515916259324372,399.0,0.6263736263736264,0.0,0.0
637,1.460511263961744,399.0,0.6253918495297806,0.0,0.0
638,0.9323765666589636,399.0,0.6244131455399061,0.0,0.0
639,1.023184779012165,399.0,0.6234375,0.0,0.0
640,-0.2376008609957802,399.0,0.6224648985959438,0.0,0.0
641,0.5415115259351475,399.0,0.6214953271028038,0.0,0.0
642,1.681095694263829,399.0,0.6205287713841369,0.0,0.0
643,0.379845633469662,399.0,0.6195652173913043,0.0,0.0
644,0.6880423954478689,399.0,0.6186046511627907,0.0,0.0
645,2.177714908488934,399.0,0.6176470588235294,0.0,0.0
646,0.2975878212616302,399.0,0.616692426584235,0.0,0.0
647,-0.9952209135437547,399.0,0.6157407407407407,0.0,0.0
648,1.5551835019773674,399.0,0.6147919876733436,0.0,0.0
649,0.5577214628812137,399.0,0.6138461538461538,0.0,0.0
650,0.5456385360231973,399.0,0.6129032258064516,0.0,0.0
651,1.2008589500114852,399.0,0.6119631901840491,0.0,0.0
652,0.8080785107649413,399.0,0.6110260336906586,0.0,0.0
653,1.4297130565551777,399.0,0.6100917431192661,0.0,0.0
654,1.6224252146515663,399.0,0.6091603053435114,0.0,0.0
655,2.3006812871308195,399.0,0.6082317073170732,0.0,0.0
656,0.7253827910996775,399.0,0.6073059360730594,0.0,0.0
657,1.5066503188227445,399.0,0.6063829787234043,0.0,0.0
658,3.2914141470907667,399.0,0.6054628224582701,0.0,0.0
659,0.6983909130935974,399.0,0.6045454545454545,0.0,0.0
660,2.5060765343814895,399.0,0.6036308623298033,0.0,0.0
661,0.3351681423702414,399.0,0.6027190332326284,0.0,0.0
662,2.2857033501890216,399.0,0.6018099547511312,0.0,0.0
663,-0.0917301947199626,399.0,0.6009036144578314,0.0,0.0
664,1.3736363397511218,399.0,0.6,0.0,0.0
665,0.4203448175624872,399.0,0.5990990990990991,0.0,0.0
666,1.386519162817087,399.0,0.5982008995502249,0.0,0.0
667,0.231607239565828,399.0,0.5973053892215568,0.0,0.0
668,1.446085020410831,399.0,0.5964125560538116,0.0,0.0
669,1.1259100190161224,399.0,0.5955223880597015,0.0,0.0
670,0.9711791105745924,399.0,0.5946348733233979,0.0,0.0
671,1.1747880643096644,399.0,0.59375,0.0,0.0
672,-0.1499593689520987,399.0,0.5928677563150074,0.0,0.0
673,0.6145300351360383,399.0,0.5919881305637982,0.0,0.0
674,-0.0048392919255048,399.0,0.5911111111111111,0.0,0.0
675,0.1326796158497361,399.0,0.5902366863905325,0.0,0.0
676,1.9037003764075873,399.0,0.5893648449039882,0.0,0.0
677,-0.0954578455302307,399.0,0.588495575221239,0.0,0.0
678,1.6128479028360094,399.0,0.5876288659793815,0.0,0.0
679,0.4771697668432251,399.0,0.586764705882353,0.0,0.0
680,0.4371182985300326,399.0,0.5859030837004405,0.0,0.0
681,-0.2364067163794103,399.0,0.5850439882697948,0.0,0.0
682,-0.0478660768974036,399.0,0.5841874084919473,0.0,0.0
683,0.9620390061398446,399.0,0.5833333333333334,0.0,0.0
684,0.3661556303509931,399.0,0.5824817518248175,0.0,0.0
685,1.3157639883078858,399.0,0.5816326530612245,0.0,0.0
686,1.958223834559468,399.0,0.5807860262008734,0.0,0.0
687,1.0838401886602158,399.0,0.5799418604651163,0.0,0.0
688,-1.1354306907980147,399.0,0.579100145137881,0.0,0.0
689,1.707177764265687,399.0,0.5782608695652174,0.0,0.0
690,-1.3136278813902431,399.0,0.5774240231548481,0.0,0.0
691,0.3759723669415643,399.0,0.5765895953757225,0.0,0.0
692,-0.3999211715535147,399.0,0.5757575757575758,0.0,0.0
693,0.989984389749898,399.0,0.5749279538904899,0.0,0.0
694,1.5184807651802608,399.0,0.5741007194244604,0.0,0.0
695,0.8828653712533008,399.0,0.5732758620689655,0.0,0.0
696,3.1229560036966566,399.0,0.5724533715925395,0.0,0.0
697,-0.156786018587143,399.0,0.5716332378223495,0.0,0.0
698,4.222268508414284,399.0,0.5708154506437768,0.0,0.0
699,1.5304759299127928,399.0,0.57,0.0,0.0
700,4.052349433013093,399.0,0.5691868758915835,0.0,0.0
701,2.746043695448863,399.0,0.5683760683760684,0.0,0.0
702,2.6279881511486276,399.0,0.5675675675675675,0.0,0.0
703,2.456772837657845,399.0,0.5667613636363636,0.0,0.0
704,1.912620997576947,399.0,0.5659574468085107,0.0,0.0
705,1.6023692668342426,399.0,0.5651558073654391,0.0,0.0
706,2.774602148976545,399.0,0.5643564356435643,0.0,0.0
707,1.3414405530634768,399.0,0.5635593220338984,0.0,0.0
708,3.197253058425231,399.0,0.5627644569816643,0.0,0.0
709,1.8914103812037473,399.0,0.5619718309859155,0.0,0.0
710,1.0255828941726142,399.0,0.5611814345991561,0.0,0.0
711,2.617056987820697,399.0,0.5603932584269663,0.0,0.0
712,2.9230112310513787,399.0,0.5596072931276297,0.0,0.0
713,3.036059006210181,399.0,0.5588235294117647,0.0,0.0
714,2.9279531050499275,399.0,0.558041958041958,0.0,0.0
715,2.9703529833874676,399.0,0.5572625698324022,0.0,0.0
716,2.1144568551642067,399.0,0.5564853556485355,0.0,0.0
717,3.4644805920671637,399.0,0.5557103064066853,0.0,0.0
718,2.0130131012973584,399.0,0.5549374130737135,0.0,0.0
719,3.475157042516795,399.0,0.5541666666666667,0.0,0.0
720,1.2101250345460033,399.0,0.5533980582524272,0.0,0.0
721,1.7680543156630506,399.0,0.5526315789473685,0.0,0.0
722,2.222540377201633,399.0,0.5518672199170125,0.0,0.0
723,1.215089304329203,399.0,0.5511049723756906,0.0,0.0
724,1.5529771576584808,399.0,0.5503448275862068,0.0,0.0
725,2.9260470392082567,399.0,0.5495867768595041,0.0,0.0
726,3.7292762372193486,399.0,0.5488308115543329,0.0,0.0
727,2.9224904176182123,399.0,0.5480769230769231,0.0,0.0
728,1.4438966416195242,399.0,0.5473251028806584,0.0,0.0
729,1.8046472853288376,399.0,0.5465753424657535,0.0,0.0
730,0.8136896010023628,399.0,0.5458276333789329,0.0,0.0
731,0.8728207882470409,399.0,0.5450819672131147,0.0,0.0
732,0.2636851270955455,399.0,0.5443383356070941,0.0,0.0
733,0.7297802952786557,399.0,0.5435967302452316,0.0,0.0
734,-0.7093560284896039,399.0,0.5428571428571428,0.0,0.0
735,-0.1372678026218987,399.0,0.5421195652173914,0.0,0.0
736,0.1330687310669867,399.0,0.5413839891451832,0.0,0.0
737,0.324545778329353,399.0,0.540650406504065,0.0,0.0
738,0.0571952749664348,399.0,0.5399188092016238,0.0,0.0
739,1.0240112129199463,399.0,0.5391891891891892,0.0,0.0
740,-0.6054531645155152,399.0,0.5384615384615384,0.0,0.0
741,2.1337073673290963,399.0,0.5377358490566038,0.0,0.0
742,-0.4791728854636515,399.0,0.5370121130551817,0.0,0.0
743,1.0828391380761988,399.0,0.5362903225806451,0.0,0.0
744,1.1304363712624077,399.0,0.5355704697986577,0.0,0.0
745,1.3502342634730171,399.0,0.5348525469168901,0.0,0.0
746,0.3553702721451566,399.0,0.5341365461847389,0.0,0.0
747,-0.2161848571661684,399.0,0.5334224598930482,0.0,0.0
748,0.2364189442057985,399.0,0.5327102803738317,0.0,0.0
749,0.5477240936251478,399.0,0.532,0.0,0.0
750,0.5136146550548512,399.0,0.5312916111850865,0.0,0.0
751,-0.2610715110911543,399.0,0.5305851063829787,0.0,0.0
752,-0.5545488626946113,399.0,0.5298804780876494,0.0,0.0
753,-0.6673440507390445,399.0,0.5291777188328912,0.0,0.0
754,-0.4509380717341426,399.0,0.528476821192053,0.0,0.0
755,-1.7344634559124217,399.0,0.5277777777777778,0.0,0.0
756,0.3325993780952267,399.0,0.5270805812417437,0.0,0.0
757,-1.0687862140246978,399.0,0.5263852242744064,0.0,0.0
758,-0.8477974034915985,399.0,0.525691699604743,0.0,0.0
759,-0.8004960170536157,399.0,0.525,0.0,0.0
760,-0.967023200450828,399.0,0.5243101182654402,0.0,0.0
761,-0.9759597389035718,399.0,0.5236220472440944,0.0,0.0
762,-1.8945207296844404,399.0,0.5229357798165137,0.0,0.0
763,-1.8250226302967796,399.0,0.5222513089005235,0.0,0.0
764,-1.7504209797848913,399.0,0.5215686274509804,0.0,0.0
765,-3.5832821465943985,399.0,0.52088772845953,0.0,0.0
766,-3.931316835064478,399.0,0.5202086049543677,0.0,0.0
767,-3.288678789277192,399.0,0.51953125,0.0,0.0
768,-3.445285508503407,399.0,0.5188556566970091,0.0,0.0
769,-4.280246772936999,399.0,0.5181818181818182,0.0,0.0
770,-3.1459489005962085,399.0,0.5175097276264592,0.0,0.0
771,-5.80580273064826,399.0,0.5168393782383419,0.0,0.0
772,-2.769305695981459,399.0,0.5161707632600259,0.0,0.0
773,-3.638108128587332,399.0,0.5155038759689923,0.0,0.0
774,-4.160271391421341,399.0,0.5148387096774194,0.0,0.0
775,-2.951699370306983,399.0,0.5141752577319587,0.0,0.0
776,-2.448918203459667,399.0,0.5135135135135135,0.0,0.0
777,-3.0523448928705337,399.0,0.512853470437018,0.0,0.0
778,-2.6394396309929165,399.0,0.5121951219512195,0.0,0.0
779,-1.708947576644141,399.0,0.5115384615384615,0.0,0.0
780,-2.46690421492246,399.0,0.5108834827144686,0.0,0.0
781,-1.070276017983378,399.0,0.510230179028133,0.0,0.0
782,-1.684776814277569,399.0,0.5095785440613027,0.0,0.0
783,-2.1993042185119163,399.0,0.5089285714285714,0.0,0.0
784,-0.6903140630474038,399.0,0.5082802547770701,0.0,0.0
785,-1.394990041180784,399.0,0.5076335877862596,0.0,0.0
786,-0.6398038376531223,399.0,0.5069885641677255,0.0,0.0
787,-0.0117267978072677,399.0,0.5063451776649747,0.0,0.0
788,-1.8650769026741123,399.0,0.5057034220532319,0.0,0.0
789,-0.909624543541056,399.0,0.5050632911392405,0.0,0.0
790,-0.4596105422764508,399.0,0.504424778761062,0.0,0.0
791,0.0601208135020734,399.0,0.5037878787878788,0.0,0.0
792,-0.0815267861769151,399.0,0.5031525851197982,0.0,0.0
793,-0.8429894261109525,399.0,0.5025188916876574,0.0,0.0
794,-0.3480738936771959,399.0,0.5018867924528302,0.0,0.0
795,-2.165030191580867,399.0,0.5012562814070352,0.0,0.0
796,-0.8474867948416606,399.0,0.5006273525721455,0.0,0.0
797,-2.2348070249189433,399.0,0.5,0.0,0.0
798,0.3682880758808033,565.0,0.7071339173967459,0.0,0.0
799,-2.8748683937748,565.0,0.70625,0.0,0.0
800,-1.1143819228529237,565.0,0.7053682896379525,0.0,0.0
801,-1.969098869484211,565.0,0.7044887780548629,0.0,0.0
802,-0.8149018467556209,565.0,0.7036114570361146,0.0,0.0
803,0.27919036070731,565.0,0.7027363184079602,0.0,0.0
804,-0.3836144943494547,565.0,0.7018633540372671,0.0,0.0
805,0.2890630497891872,565.0,0.7009925558312655,0.0,0.0
806,-1.8526987824676813,565.0,0.7001239157372986,0.0,0.0
807,-1.1257996384601492,565.0,0.6992574257425742,0.0,0.0
808,-0.2600794308685625,565.0,0.6983930778739185,0.0,0.0
809,-1.828270749865452,565.0,0.6975308641975309,0.0,0.0
810,-1.801099341172402,565.0,0.6966707768187423,0.0,0.0
811,-1.8168151054615391,565.0,0.6958128078817734,0.0,0.0
812,-3.0266260878628115,565.0,0.6949569495694957,0.0,0.0
813,-1.7898576417921173,565.0,0.6941031941031941,0.0,0.0
814,-0.5984637745022985,565.0,0.6932515337423313,0.0,0.0
815,-2.491417125468571,565.0,0.6924019607843137,0.0,0.0
816,-0.2266254076888935,565.0,0.6915544675642595,0.0,0.0
817,-1.9707616611261936,565.0,0.6907090464547677,0.0,0.0
818,-1.7584453408068574,565.0,0.6898656898656899,0.0,0.0
819,-2.252949507938931,565.0,0.6890243902439024,0.0,0.0
820,-1.1424149952173204,565.0,0.6881851400730816,0.0,0.0
821,-2.2384717204672704,565.0,0.6873479318734793,0.0,0.0
822,-2.43777142181734,565.0,0.6865127582017011,0.0,0.0
823,-0.5687297807509735,565.0,0.6856796116504854,0.0,0.0
824,-1.232242694531924,565.0,0.6848484848484848,0.0,0.0
825,0.5366899233337008,565.0,0.6840193704600485,0.0,0.0
826,0.8105992636858464,565.0,0.6831922611850061,0.0,0.0
827,1.0331928021028736,565.0,0.6823671497584541,0.0,0.0
828,0.7243277468976391,565.0,0.6815440289505428,0.0,0.0
829,0.2559979847600487,565.0,0.6807228915662651,0.0,0.0
830,0.4785515547966313,565.0,0.6799037304452467,0.0,0.0
831,0.2364099891455429,565.0,0.6790865384615384,0.0,0.0
832,-0.2723692426970723,565.0,0.6782713085234093,0.0,0.0
833,-0.6375948015519275,565.0,0.6774580335731415,0.0,0.0
834,0.0898209804688175,565.0,0.6766467065868264,0.0,0.0
835,-0.0948473251573767,565.0,0.6758373205741627,0.0,0.0
836,0.3111132503494876,565.0,0.6750298685782556,0.0,0.0
837,-0.8742690342058782,565.0,0.6742243436754176,0.0,0.0
838,0.1939694179753053,565.0,0.6734207389749702,0.0,0.0
839,0.3106219570658047,565.0,0.6726190476190477,0.0,0.0
840,0.9544370876232864,565.0,0.6718192627824019,0.0,0.0
841,0.1898023011525491,565.0,0.671021377672209,0.0,0.0
842,-0.3766276882653513,565.0,0.6702253855278766,0.0,0.0
843,0.6643081949301295,565.0,0.669431279620853,0.0,0.0
844,0.7249521099643289,565.0,0.6686390532544378,0.0,0.0
845,-0.3627985366085455,565.0,0.6678486997635934,0.0,0.0
846,-0.6344222393971093,565.0,0.667060212514758,0.0,0.0
847,-1.1779096673306273,565.0,0.6662735849056604,0.0,0.0
848,-0.2539249526271563,565.0,0.6654888103651354,0.0,0.0
849,-2.8858656631508515,565.0,0.6647058823529411,0.0,0.0
850,-1.834352135842007,565.0,0.663924794359577,0.0,0.0
851,-3.041140487256164,565.0,0.6631455399061033,0.0,0.0
852,-2.423498660997972,565.0,0.6623681125439624,0.0,0.0
853,-1.9620519801453065,565.0,0.6615925058548009,0.0,0.0
854,-3.3490458734255006,565.0,0.6608187134502924,0.0,0.0
855,-3.338536654454941,565.0,0.6600467289719626,0.0,0.0
856,-1.078965447699429,565.0,0.6592765460910152,0.0,0.0
857,-3.4589743033601077,565.0,0.6585081585081585,0.0,0.0
858,-1.5680205933893396,565.0,0.6577415599534342,0.0,0.0
859,-1.1164965376775808,565.0,0.6569767441860465,0.0,0.0
860,-2.0116824278856797,565.0,0.6562137049941928,0.0,0.0
861,0.4092342031301417,565.0,0.6554524361948956,0.0,0.0
862,-0.4053049330757863,565.0,0.6546929316338355,0.0,0.0
863,0.1277007654386057,565.0,0.6539351851851852,0.0,0.0
864,-0.8706520235527058,565.0,0.653179190751445,0.0,0.0
865,-1.0131019064423676,565.0,0.6524249422632794,0.0,0.0
866,0.2052094160905144,565.0,0.6516724336793541,0.0,0.0
867,-0.5123720267736367,565.0,0.6509216589861752,0.0,0.0
868,-0.4290760480322279,565.0,0.6501726121979287,0.0,0.0
869,-0.419088000718362,565.0,0.6494252873563219,0.0,0.0
870,-0.1877386387217885,565.0,0.6486796785304249,0.0,0.0
871,-1.0701503624569824,565.0,0.6479357798165137,0.0,0.0
872,0.2255857243124874,565.0,0.6471935853379153,0.0,0.0
873,-0.3995989303503526,565.0,0.6464530892448512,0.0,0.0
874,-0.5611568662619694,565.0,0.6457142857142857,0.0,0.0
875,-0.374306639629975,565.0,0.6449771689497716,0.0,0.0
876,0.605757916815669,565.0,0.6442417331812998,0.0,0.0
877,0.8496647076949758,565.0,0.643507972665148,0.0,0.0
878,-0.8258678014635603,565.0,0.6427758816837316,0.0,0.0
879,1.6840799502314852,565.0,0.6420454545454546,0.0,0.0
880,1.2638493736376517,565.0,0.641316685584563,0.0,0.0
881,1.9550317639610275,565.0,0.6405895691609977,0.0,0.0
882,0.8614220279751863,565.0,0.6398640996602492,0.0,0.0
883,1.3338216808845502,565.0,0.6391402714932126,0.0,0.0
884,1.5163156328029823,565.0,0.6384180790960452,0.0,0.0
885,0.0537483887341334,565.0,0.6376975169300225,0.0,0.0
886,-0.6427082999107085,565.0,0.636978579481398,0.0,0.0
887,-0.7148846427700557,565.0,0.6362612612612613,0.0,0.0
888,-1.334782106219227,565.0,0.6355455568053994,0.0,0.0
889,-0.8931669851529838,565.0,0.6348314606741573,0.0,0.0
890,-1.2522488816185848,565.0,0.6341189674523008,0.0,0.0
891,-0.6468071572691989,565.0,0.6334080717488789,0.0,0.0
892,-1.9182301916416025,565.0,0.6326987681970885,0.0,0.0
893,-2.2671537065080605,565.0,0.6319910514541387,0.0,0.0
894,-1.1982671117347312,565.0,0.6312849162011173,0.0,0.0
895,-2.3862864628616176,565.0,0.6305803571428571,0.0,0.0
896,-0.9197656361754636,565.0,0.6298773690078038,0.0,0.0
897,-2.297105042243178,565.0,0.6291759465478842,0.0,0.0
898,-2.2504598578380453,565.0,0.628476084538376,0.0,0.0
899,-0.5830843723377057,565.0,0.6277777777777778,0.0,0.0
900,-3.004287304356576,565.0,0.6270810210876804,0.0,0.0
901,-0.1109735785079061,565.0,0.6263858093126385,0.0,0.0
902,-1.2824852354836025,565.0,0.6256921373200443,0.0,0.0
903,-0.8038478028920727,565.0,0.625,0.0,0.0
904,-1.4281552089093092,565.0,0.6243093922651933,0.0,0.0
905,-2.186105888774216,565.0,0.6236203090507726,0.0,0.0
906,-1.9406699986593072,565.0,0.6229327453142227,0.0,0.0
907,-1.682287185902113,565.0,0.6222466960352423,0.0,0.0
908,-1.384204283673241,565.0,0.6215621562156216,0.0,0.0
909,-0.9309600007177734,565.0,0.6208791208791209,0.0,0.0
910,0.3326298999518384,565.0,0.6201975850713501,0.0,0.0
911,-0.6855558481479929,565.0,0.6195175438596491,0.0,0.0
912,0.5066445099171178,565.0,0.6188389923329682,0.0,0.0
913,0.8209606256834655,565.0,0.6181619256017505,0.0,0.0
914,1.398476915856842,565.0,0.6174863387978142,0.0,0.0
915,0.214542577344391,565.0,0.6168122270742358,0.0,0.0
916,0.4072662786990859,565.0,0.6161395856052344,0.0,0.0
917,0.5754991321427922,565.0,0.6154684095860566,0.0,0.0
918,-0.3547555339487627,565.0,0.6147986942328618,0.0,0.0
919,-0.8140000347385843,565.0,0.6141304347826086,0.0,0.0
920,-1.4701653339276,565.0,0.6134636264929425,0.0,0.0
921,-2.172979810563008,565.0,0.6127982646420824,0.0,0.0
922,-1.1120627268169254,565.0,0.6121343445287107,0.0,0.0
923,-2.1132478336662643,565.0,0.6114718614718615,0.0,0.0
924,-2.869495329151943,565.0,0.6108108108108108,0.0,0.0
925,-3.7685788792182064,565.0,0.6101511879049676,0.0,0.0
926,-0.2467636677278197,565.0,0.6094929881337648,0.0,0.0
927,-4.24177856567044,565.0,0.6088362068965517,0.0,0.0
928,-1.6958676994941988,565.0,0.6081808396124866,0.0,0.0
929,-2.821173608830936,565.0,0.6075268817204301,0.0,0.0
930,-2.373393055103214,565.0,0.60687432867884,0.0,0.0
931,-3.3486806885107088,565.0,0.6062231759656652,0.0,0.0
932,-3.462607351112052,565.0,0.6055734190782422,0.0,0.0
933,-3.4509113941274876,565.0,0.6049250535331906,0.0,0.0
934,-3.1437501490525235,565.0,0.6042780748663101,0.0,0.0
935,-2.958173968354712,565.0,0.6036324786324786,0.0,0.0
936,-3.285501445219696,565.0,0.6029882604055496,0.0,0.0
937,-2.475095997533534,565.0,0.6023454157782516,0.0,0.0
938,-2.8667618828535852,565.0,0.6017039403620873,0.0,0.0
939,-1.7317225078420129,565.0,0.601063829787234,0.0,0.0
940,-4.116195337889696,565.0,0.6004250797024442,0.0,0.0
941,-1.271864447825874,565.0,0.5997876857749469,0.0,0.0
942,-1.834829882820279,565.0,0.5991516436903499,0.0,0.0
943,-2.0610170424376433,565.0,0.5985169491525424,0.0,0.0
944,-3.0349037463848108,565.0,0.5978835978835979,0.0,0.0
945,-0.5934655569927245,565.0,0.5972515856236786,0.0,0.0
946,-2.739309363957078,565.0,0.5966209081309398,0.0,0.0
947,-1.581875018340414,565.0,0.5959915611814346,0.0,0.0
948,-3.332848058036066,565.0,0.59536354056902,0.0,0.0
949,-1.5773584313713045,565.0,0.5947368421052631,0.0,0.0
950,-1.7382512097590657,565.0,0.594111461619348,0.0,0.0
951,-3.0447653473561695,565.0,0.5934873949579832,0.0,0.0
952,-2.7513300351440595,565.0,0.5928646379853095,0.0,0.0
953,-3.63613134358102,565.0,0.5922431865828093,0.0,0.0
954,-2.279813717472635,565.0,0.5916230366492147,0.0,0.0
955,-4.124146885844272,565.0,0.5910041841004184,0.0,0.0
956,-0.0419936473511399,565.0,0.5903866248693835,0.0,0.0
957,-3.2082706958232263,565.0,0.5897703549060542,0.0,0.0
958,-0.7998443585176267,565.0,0.5891553701772679,0.0,0.0
959,-2.124409508481669,565.0,0.5885416666666666,0.0,0.0
960,-0.7819712106472684,565.0,0.5879292403746098,0.0,0.0
961,-3.657444834013572,565.0,0.5873180873180873,0.0,0.0
962,-0.8404207277490401,565.0,0.5867082035306335,0.0,0.0
963,-2.339787352973799,565.0,0.5860995850622407,0.0,0.0
964,-2.9901836753129696,565.0,0.5854922279792746,0.0,0.0
965,-3.4661762205165716,565.0,0.5848861283643892,0.0,0.0
966,-2.297004891531441,565.0,0.5842812823164426,0.0,0.0
967,-2.1199792931957875,565.0,0.5836776859504132,0.0,0.0
968,-2.3441503550562643,565.0,0.5830753353973168,0.0,0.0
969,-0.7294018885803173,565.0,0.5824742268041238,0.0,0.0
970,-4.1782298269863585,565.0,0.5818743563336766,0.0,0.0
971,-1.6920630931679037,565.0,0.581275720164609,0.0,0.0
972,-4.407356578183611,565.0,0.5806783144912642,0.0,0.0
973,-2.230860604692362,565.0,0.580082135523614,0.0,0.0
974,-2.630761959804442,565.0,0.5794871794871795,0.0,0.0
975,-2.8340819895494507,565.0,0.5788934426229508,0.0,0.0
976,-1.6897523562017414,565.0,0.5783009211873081,0.0,0.0
977,0.0279001936770204,565.0,0.5777096114519428,0.0,0.0
978,-1.2104392200962335,565.0,0.5771195097037793,0.0,0.0
979,0.4636003318770442,565.0,0.576530612244898,0.0,0.0
980,-0.8546902301630146,565.0,0.5759429153924567,0.0,0.0
981,-1.0723050975894748,565.0,0.575356415478615,0.0,0.0
982,-0.9504286944608424,565.0,0.5747711088504578,0.0,0.0
983,-0.9539949295377184,565.0,0.5741869918699187,0.0,0.0
984,-2.325001972710085,565.0,0.5736040609137056,0.0,0.0
985,-2.1919956887536336,565.0,0.5730223123732252,0.0,0.0
986,-1.0036489907526749,565.0,0.5724417426545086,0.0,0.0
987,-1.13195081484217,565.0,0.5718623481781376,0.0,0.0
988,-0.5944032150142369,565.0,0.5712841253791708,0.0,0.0
989,-1.5842649022844384,565.0,0.5707070707070707,0.0,0.0
990,2.5895950213051484,565.0,0.5701311806256307,0.0,0.0
991,-1.2915277507842344,565.0,0.5695564516129032,0.0,0.0
992,0.7894440591468573,565.0,0.5689828801611279,0.0,0.0
993,-0.8890977013557584,565.0,0.56841046277666,0.0,0.0
994,-0.0444560200735146,565.0,0.5678391959798995,0.0,0.0
995,-0.6643371874786181,565.0,0.5672690763052208,0.0,0.0
996,-0.2403556496693207,565.0,0.5667001003009027,0.0,0.0
997,-1.0278964837807196,565.0,0.5661322645290581,0.0,0.0
998,0.4038809387991628,565.0,0.5655655655655656,0.0,0.0
999,0.0292813428793835,565.0,0.565,0.0,0.0
1000,-0.924325256200043,565.0,0.5644355644355644,0.0,0.0
1001,-0.4539715346972452,565.0,0.563872255489022,0.0,0.0
1002,0.8113275268811829,565.0,0.5633100697906281,0.0,0.0
1003,0.3647084573987238,565.0,0.5627490039840638,0.0,0.0
1004,-0.0447808143857171,565.0,0.5621890547263682,0.0,0.0
1005,0.2888457449817329,565.0,0.5616302186878728,0.0,0.0
1006,0.3085322289518931,565.0,0.5610724925521351,0.0,0.0
1007,1.557655220519739,565.0,0.560515873015873,0.0,0.0
1008,0.5658173695610839,565.0,0.5599603567888999,0.0,0.0
1009,0.9757243414035534,565.0,0.5594059405940595,0.0,0.0
1010,2.6050565472703733,565.0,0.5588526211671613,0.0,0.0
1011,0.34158661715788,565.0,0.558300395256917,0.0,0.0
1012,-0.6049741121768728,565.0,0.5577492596248766,0.0,0.0
1013,1.505523321046959,565.0,0.5571992110453649,0.0,0.0
1014,0.928518683338429,565.0,0.5566502463054187,0.0,0.0
1015,1.6950916119182322,565.0,0.5561023622047244,0.0,0.0
1016,0.5904445984661978,565.0,0.5555555555555556,0.0,0.0
1017,-0.288772264347565,565.0,0.5550098231827112,0.0,0.0
1018,1.4650330756325611,565.0,0.5544651619234544,0.0,0.0
1019,0.7336044467573652,565.0,0.553921568627451,0.0,0.0
1020,0.2027341680527118,565.0,0.5533790401567091,0.0,0.0
1021,-0.3412330826223637,565.0,0.5528375733855186,0.0,0.0
1022,0.4024221628049984,565.0,0.552297165200391,0.0,0.0
1023,-0.8647148948433581,565.0,0.5517578125,0.0,0.0
1024,-1.377387708391156,565.0,0.551219512195122,0.0,0.0
1025,0.1311585847173506,565.0,0.550682261208577,0.0,0.0
1026,-0.6434269733756546,565.0,0.5501460564751705,0.0,0.0
1027,-1.3114682911284663,565.0,0.5496108949416343,0.0,0.0
1028,0.9937822718987792,565.0,0.5490767735665695,0.0,0.0
1029,0.2888015313813594,565.0,0.5485436893203883,0.0,0.0
1030,-1.964684030912856,565.0,0.5480116391852571,0.0,0.0
1031,0.3568023312962247,565.0,0.5474806201550387,0.0,0.0
1032,-0.6163746729371531,565.0,0.5469506292352372,0.0,0.0
1033,-1.7186024627812158,565.0,0.5464216634429401,0.0,0.0
1034,-1.108447330372251,565.0,0.5458937198067633,0.0,0.0
1035,-1.5178791164013012,565.0,0.5453667953667953,0.0,0.0
1036,-1.719438079867973,565.0,0.5448408871745419,0.0,0.0
1037,-2.72131554569301,565.0,0.5443159922928709,0.0,0.0
1038,-1.848938772906806,565.0,0.5437921077959577,0.0,0.0
1039,-0.3544960678665969,565.0,0.5432692307692307,0.0,0.0
1040,-1.0019548234129525,565.0,0.542747358309318,0.0,0.0
1041,-1.7581642866427332,565.0,0.5422264875239923,0.0,0.0
1042,-1.136479206249553,565.0,0.5417066155321189,0.0,0.0
1043,-1.2894696218925106,565.0,0.5411877394636015,0.0,0.0
1044,-0.8500291689760209,565.0,0.5406698564593302,0.0,0.0
1045,-0.4363075228454567,565.0,0.5401529636711281,0.0,0.0
1046,-1.82262117398548,565.0,0.5396370582617,0.0,0.0
1047,0.0375270815423716,565.0,0.5391221374045801,0.0,0.0
1048,-1.849602188983018,565.0,0.5386081982840801,0.0,0.0
1049,-1.0648465482113243,565.0,0.5380952380952381,0.0,0.0
1050,-0.7488225482802566,565.0,0.5375832540437678,0.0,0.0
1051,-0.671623411135305,565.0,0.5370722433460076,0.0,0.0
1052,-0.1596533648449296,565.0,0.5365622032288699,0.0,0.0
1053,0.4813052549069813,565.0,0.5360531309297912,0.0,0.0
1054,-1.518286000070512,565.0,0.5355450236966824,0.0,0.0
1055,-0.5258186369620066,565.0,0.5350378787878788,0.0,0.0
1056,1.796088964268272,565.0,0.5345316934720908,0.0,0.0
1057,-1.5525404588995042,565.0,0.5340264650283554,0.0,0.0
1058,-1.4975724112684927,565.0,0.5335221907459868,0.0,0.0
1059,1.2715413737643124,565.0,0.5330188679245284,0.0,0.0
1060,-2.1370763509369377,565.0,0.532516493873704,0.0,0.0
1061,-2.09934834051234,565.0,0.532015065913371,0.0,0.0
1062,0.7993615802152688,565.0,0.5315145813734713,0.0,0.0
1063,-1.521591005387264,565.0,0.5310150375939849,0.0,0.0
1064,-1.7615292824485682,565.0,0.5305164319248826,0.0,0.0
1065,0.5422997566506265,565.0,0.5300187617260788,0.0,0.0
1066,0.0422488210527161,565.0,0.5295220243673852,0.0,0.0
1067,-0.994316458871838,565.0,0.5290262172284644,0.0,0.0
1068,-0.3570759539951756,565.0,0.5285313376987839,0.0,0.0
1069,1.1038551247356452,565.0,0.5280373831775701,0.0,0.0
1070,-1.2939581873537471,565.0,0.5275443510737629,0.0,0.0
1071,1.0858711381806407,565.0,0.5270522388059702,0.0,0.0
1072,-0.3940513369324553,565.0,0.5265610438024231,0.0,0.0
1073,-0.3014784623633773,565.0,0.5260707635009311,0.0,0.0
1074,0.9679535599653994,565.0,0.5255813953488372,0.0,0.0
1075,-1.5237641067711123,565.0,0.525092936802974,0.0,0.0
1076,-0.6220665060777719,565.0,0.5246053853296193,0.0,0.0
1077,1.1548044091844027,565.0,0.5241187384044527,0.0,0.0
1078,-2.1357868923842616,565.0,0.5236329935125116,0.0,0.0
1079,-0.9800747098152648,565.0,0.5231481481481481,0.0,0.0
1080,0.2130204184291349,565.0,0.5226641998149861,0.0,0.0
1081,-3.487095959287631,565.0,0.522181146025878,0.0,0.0
1082,0.1973900447469754,565.0,0.5216989843028624,0.0,0.0
1083,-0.6157178789144222,565.0,0.5212177121771218,0.0,0.0
1084,-3.696935881620568,565.0,0.5207373271889401,0.0,0.0
1085,0.7451029493075382,565.0,0.5202578268876611,0.0,0.0
1086,-1.3774535319287209,565.0,0.5197792088316467,0.0,0.0
1087,-3.6415747229257462,565.0,0.5193014705882353,0.0,0.0
1088,-1.4686424000290117,565.0,0.5188246097337006,0.0,0.0
1089,-1.405731857907045,565.0,0.518348623853211,0.0,0.0
1090,-2.6565157167036184,565.0,0.5178735105407882,0.0,0.0
1091,0.5063964715126068,565.0,0.5173992673992674,0.0,0.0
1092,-1.230481015860181,565.0,0.5169258920402562,0.0,0.0
1093,-2.8803669014330167,565.0,0.5164533820840951,0.0,0.0
1094,-0.6153193436420699,565.0,0.5159817351598174,0.0,0.0
1095,-1.5708681131524975,565.0,0.5155109489051095,0.0,0.0
1096,-3.032821719194279,565.0,0.5150410209662717,0.0,0.0
1097,-1.8257515123616388,565.0,0.5145719489981785,0.0,0.0
1098,-2.434033613406033,565.0,0.5141037306642402,0.0,0.0
1099,-2.5724344280692715,565.0,0.5136363636363637,0.0,0.0
1100,-1.8284663482008496,565.0,0.5131698455949137,0.0,0.0
1101,-0.337995300545284,565.0,0.5127041742286751,0.0,0.0
1102,-3.224122836391677,565.0,0.5122393472348141,0.0,0.0
1103,-0.9257933179954372,565.0,0.5117753623188406,0.0,0.0
1104,-0.8311450719704583,565.0,0.5113122171945701,0.0,0.0
1105,-2.4558586990128566,565.0,0.5108499095840868,0.0,0.0
1106,0.5454347646691147,565.0,0.5103884372177055,0.0,0.0
1107,-1.1532746411190664,565.0,0.509927797833935,0.0,0.0
1108,-3.052487526963988,565.0,0.5094679891794409,0.0,0.0
1109,0.0445681470865771,565.0,0.509009009009009,0.0,0.0
1110,-1.2212391803788762,565.0,0.5085508550855086,0.0,0.0
1111,-3.2674652648944056,565.0,0.5080935251798561,0.0,0.0
1112,-0.2475077166123184,565.0,0.5076370170709793,0.0,0.0
1113,-1.065562513148086,565.0,0.507181328545781,0.0,0.0
1114,-0.4431808942397897,565.0,0.5067264573991032,0.0,0.0
1115,0.967679030463342,565.0,0.5062724014336918,0.0,0.0
1116,0.3089558396854411,565.0,0.5058191584601611,0.0,0.0
1117,0.6877392456788383,565.0,0.5053667262969589,0.0,0.0
1118,-0.317179954748542,565.0,0.5049151027703307,0.0,0.0
1119,-0.535339662094195,565.0,0.5044642857142857,0.0,0.0
1120,0.4426441278858561,565.0,0.504014272970562,0.0,0.0
1121,-0.7860826217011796,565.0,0.5035650623885918,0.0,0.0
1122,0.7284091814241117,565.0,0.5031166518254675,0.0,0.0
1123,0.6608073261009113,565.0,0.5026690391459074,0.0,0.0
1124,0.1847580509843386,565.0,0.5022222222222222,0.0,0.0
1125,0.2572623703555433,565.0,0.5017761989342806,0.0,0.0
1126,0.7964935810593008,565.0,0.5013309671694764,0.0,0.0
1127,0.7693481397436085,565.0,0.500886524822695,0.0,0.0
1128,0.5323750476121456,565.0,0.5004428697962799,0.0,0.0
1129,0.9944918685776314,565.0,0.5,0.0,0.0
1130,-2.3436027471605367,565.0,0.4995579133510168,0.0,0.0
1131,0.2857006886989141,799.0,0.7058303886925795,0.0,0.0
1132,0.1906831324535252,799.0,0.705207413945278,0.0,0.0
1133,-0.1719315654106408,799.0,0.7045855379188712,0.0,0.0
1134,-0.1405931882667225,799.0,0.7039647577092512,0.0,0.0
1135,0.1006474768043132,799.0,0.7033450704225352,0.0,0.0
1136,1.8609665730155664,799.0,0.702726473175022,0.0,0.0
1137,1.431985000481963,799.0,0.7021089630931459,0.0,0.0
1138,0.5052878412144035,799.0,0.7014925373134329,0.0,0.0
1139,2.260576584624639,799.0,0.7008771929824561,0.0,0.0
1140,3.261174537255716,799.0,0.7002629272567923,0.0,0.0
1141,0.788837760981296,565.0,0.4947460595446585,0.0,0.0
1142,2.070125501465567,799.0,0.6990376202974629,0.0,0.0
1143,1.8602077432599795,799.0,0.6984265734265734,0.0,0.0
1144,1.779847736089045,799.0,0.6978165938864629,0.0,0.0
1145,1.53088693265902,799.0,0.6972076788830716,0.0,0.0
1146,1.6699301243938345,799.0,0.6965998256320837,0.0,0.0
1147,3.1979686515998464,799.0,0.695993031358885,0.0,0.0
1148,0.6079768621396833,799.0,0.6953872932985204,0.0,0.0
1149,1.590211039288975,799.0,0.6947826086956522,0.0,0.0
1150,2.15147068948443,799.0,0.6941789748045178,0.0,0.0
1151,0.8304916366846641,565.0,0.4904513888888889,0.0,0.0
1152,0.9789196689704842,799.0,0.6929748482220295,0.0,0.0
1153,1.6739921312178991,799.0,0.6923743500866552,0.0,0.0
1154,1.3768938236476285,799.0,0.6917748917748918,0.0,0.0
1155,0.9073053343528288,799.0,0.6911764705882353,0.0,0.0
1156,0.9042470906412896,799.0,0.6905790838375108,0.0,0.0
1157,1.6112663360324857,799.0,0.6899827288428325,0.0,0.0
1158,1.939787932821976,799.0,0.6893874029335634,0.0,0.0
1159,1.60758674426242,799.0,0.6887931034482758,0.0,0.0
1160,1.1103006214391618,799.0,0.6881998277347114,0.0,0.0
1161,1.6672937048902132,799.0,0.6876075731497419,0.0,0.0
1162,-0.2875609442981401,799.0,0.6870163370593293,0.0,0.0
1163,0.461003822773525,799.0,0.686426116838488,0.0,0.0
1164,1.6399718247641284,799.0,0.6858369098712447,0.0,0.0
1165,-1.0353997051992117,799.0,0.6852487135506004,0.0,0.0
1166,1.2795247774749972,799.0,0.6846615252784919,0.0,0.0
1167,2.899617394252779,799.0,0.6840753424657534,0.0,0.0
1168,0.4242755570936461,799.0,0.6834901625320787,0.0,0.0
1169,1.5489384168327502,799.0,0.6829059829059829,0.0,0.0
1170,0.8371121503029553,799.0,0.6823228010247652,0.0,0.0
1171,-0.934582799754794,799.0,0.681740614334471,0.0,0.0
1172,1.265876374103002,799.0,0.6811594202898551,0.0,0.0
1173,-0.2618546279047877,799.0,0.6805792163543442,0.0,0.0
1174,0.4136034736345583,799.0,0.68,0.0,0.0
1175,0.7436451032990858,799.0,0.6794217687074829,0.0,0.0
1176,-0.8296651061577526,799.0,0.6788445199660152,0.0,0.0
1177,0.3023019352591035,799.0,0.6782682512733447,0.0,0.0
1178,1.059912143549523,799.0,0.6776929601357082,0.0,0.0
1179,-0.3149178330137787,799.0,0.6771186440677966,0.0,0.0
1180,0.4076893808230593,799.0,0.676545300592718,0.0,0.0
1181,0.4125810814647458,799.0,0.6759729272419628,0.0,0.0
1182,-1.6078232060598905,799.0,0.6754015215553677,0.0,0.0
1183,-0.2757522761381363,565.0,0.47719594594594594,0.0,0.0
1184,-0.4899880300783369,799.0,0.6742616033755274,0.0,0.0
1185,-1.0501797627082678,799.0,0.6736930860033726,0.0,0.0
1186,-0.0789357996956771,799.0,0.6731255265374895,0.0,0.0
1187,-0.4177658145132333,799.0,0.6725589225589226,0.0,0.0
1188,-0.6970201507857909,799.0,0.6719932716568545,0.0,0.0
1189,0.9902825289039154,799.0,0.6714285714285714,0.0,0.0
1190,-2.0730076430221276,799.0,0.670864819479429,0.0,0.0
1191,-1.549144662856353,565.0,0.473993288590604,0.0,0.0
1192,3.0517538868263365,799.0,0.6697401508801342,0.0,0.0
1193,-1.99712526836491,799.0,0.669179229480737,0.0,0.0
1194,-0.3380346569629676,282.0,0.23598326359832636,0.0,0.0
1195,1.9809569293572469,565.0,0.47240802675585286,0.0,0.0
1196,0.4104563776336181,565.0,0.47201336675020883,0.0,0.0
1197,-1.528456841179254,799.0,0.6669449081803005,0.0,0.0
1198,1.3140840903482616,565.0,0.47122602168473726,0.0,0.0
1199,1.035410372685528,799.0,0.6658333333333334,0.0,0.0
1200,-2.0857339642703434,565.0,0.4704412989175687,0.0,0.0
1201,0.8516869329214412,799.0,0.6647254575707154,0.0,0.0
1202,0.4935950828437587,799.0,0.6641729010806318,0.0,0.0
1203,-0.2246224782509847,799.0,0.6636212624584718,0.0,0.0
1204,0.7306241142612275,799.0,0.6630705394190871,0.0,0.0
1205,1.469923993789224,565.0,0.4684908789386401,0.0,0.0
1206,-1.871680076102495,565.0,0.46810273405136704,0.0,0.0
1207,-0.7032207621374553,565.0,0.46771523178807944,0.0,0.0
1208,-1.274175996586677,565.0,0.46732837055417703,0.0,0.0
1209,-1.507224702591225,565.0,0.4669421487603306,0.0,0.0
1210,-0.0874389280945616,565.0,0.4665565648224608,0.0,0.0
1211,-3.6590118158107505,565.0,0.4661716171617162,0.0,0.0
1212,-0.510880346760052,799.0,0.6586974443528442,0.0,0.0
1213,-0.9327675441084192,799.0,0.658154859967051,0.0,0.0
1214,-3.334706864569734,282.0,0.23209876543209876,0.0,0.0
1215,-1.2118591512769348,565.0,0.46463815789473684,0.0,0.0
1216,-2.0395934884263216,565.0,0.46425636811832377,0.0,0.0
1217,-2.544375324682718,565.0,0.4638752052545156,0.0,0.0
1218,-1.6832140051856956,565.0,0.4634946677604594,0.0,0.0
1219,-3.0160211185837236,799.0,0.6549180327868852,0.0,0.0
1220,-3.4415971839404387,799.0,0.6543816543816544,0.0,0.0
1221,-1.6849903674668578,799.0,0.6538461538461539,0.0,0.0
1222,-0.7862654136739287,565.0,0.46197874080130824,0.0,0.0
1223,-2.041306253854526,565.0,0.4616013071895425,0.0,0.0
1224,-1.781130262487273,799.0,0.6522448979591837,0.0,0.0
1225,0.4574706702964015,565.0,0.46084828711256115,0.0,0.0
1226,-1.4427693555811998,565.0,0.46047269763651183,0.0,0.0
1227,-0.6133515227004098,565.0,0.4600977198697068,0.0,0.0
1228,0.6721218785070953,565.0,0.4597233523189585,0.0,0.0
1229,-2.0385033657623115,565.0,0.45934959349593496,0.0,0.0
1230,-1.8957657572106623,565.0,0.45897644191714054,0.0,0.0
1231,2.3357852336368725,799.0,0.648538961038961,0.0,0.0
1232,-2.6899663098147277,565.0,0.4582319545823195,0.0,0.0
1233,-1.6824577127655802,565.0,0.45786061588330634,0.0,0.0
1234,0.9763796756147496,565.0,0.4574898785425101,0.0,0.0
1235,-2.4519651145640218,565.0,0.4571197411003236,0.0,0.0
1236,-1.7043899282384494,565.0,0.45675020210185935,0.0,0.0
1237,-1.042755763910482,565.0,0.45638126009693053,0.0,0.0
1238,-2.1039234455695333,565.0,0.45601291364003227,0.0,0.0
1239,-0.3732830342120146,565.0,0.45564516129032256,0.0,0.0
1240,1.3121354155663052,565.0,0.45527800161160353,0.0,0.0
1241,-0.9011216010380568,565.0,0.45491143317230276,0.0,0.0
1242,-0.140288054125163,565.0,0.45454545454545453,0.0,0.0
1243,-0.5975260986846427,565.0,0.4541800643086817,0.0,0.0
1244,-1.4474067467875142,565.0,0.4538152610441767,0.0,0.0
1245,-0.378970336265723,565.0,0.4534510433386838,0.0,0.0
1246,-0.4327838834482218,565.0,0.45308740978348033,0.0,0.0
1247,-2.0606398632778804,565.0,0.452724358974359,0.0,0.0
1248,-1.6731359790132,565.0,0.45236188951160927,0.0,0.0
1249,-0.6447243342183536,565.0,0.452,0.0,0.0
1250,-1.9850141742781149,565.0,0.451638689048761,0.0,0.0
1251,-1.1962286056047091,565.0,0.4512779552715655,0.0,0.0
1252,-1.2410637165372806,565.0,0.4509177972865124,0.0,0.0
1253,-1.2784477912370535,799.0,0.6371610845295056,0.0,0.0
1254,-0.5878650111176086,565.0,0.450199203187251,0.0,0.0
1255,0.0987841493960124,565.0,0.4498407643312102,0.0,0.0
1256,-1.6101592966898586,565.0,0.4494828957836118,0.0,0.0
1257,1.1888441235566185,565.0,0.4491255961844197,0.0,0.0
1258,1.1259324747810984,565.0,0.448768864177919,0.0,0.0
1259,-0.9028519447750176,565.0,0.44841269841269843,0.0,0.0
1260,0.3804577850263821,565.0,0.44805709754163364,0.0,0.0
1261,-0.2342562474094761,565.0,0.44770206022187004,0.0,0.0
1262,-0.0393824667522525,799.0,0.6326207442596992,0.0,0.0
1263,-0.2758623543556802,565.0,0.44699367088607594,0.0,0.0
1264,-1.1573630624416342,565.0,0.44664031620553357,0.0,0.0
1265,-0.1857645695272226,565.0,0.4462875197472354,0.0,0.0
1266,-2.0953028711825596,565.0,0.44593528018942385,0.0,0.0
1267,-3.0926454299520074,565.0,0.44558359621451105,0.0,0.0
1268,0.5885279266568803,565.0,0.44523246650906223,0.0,0.0
1269,-0.9435649960966924,565.0,0.4448818897637795,0.0,0.0
1270,-2.781234111258546,565.0,0.44453186467348543,0.0,0.0
1271,-0.0693698706684396,565.0,0.4441823899371069,0.0,0.0
1272,-1.9261903523500192,565.0,0.44383346425765907,0.0,0.0
1273,-1.89281265735554,565.0,0.4434850863422292,0.0,0.0
1274,-0.5020125423400673,565.0,0.44313725490196076,0.0,0.0
1275,-2.585985837731662,565.0,0.4427899686520376,0.0,0.0
1276,-1.370578075374092,565.0,0.442443226311668,0.0,0.0
1277,0.2507945131486564,565.0,0.44209702660406885,0.0,0.0
1278,-1.3455416460822271,565.0,0.44175136825645034,0.0,0.0
1279,-0.0282814229962851,565.0,0.44140625,0.0,0.0
1280,0.5113590856236994,565.0,0.4410616705698673,0.0,0.0
1281,0.053675715989585,399.0,0.3112324492979719,0.0,0.0
1282,0.9975292875624824,399.0,0.31098986749805146,0.0,0.0
1283,0.9016428935538352,399.0,0.3107476635514019,0.0,0.0
1284,-0.5568345022035861,399.0,0.3105058365758755,0.0,0.0
1285,-0.427076263918439,565.0,0.4393468118195957,0.0,0.0
1286,-0.0876817580271829,399.0,0.31002331002331,0.0,0.0
1287,-0.5220629392858763,399.0,0.30978260869565216,0.0,0.0
1288,0.2407443274788115,399.0,0.3095422808378588,0.0,0.0
1289,0.418529203690035,399.0,0.30930232558139537,0.0,0.0
1290,2.8736616004676083,399.0,0.3090627420604183,0.0,0.0
1291,-0.5524753213431348,399.0,0.3088235294117647,0.0,0.0
1292,2.496073225756892,399.0,0.308584686774942,0.0,0.0
1293,4.054354277176193,399.0,0.3083462132921175,0.0,0.0
1294,0.4252455121456461,399.0,0.3081081081081081,0.0,0.0
1295,0.0360522321525329,399.0,0.30787037037037035,0.0,0.0
1296,2.0477158621648037,399.0,0.30763299922898996,0.0,0.0
1297,0.5841211800390056,399.0,0.3073959938366718,0.0,0.0
1298,0.8761393387296255,399.0,0.3071593533487298,0.0,0.0
1299,1.42818627244156,399.0,0.3069230769230769,0.0,0.0
1300,-0.4438843340279641,399.0,0.3066871637202152,0.0,0.0
1301,0.026427443788507,399.0,0.3064516129032258,0.0,0.0
1302,1.6195708905993325,565.0,0.4336147352264006,0.0,0.0
1303,1.0056518514091592,565.0,0.43328220858895705,0.0,0.0
1304,0.6460152053526071,399.0,0.3057471264367816,0.0,0.0
1305,0.9183328013264856,399.0,0.3055130168453293,0.0,0.0
1306,0.2438018744374412,399.0,0.30527926549349654,0.0,0.0
1307,0.918823675669679,399.0,0.30504587155963303,0.0,0.0
1308,-0.6011759519455069,399.0,0.3048128342245989,0.0,0.0
1309,0.1641096401222152,399.0,0.3045801526717557,0.0,0.0
1310,0.6413120765520481,399.0,0.30434782608695654,0.0,0.0
1311,-1.1772337818755656,399.0,0.3041158536585366,0.0,0.0
1312,-1.2750730559334351,399.0,0.3038842345773039,0.0,0.0
1313,-0.5473960576574486,565.0,0.4299847792998478,0.0,0.0
1314,-1.5702529418619782,399.0,0.30342205323193916,0.0,0.0
1315,-3.444004213336759,399.0,0.30319148936170215,0.0,0.0
1316,-1.0582912932996136,399.0,0.30296127562642367,0.0,0.0
1317,-0.1785110922557324,565.0,0.4286798179059181,0.0,0.0
1318,-3.0446174704817786,399.0,0.3025018953752843,0.0,0.0
1319,-1.064967998865135,565.0,0.42803030303030304,0.0,0.0
1320,0.7716561553387207,399.0,0.3020439061317184,0.0,0.0
1321,-0.8502548109528982,565.0,0.42738275340393345,0.0,0.0
1322,-1.3911609805496417,565.0,0.4270597127739985,0.0,0.0
1323,1.105985537032041,565.0,0.42673716012084595,0.0,0.0
1324,-1.924350170141253,399.0,0.3011320754716981,0.0,0.0
1325,-1.638250745364302,565.0,0.42609351432880843,0.0,0.0
1326,0.6887559774910799,565.0,0.42577241899020346,0.0,0.0
1327,-0.7613457272803906,565.0,0.4254518072289157,0.0,0.0
1328,-1.9294124738610527,565.0,0.4251316779533484,0.0,0.0
1329,-0.1016962329658978,565.0,0.424812030075188,0.0,0.0
1330,-0.0484526156183383,565.0,0.42449286250939144,0.0,0.0
1331,-1.6795519511076424,565.0,0.4241741741741742,0.0,0.0
1332,1.5621975769687255,565.0,0.42385596399099773,0.0,0.0
1333,1.6277128302174215,565.0,0.4235382308845577,0.0,0.0
1334,-1.760569113399591,399.0,0.298876404494382,0.0,0.0
1335,2.3789448168289353,565.0,0.42290419161676646,0.0,0.0
1336,1.5405446118463808,399.0,0.29842931937172773,0.0,0.0
1337,-0.3616279407044052,399.0,0.2982062780269058,0.0,0.0
1338,0.1669381789303903,399.0,0.29798356982823004,0.0,0.0
1339,2.234971359570008,399.0,0.29776119402985074,0.0,0.0
1340,-0.4220882899997237,399.0,0.2975391498881432,0.0,0.0
1341,-0.0369231991290469,399.0,0.29731743666169896,0.0,0.0
1342,-1.0226460728636049,565.0,0.4206999255398362,0.0,0.0
1343,1.321427236237297,565.0,0.42038690476190477,0.0,0.0
1344,1.894639860330248,565.0,0.4200743494423792,0.0,0.0
1345,-0.9372148652673308,399.0,0.2964338781575037,0.0,0.0
1346,0.274456636371663,399.0,0.2962138084632517,0.0,0.0
1347,1.906459815099522,565.0,0.41913946587537093,0.0,0.0
1348,0.0037351279191175,399.0,0.29577464788732394,0.0,0.0
1349,-0.3102276073181556,399.0,0.29555555555555557,0.0,0.0
1350,0.3151783345060124,399.0,0.29533678756476683,0.0,0.0
1351,1.0372851270470045,399.0,0.29511834319526625,0.0,0.0
1352,-0.0324552585296939,399.0,0.29490022172949004,0.0,0.0
1353,0.1598369317603843,399.0,0.2946824224519941,0.0,0.0
1354,0.4584313450211914,399.0,0.2944649446494465,0.0,0.0
1355,0.1268496165217161,399.0,0.2942477876106195,0.0,0.0
1356,-0.0962672976559126,399.0,0.29403095062638174,0.0,0.0
1357,-1.1231860809642134,399.0,0.29381443298969073,0.0,0.0
1358,0.6708418927213253,399.0,0.293598233995585,0.0,0.0
1359,-0.2602778137397751,399.0,0.2933823529411765,0.0,0.0
1360,-0.8664841746754235,565.0,0.4151359294636297,0.0,0.0
1361,-1.283614884393951,399.0,0.29295154185022027,0.0,0.0
1362,-1.04385005376683,565.0,0.4145267791636097,0.0,0.0
1363,-0.2860183475905973,565.0,0.4142228739002933,0.0,0.0
1364,1.2159376619677773,565.0,0.4139194139194139,0.0,0.0
1365,-1.440220887804278,565.0,0.4136163982430454,0.0,0.0
1366,-0.4733874636187175,565.0,0.4133138258961229,0.0,0.0
1367,0.5211424045379942,565.0,0.4130116959064328,0.0,0.0
1368,-0.6598694052138933,565.0,0.4127100073046019,0.0,0.0
1369,-0.4049556143732974,565.0,0.4124087591240876,0.0,0.0
1370,0.714967995399407,565.0,0.41210795040116704,0.0,0.0
1371,-0.6687521324221508,565.0,0.41180758017492713,0.0,0.0
1372,0.5453307722177183,565.0,0.4115076474872542,0.0,0.0
1373,0.0425135134925612,565.0,0.41120815138282385,0.0,0.0
1374,-1.395557069528625,565.0,0.4109090909090909,0.0,0.0
1375,1.03348840060182,565.0,0.4106104651162791,0.0,0.0
1376,-0.0041118449165928,565.0,0.4103122730573711,0.0,0.0
1377,0.2319865874547004,565.0,0.41001451378809867,0.0,0.0
1378,0.9741965551131702,565.0,0.40971718636693255,0.0,0.0
1379,1.2236223615138428,565.0,0.40942028985507245,0.0,0.0
1380,0.3560980880088407,565.0,0.4091238233164374,0.0,0.0
1381,1.4744643077325863,565.0,0.40882778581765555,0.0,0.0
1382,0.1230901670507864,565.0,0.40853217642805495,0.0,0.0
1383,1.4082932439776363,565.0,0.4082369942196532,0.0,0.0
1384,-1.418256551061597,565.0,0.40794223826714804,0.0,0.0
1385,-1.898664839602812,565.0,0.40764790764790765,0.0,0.0
1386,1.247278145972443,565.0,0.40735400144196104,0.0,0.0
1387,0.0997681572179163,565.0,0.40706051873198845,0.0,0.0
1388,-1.5648927384577664,565.0,0.40676745860331176,0.0,0.0
1389,0.0055547837089936,565.0,0.4064748201438849,0.0,0.0
1390,-0.3430795532725641,565.0,0.40618260244428467,0.0,0.0
1391,-1.5045210261895792,565.0,0.40589080459770116,0.0,0.0
1392,-1.0364948215837102,565.0,0.40559942569992824,0.0,0.0
1393,-0.9339998976653971,565.0,0.4053084648493544,0.0,0.0
1394,-1.7338141074398064,565.0,0.4050179211469534,0.0,0.0
1395,-1.9147586892861437,565.0,0.4047277936962751,0.0,0.0
1396,1.161418618524657,565.0,0.4044380816034359,0.0,0.0
1397,-1.2067005599763592,565.0,0.4041487839771102,0.0,0.0
1398,-0.2575403984975501,565.0,0.4038598999285204,0.0,0.0
1399,-1.0677737839001076,565.0,0.4035714285714286,0.0,0.0
1400,0.8192289917262408,565.0,0.403283369022127,0.0,0.0
1401,0.483721636896845,565.0,0.4029957203994294,0.0,0.0
1402,-1.4506008455686614,565.0,0.40270848182466146,0.0,0.0
1403,-0.1033877336301757,565.0,0.4024216524216524,0.0,0.0
1404,-1.8764028094374088,565.0,0.40213523131672596,0.0,0.0
1405,-3.0235120124397685,565.0,0.4018492176386913,0.0,0.0
1406,0.7622073728035605,565.0,0.4015636105188344,0.0,0.0
1407,0.939135753137324,565.0,0.4012784090909091,0.0,0.0
1408,-1.4081677992798651,565.0,0.40099361249112847,0.0,0.0
1409,-1.9971758526892216,565.0,0.40070921985815605,0.0,0.0
1410,0.4267955346047454,565.0,0.40042523033309707,0.0,0.0
1411,-1.151894620944358,565.0,0.40014164305949007,0.0,0.0
1412,-2.5817776482992087,565.0,0.39985845718329793,0.0,0.0
1413,-1.5593474552420514,565.0,0.39957567185289955,0.0,0.0
1414,-0.4258942799911317,565.0,0.3992932862190813,0.0,0.0
1415,-2.4023186115003807,565.0,0.3990112994350282,0.0,0.0
1416,-0.7690265305385272,565.0,0.3987297106563162,0.0,0.0
1417,-1.7825894518152203,565.0,0.39844851904090267,0.0,0.0
1418,-2.1537539364987173,565.0,0.3981677237491191,0.0,0.0
1419,-2.615526843029543,565.0,0.397887323943662,0.0,0.0
1420,-2.42065294993736,565.0,0.3976073187895848,0.0,0.0
1421,-2.108469646220846,565.0,0.39732770745428975,0.0,0.0
1422,-2.1548654889562706,565.0,0.39704848910751933,0.0,0.0
1423,-1.9744729653059976,565.0,0.3967696629213483,0.0,0.0
1424,-2.8147933789503017,565.0,0.39649122807017545,0.0,0.0
1425,-1.1466161962907746,565.0,0.3962131837307153,0.0,0.0
1426,-2.143694511072341,565.0,0.3959355290819902,0.0,0.0
1427,-2.5368447268028187,565.0,0.3956582633053221,0.0,0.0
1428,-0.8036049996334111,565.0,0.39538138558432473,0.0,0.0
1429,-2.200193893096435,565.0,0.3951048951048951,0.0,0.0
1430,-0.3490523783094006,565.0,0.39482879105520613,0.0,0.0
1431,-0.6237783047884325,565.0,0.39455307262569833,0.0,0.0
1432,-1.6938095718342627,565.0,0.39427773900907187,0.0,0.0
1433,0.2060412310276876,565.0,0.39400278940027894,0.0,0.0
1434,-1.791798735515254,565.0,0.39372822299651566,0.0,0.0
1435,-1.3556863163910884,565.0,0.3934540389972145,0.0,0.0
1436,-1.0863054397497574,565.0,0.39318023660403617,0.0,0.0
1437,-2.20903300387879,565.0,0.39290681502086233,0.0,0.0
1438,-0.5291505472179505,565.0,0.39263377345378736,0.0,0.0
1439,-0.783775417492884,565.0,0.3923611111111111,0.0,0.0
1440,-1.1177574836977882,565.0,0.39208882720333105,0.0,0.0
1441,0.5327017211218799,565.0,0.39181692094313453,0.0,0.0
1442,-0.3431618908656025,565.0,0.39154539154539153,0.0,0.0
1443,-1.7061673549739855,565.0,0.3912742382271468,0.0,0.0
1444,-1.913918344423211,565.0,0.39100346020761245,0.0,0.0
1445,0.9416606105991576,565.0,0.39073305670816044,0.0,0.0
1446,-2.259948714629095,565.0,0.39046302695231516,0.0,0.0
1447,-0.1060403601539972,565.0,0.39019337016574585,0.0,0.0
1448,-1.772635223446505,565.0,0.3899240855762595,0.0,0.0
1449,-2.799380884460363,565.0,0.3896551724137931,0.0,0.0
1450,-1.2642694515465678,565.0,0.3893866299104066,0.0,0.0
1451,-1.8913279511935217,565.0,0.3891184573002755,0.0,0.0
1452,-2.5813432672668304,565.0,0.3888506538196834,0.0,0.0
1453,1.368735815464431,565.0,0.3885832187070151,0.0,0.0
1454,-0.6874860616154294,565.0,0.38831615120274915,0.0,0.0
1455,-1.3425167136172322,565.0,0.38804945054945056,0.0,0.0
1456,0.4247699978495428,565.0,0.3877831159917639,0.0,0.0
1457,-1.609603291219476,565.0,0.38751714677640603,0.0,0.0
1458,-1.0461650938561349,565.0,0.387251542152159,0.0,0.0
1459,0.0132234654141852,565.0,0.386986301369863,0.0,0.0
1460,-2.594764521608367,565.0,0.3867214236824093,0.0,0.0
1461,-1.2428883752485782,565.0,0.38645690834473323,0.0,0.0
1462,-0.7216272984064455,565.0,0.38619275461380725,0.0,0.0
1463,-1.8035141372878143,565.0,0.3859289617486339,0.0,0.0
1464,-0.582539091980037,565.0,0.3856655290102389,0.0,0.0
1465,-0.5573138991249287,565.0,0.38540245566166437,0.0,0.0
1466,-2.0808523911826535,565.0,0.38513974096796183,0.0,0.0
1467,-2.2466352113549943,565.0,0.3848773841961853,0.0,0.0
1468,-1.1877751480533831,565.0,0.38461538461538464,0.0,0.0
1469,-0.6459806645214563,565.0,0.3843537414965986,0.0,0.0
1470,-3.352823342567227,565.0,0.3840924541128484,0.0,0.0
1471,-0.1365845195698527,565.0,0.38383152173913043,0.0,0.0
1472,-0.9845445570760172,565.0,0.38357094365241007,0.0,0.0
1473,-3.2646303126071903,565.0,0.38331071913161463,0.0,0.0
1474,0.0384910112348421,565.0,0.38305084745762713,0.0,0.0
1475,-1.8115872212234287,565.0,0.38279132791327913,0.0,0.0
1476,-1.40702011349679,565.0,0.3825321597833446,0.0,0.0
1477,-0.3617610615913667,565.0,0.38227334235453314,0.0,0.0
1478,-0.0613672986722473,565.0,0.3820148749154834,0.0,0.0
1479,-0.095891513439781,565.0,0.38175675675675674,0.0,0.0
1480,0.3159918952044688,565.0,0.38149898717083053,0.0,0.0
1481,0.1222771772810315,565.0,0.38124156545209176,0.0,0.0
1482,0.0529595318402876,565.0,0.38098449089683073,0.0,0.0
1483,0.6775179210842199,565.0,0.3807277628032345,0.0,0.0
1484,0.6991209545669111,565.0,0.38047138047138046,0.0,0.0
1485,-1.3293096133016071,565.0,0.38021534320323014,0.0,0.0
1486,0.9114793771134804,565.0,0.37995965030262274,0.0,0.0
1487,1.1354622567684385,565.0,0.3797043010752688,0.0,0.0
1488,0.835308036055517,565.0,0.3794492948287441,0.0,0.0
1489,-0.3915738108140705,565.0,0.37919463087248323,0.0,0.0
1490,0.4636080343900647,799.0,0.5358819584171697,0.0,0.0
1491,2.0435298963301527,565.0,0.37868632707774796,0.0,0.0
1492,-1.7934339266069577,565.0,0.3784326858673811,0.0,0.0
1493,-0.1236221878529129,565.0,0.3781793842034806,0.0,0.0
1494,-0.9539520929413,565.0,0.3779264214046823,0.0,0.0
1495,-2.7186932133667323,565.0,0.37767379679144386,0.0,0.0
1496,-1.955441579595058,565.0,0.37742150968603877,0.0,0.0
1497,-1.272239504325326,565.0,0.3771695594125501,0.0,0.0
1498,-2.0983944203651643,565.0,0.37691794529686456,0.0,0.0
1499,-2.0722340228305645,565.0,0.37666666666666665,0.0,0.0
