,Date,N,epsilon
0,0,0.0,-0.01430929745142943
1,1,0.0,0.015589869954286132
2,2,0.0,1.8321107588114247
3,3,-0.018289658228033596,-0.018289658228033596
4,4,1.3621515359349838,1.378612228340214
5,5,2.12727791333435,0.9015244275751445
6,6,1.916163259000669,-0.011825481777315325
7,7,1.6458893219998854,-0.11355190559341011
8,8,0.4349137122053013,-1.0868210893179457
9,9,-0.09188489507005682,-0.5189277618648336
10,10,-2.163877037196512,-2.1019886619755126
11,11,-1.3946937378808273,0.5493653074246813
12,12,-0.8911062734412862,0.38667570997412404
13,13,-0.44117553629454526,0.39640581755338583
14,14,1.2638099102067035,1.6837258929850154
15,15,1.0321745615256852,-0.0919315395629897
16,16,1.123435689326725,0.18625224021448672
17,17,-0.08505086677945606,-1.1191028318908325
18,18,-0.1393851202814509,-0.08439544268846455
19,19,0.9192293014145665,1.0342920614423996
20,20,-0.18960489292767424,-1.014666904330175
21,21,-1.2879813125655997,-1.125135350742024
22,22,-1.6803197944636028,-0.528432857239432
23,23,-0.7682535522240211,0.7588101248481541
24,24,-2.129042515904638,-1.4079313078327274
25,25,-1.6693597405753309,0.2712642572057197
26,26,-2.759042720824844,-1.2276459936257593
27,27,-2.603085842671713,-0.08196337136455366
28,28,-2.8981757304203803,-0.5111144474018372
29,29,-1.4405610241632492,1.2214184188500588
30,30,-0.20165469740192266,1.1498628400759223
31,31,-1.8292043773345479,-1.6043277821269812
32,32,-3.548325264085051,-1.8856191672683058
33,33,-3.26458688090115,-0.050785552477239135
34,34,-2.3245508420602192,0.6673526471650119
35,35,-1.8145856239473368,0.3456392553567225
36,36,-1.9422137095448928,-0.25319527076267584
37,37,-0.7548879991523056,1.0344957040981735
38,38,-1.0823566085715077,-0.36538941599951036
39,39,-0.912900005609203,0.08819195919212597
40,40,0.06908421105767526,0.9090666621831962
41,41,-0.11603408993444306,-0.1582573137445437
42,42,-0.8085777666604661,-0.6957089277739521
43,43,-0.4069178071271392,0.321271681656048
44,44,-0.7729545137505313,-0.39748236877015686
45,45,-0.6857436026753251,0.02207041543802914
46,46,-0.08617328872623398,0.5427946768903353
47,47,1.1185689058397692,1.2107118468576383
48,48,1.3097785516494134,0.31078570530763694
49,49,3.3689698506196413,2.179845197964034
50,50,3.150576626071797,0.09422028593922788
51,51,3.0996946183808602,0.21738817089355225
52,52,3.960907280274221,1.1059866589645324
53,53,4.184884647816115,0.5575653831247894
54,54,3.821938360685434,-0.015063841335620554
55,55,2.4220420204789206,-1.0991604234188732
56,56,3.5831942453035657,1.3232881967875214
57,57,2.0019517471699197,-1.285362877414933
58,58,1.358939152607236,-0.5028697825035167
59,59,1.3048426805827524,0.025945983311505078
60,60,2.5757018332885497,1.3677345117663007
61,61,4.1991946492322665,1.8544251809406722
62,62,3.3529370983284807,-0.46514353111927204
63,63,3.3644194559421985,0.279027102621358
64,64,1.8550353632069645,-1.2484634646166217
65,65,2.293882422128844,0.5571770296998693
66,66,2.3190857466281978,0.20239701852074612
67,67,0.9734358363502371,-1.155230513468499
68,68,-0.4492131676400527,-1.3714351020428366
69,69,-1.5127619318549677,-1.1413952968087044
70,70,-2.6199193396213554,-1.2636758276389863
71,71,-2.7335178385037513,-0.3559706818495808
72,72,-2.6699221022661077,-0.16842923489796827
73,73,-2.51288289081363,-0.056418626992882484
74,74,-2.6826463422673337,-0.3670173411273685
75,75,-2.110183826107753,0.3560259318636448
76,76,-1.1991587236549694,0.7519620121728182
77,77,-2.0217102932242277,-0.8945391402510044
78,78,0.09669538003923428,1.9493280694386663
79,79,1.9541917162692595,1.8993745644027407
80,80,2.3239592016057635,0.58443680609528
81,81,3.0881670150780485,0.9760948626697756
82,82,2.4811518762182647,-0.3409799465307292
83,83,2.642717062147839,0.3555591113845622
84,84,1.3123261371340051,-1.1218124077120133
85,85,-0.35425159448272137,-1.5865838072869871
86,86,-1.1328165502659666,-0.8535405472243359
87,87,-0.792244812899285,0.21770933691357203
88,88,-2.7590226660407193,-2.0311316529838757
89,89,-2.5466026175176144,-0.044231604449314406
90,90,-3.1403501395969577,-0.8128951090417047
91,91,-2.6352176609297717,0.24415371754307372
92,92,-3.067471872671475,-0.6389064502635347
93,93,-2.173988706032187,0.6444916573774081
94,94,-2.7838458972032365,-0.7702291664382558
95,95,-2.677461312650381,-0.11958539938043107
96,96,-1.7138994425150367,0.7453940849026601
97,97,-1.9449183568955397,-0.34779578653347054
98,98,0.12251806830180523,1.9168581970594452
99,99,0.5137367585296986,0.4400586750521796
100,100,-0.4801386293099794,-0.9242777091007708
101,101,-1.246574417708499,-0.8208121995978325
102,102,-1.8509877055439032,-0.7294067108984513
103,103,-2.8781958870699533,-1.1950398216102558
104,104,-2.235531697708857,0.3858202218866249
105,105,-2.172683852503545,-0.11341348863943503
106,106,-1.9373725008540836,0.06918024224689462
107,107,-4.1404699146889214,-2.3527525084181224
108,108,-5.079026638291344,-1.3115031515377384
109,109,-3.4952423459392343,1.1366600526784052
110,110,-3.322864694197335,-0.08495161732222155
111,111,-2.669966764897328,0.40635414972257944
112,112,-1.5308184732072925,0.9403326856016685
113,113,-2.0718837015415414,-0.6342187610640316
114,114,-1.980338850529699,-0.07363566676126565
115,115,0.31048208654264253,2.12881407376686
116,116,-0.11028665249412758,-0.3491983048617935
117,117,0.23486171651690424,0.35081827140148963
118,118,-0.04431505788668472,-0.2576925570923837
119,119,0.294054716848746,0.3326925183065345
120,120,0.8909782367676473,0.6244235250174737
121,121,1.2539678534019676,0.44959004372146427
122,122,2.2632864315045493,1.1228650339066144
123,123,1.5798886508409449,-0.4785185984148456
124,124,0.3344120336160572,-1.1226602949898585
125,125,0.4465731551671489,0.10717057408924249
126,126,0.5539841642854343,0.1329253177904303
127,127,0.8505469638281058,0.34415136408338287
128,128,0.8373641246988007,0.06186628405897969
129,129,1.1441645906571574,0.37649156714710136
130,130,0.40186264667687777,-0.6447645957998329
131,131,0.43958989705531787,0.05809822789256824
132,132,0.3586932372368632,-0.0523979424862632
133,133,-1.3231114163333593,-1.6543498552838583
134,134,-1.5412084509412391,-0.3583910075841377
135,135,-1.5045959174422976,-0.10786412980421743
136,136,-1.6035629570220091,-0.22078343265119524
137,137,-1.1834771323923088,0.2901875726113347
138,138,-1.4294249610688248,-0.33321395317110364
139,139,-1.9771212902362825,-0.6627684243801969
140,140,-1.9295421280312184,-0.12400394588395283
141,141,-1.6676759044869456,0.10297747325420195
142,142,-0.6554208577039637,0.8845540905169624
143,143,-2.0835680191254076,-1.4577170668666584
144,144,-2.08448098378281,-0.18603879894803407
145,145,-1.1494754601407782,0.7539473140320445
146,146,0.007593518443891556,1.083801922599674
147,147,-0.38816868940445387,-0.3626632915647204
148,148,-1.7438037523347145,-1.3830331124537372
149,149,-1.1461060488591435,0.42712307995170545
150,150,-0.6013505527561136,0.45146461563450724
151,151,0.30102115838132115,0.871135753873762
152,152,2.088402813388013,1.8349583368609763
153,153,1.862416767518228,-0.014142470587235669
154,154,1.8851814653077346,0.18511213482363578
155,155,3.549771175642765,1.8135996610567413
156,156,3.358548255339153,0.12627821493240496
157,157,2.3244176986082667,-0.7526252576064754
158,158,3.635005593921276,1.4739464708640173
159,159,2.711032966717586,-0.6173017273510369
160,160,1.2559578465377308,-1.2435660564333924
161,161,-0.539706068191957,-1.7335285156823033
162,162,-1.5897005534430995,-1.1436350002028914
163,163,-0.8789597225826988,0.544608257732633
164,164,-0.6026425033291427,0.20971531321163686
165,165,-0.8510307620821166,-0.28396590632563024
166,166,-0.15066077566617486,0.6300829324668484
167,167,0.012594292029405985,0.16272572278307595
168,168,1.6899707771441606,1.6886528296951782
169,169,1.3836228958464787,-0.13597013874689817
170,170,0.6865298666852097,-0.5757563902683568
171,171,-0.6941159868114505,-1.3427288035580456
172,172,-0.43903013689777975,0.16497272360720877
173,173,0.07067144983200829,0.4658744342412725
174,174,1.5484908966345277,1.4962180530228124
175,175,2.3095940803445294,0.919635860244112
176,176,1.8260391218156249,-0.268787173959117
177,177,2.561899259295847,0.8798831998919938
178,178,1.0933167516940285,-1.2537489136938356
179,179,2.8390253629364,1.8111609026006594
180,180,2.353253067086739,-0.23842191966591988
181,181,3.032185590611146,0.8749344090867766
182,182,3.515092014312689,0.7342021984624256
183,183,2.3663351204069647,-0.8511020790514345
184,184,2.971311296943629,0.7761369125281222
185,185,2.498211315101275,-0.2347831234951882
186,186,3.9141075167624084,1.6123408689977552
187,187,3.3151266446263086,-0.2622653465803077
188,188,4.149661678308173,1.101924509825859
189,189,3.160496895137335,-0.6464909569539077
190,190,2.225356232486469,-0.6937388563664781
191,191,1.8520760243068923,-0.22384617066538526
192,192,-0.18907857403317485,-1.909805527185616
193,193,-0.3089189744216976,-0.17952258035977386
194,194,0.28677209261681463,0.5481691950936053
195,195,-0.3277612097413532,-0.5808761176119377
196,196,-0.7774948839902874,-0.48228832640502073
197,197,-0.9050954252826608,-0.2049401385201568
198,198,0.054235856367717994,0.8798743000594292
199,199,1.1829723468677025,1.1509859792294856
200,200,0.4963131996379494,-0.5598533168538337
201,201,-0.8432034717244743,-1.3022574334309829
202,202,-1.8238271462129982,-1.081736877126028
203,203,-4.241362853577533,-2.596449519264969
204,204,-2.570754321755336,1.273142552643818
205,205,-1.7179082485134893,0.6564225410642184
206,206,-2.363115079068257,-0.748876483652788
207,207,-3.62224008839184,-1.452549891527721
208,208,-4.87929197567607,-1.5784656628475962
209,209,-4.353123033569181,0.09809329621388288
210,210,-3.129942173609119,0.872883877243823
211,211,-0.2829797405583765,2.626292365782283
212,212,0.6359320682092948,0.9654444867836167
213,213,-0.022018947929421495,-0.5602285901761118
214,214,-0.9806140876499398,-0.9643265577899697
215,215,1.6063057487924284,2.4827192964745755
216,216,0.9837204002481648,-0.4519284433092275
217,217,2.2482033684442877,1.3565980916095144
218,218,2.5349432746147578,0.48565998152449286
219,219,1.6696480854877467,-0.6441200993524602
220,220,1.428254825403809,-0.12225991796575349
221,221,2.2457781194257533,0.9183028629613001
222,222,1.7836457495925935,-0.26853358699950003
223,223,3.4840721719572327,1.8420506678756032
224,224,4.795766534467228,1.6198073410155354
225,225,5.911724509970352,1.5428574497343484
226,226,5.349804277895948,-0.05354616814161374
227,227,4.211260685882167,-0.7106380746685612
228,228,3.4714955609150246,-0.4312543442575892
229,229,1.9053439433291441,-1.314612711132159
230,230,1.8141671665364134,0.022530055072211775
231,231,1.1153154435865256,-0.5712034013386883
232,232,0.3147519543983819,-0.726227055928147
233,233,0.5176717656779435,0.20510018061817048
234,234,-0.12704075422754824,-0.6072460173175465
235,235,0.32890407395090415,0.4349165155549343
236,236,-0.822169276281346,-1.1220892529516637
237,237,-1.0314635816938167,-0.293529866237839
238,238,-0.9979052939092687,-0.06465541836152934
239,239,0.26783545210544024,1.1844865452035338
240,240,-0.5946745577824122,-0.8154327759212775
241,241,-0.770067835192377,-0.22756003477016765
242,242,-1.5129986160935045,-0.8166691733635955
243,243,-0.8048362264195134,0.5705099519943887
244,244,-0.4165580416751695,0.3306252266152514
245,245,-0.258934588609103,0.13914599732367974
246,246,-0.1412613980087305,0.10399367442040904
247,247,-0.16914213142737428,-0.03525194691667411
248,248,1.2129261231136872,1.3691560012645023
249,249,0.4545017414910397,-0.6340277340169176
250,250,1.2737099614992586,0.8542205542404596
251,251,0.7067018581955598,-0.4563113857998202
252,252,-0.03739955210533352,-0.6907133415112403
253,253,0.4215576129576,0.435413091655452
254,254,-0.6109399890853653,-0.9970348638081076
255,255,-0.10471406938445221,0.4412903401838539
256,256,-0.11003026828511156,-0.01389378207782691
257,257,0.5060906469102078,0.6122744289515064
258,258,1.8254601213893105,1.372125982546819
259,259,2.095578464152912,0.4487037511162814
260,260,1.5913853600886583,-0.3179507653319575
261,261,0.6420118223717897,-0.8294453875634251
262,262,1.356752964124782,0.7420726857477556
263,263,0.49996926323895685,-0.7434423762979513
264,264,-0.12852486395723406,-0.5984848487372609
265,265,-1.1488164877618303,-1.051711332473957
266,266,-0.7871336048294726,0.24308679016335727
267,267,0.5371388145923864,1.2583324724561025
268,268,0.43260840258585614,-0.031457029621378675
269,269,0.2762527456054157,-0.11059486881948401
270,270,0.939093015501894,0.6807680722852374
271,271,0.7324798783414426,-0.11979244709217474
272,272,0.13224709418634584,-0.5391382539320256
273,273,-0.4536615431467962,-0.5893996568529408
274,274,-0.46238559596501805,-0.06273747685817933
275,275,-0.4822791953200169,-0.06291801446189614
276,276,-1.8063451504378594,-1.3631334032587261
277,277,-0.6171483922146144,1.0180088910923095
278,278,-0.4223868647154259,0.1559329317353058
279,279,-0.35423883205470424,0.05014428161570385
280,280,0.31964361553237,0.6488539169509042
281,281,-0.4151521226135848,-0.6950651196250165
282,282,0.249274797022413,0.6232576595398627
283,283,0.9120762038462911,0.6886839715969315
284,284,0.3680644822520625,-0.45114532795368784
285,285,-1.1077377099754933,-1.4506092540110367
286,286,-0.6587950759570167,0.3253674561599437
287,287,0.8799772088561352,1.4802895094946846
288,288,2.3174569349107434,1.5431427747995472
289,289,1.2527346684335927,-0.8351883943150673
290,290,1.106771684165529,-0.05266385886237303
291,291,3.014526142922727,1.9827297111403073
292,292,2.822968262023314,0.08629966986686873
293,293,3.2532693522952467,0.6713849382033817
294,294,2.2938163910214184,-0.6925009700937643
295,295,2.8655503459326876,0.7403532178702255
296,296,1.6005961751839126,-1.0338699935886733
297,297,1.8172930916457228,0.3251628666106605
298,298,1.024830337308688,-0.6553949103836285
299,299,0.045896960108094076,-0.9106292361380215
300,300,0.45046510916316584,0.3807366107763371
301,301,1.7143583159753315,1.2982324447543143
302,302,2.2382722855144874,0.6903861804439765
303,303,3.2906847024042456,1.2545914111898222
304,304,3.4039922414681754,0.40284970328945574
305,305,2.922821538884329,-0.19606104831621637
306,306,1.851837990345782,-0.8456481640888386
307,307,-0.834584292642935,-2.5645066217576638
308,308,-1.0652735480738258,-0.3618942799874854
309,309,0.3648511120166974,1.3134247683061122
310,310,-1.2275083886929492,-1.5368758111008092
311,311,0.16479555856368022,1.2765573327479058
312,312,1.135361036085083,0.9956716061445333
313,313,-0.11814278437350856,-1.1293405885487906
314,314,1.5455320303466804,1.6388589703363505
315,315,2.6803082330210017,1.2791572231918735
316,316,0.7344391032520892,-1.692112198926544
317,317,1.8673616903500867,1.1641080947895297
318,318,2.267047286690158,0.5522742920123492
319,319,1.3558639597407791,-0.710496606216385
320,320,1.4088569207802841,0.1472352672431805
321,321,0.5733763396883418,-0.7308240014782235
322,322,0.637346763281864,0.09366084875714577
323,323,0.3026574605990114,-0.29077695895935257
324,324,-0.41560968375227786,-0.7001086293210902
325,325,-0.0742351475997885,0.29041352553845284
326,326,1.206849467569695,1.2747906226410373
327,327,2.1619105637514693,1.0806444912522644
328,328,2.264055481728767,0.3070098311527456
329,329,3.45794453835942,1.386607004490318
330,330,1.6405626990881856,-1.5158470458900948
331,331,2.0977037930847193,0.5639773637044706
332,332,2.0959819475793466,0.15706346142862326
333,333,2.875896390107144,0.952129972364003
334,334,2.0272586285653835,-0.6029849799376868
335,335,1.8905308055762038,0.01627925649049374
336,336,0.756852324937557,-0.9936569502677518
337,337,-1.7378660600565237,-2.458211046841741
338,338,-1.775987513551816,-0.2383818908060821
339,339,-1.2451552700998698,0.36304362944795415
340,340,-0.9059102339771565,0.2498680448488097
341,341,0.2995404689636374,1.1450711073795952
342,342,-0.12342807118419377,-0.37150383821069716
343,343,-0.34814359194467037,-0.23099463022876074
344,344,0.4389340916705442,0.7505022004429531
345,345,0.43124985212431177,0.04092488625211064
346,346,1.121650195316882,0.7326174234077428
347,347,1.5255398217817966,0.5073528065586542
348,348,1.731711677074597,0.343196836996568
349,349,1.4035194248900074,-0.18149298464811708
350,350,2.6904900353136867,1.394750037924116
351,351,2.0649203455029417,-0.38787299729902247
352,352,0.06674104847591544,-1.8326273570787692
353,353,-0.4558304563784433,-0.5634515038149335
354,354,-0.24517008361638265,0.1437607131844278
355,355,-0.6736279524465133,-0.4490839831127436
356,356,-1.6612765415410897,-1.0480013789392792
357,357,-2.089842537478864,-0.5855056697312542
358,358,-2.442444330024821,-0.5382370013539669
359,359,-2.4633482585026667,-0.22763717069012832
360,360,-1.974876706956331,0.287459594371106
361,361,-3.227698975486937,-1.401252013340964
362,362,-2.815942299336338,0.13336902825649558
363,363,-3.0218350719874407,-0.4354612457603032
364,364,-4.037171303830152,-1.2570833262932222
365,365,-2.7654770444610115,0.9263549026993637
366,366,-2.999106712636028,-0.4395873088629409
367,367,-2.1770494603609163,0.5901730644944204
368,368,-2.738772239566506,-0.721781887670711
369,369,-2.685771603827489,-0.16911502648766388
370,370,-3.0521444782242453,-0.5857918177802313
371,371,-0.8363825386123853,1.9647929302233758
372,372,0.15414207739075592,0.9642655229624202
373,373,0.054889800125387765,-0.04495279935792627
374,374,-0.19165423102121648,-0.23423264652184916
375,375,-1.3145393476867768,-1.1441408585428434
376,376,-1.4631888400360353,-0.27873578280897776
377,377,-0.3636900186269386,0.9682418731925729
378,378,0.4000548015001553,0.7551531001416282
379,379,1.6577446180598208,1.3159640852963108
380,380,1.4893094182610032,-0.0030243858215678815
381,381,2.3940757513470885,1.0331192807165859
382,382,2.939271415786399,0.753132699210811
383,383,3.895777289998919,1.2115991640950796
384,384,4.04724657888213,0.487713546211768
385,385,2.91109235393309,-0.7997800541186805
386,386,2.67122190675087,-0.028191450477721605
387,387,2.2375023190375516,-0.23618078636638348
388,388,1.71078722767577,-0.3587880020648663
389,389,1.9509576457600182,0.3621618985939409
390,390,0.8685027105801866,-0.9268420660709629
391,391,1.7990796722422016,0.9808097839856758
392,392,2.604034995312934,0.9566686867315504
393,393,4.221203058947546,1.8508957393376821
394,394,3.8818640805370515,0.03875018080870825
395,395,5.69122222995551,2.12929217692956
396,396,4.345985596958174,-0.8571450813966313
397,397,3.819090272787819,-0.1880276275794631
398,398,1.6441700398255803,-1.8933832839525941
399,399,1.6686891750186126,0.10728538047813041
400,400,0.7081103871502643,-0.848342473492621
401,401,1.040337498372992,0.3699095577893123
402,402,1.7002419629857815,0.7401702188283997
403,403,2.390119009563191,0.842416764020755
404,404,1.8473845746344602,-0.33112832858599955
405,405,1.2049977338761981,-0.49855199302030556
406,406,1.9268340760598024,0.7999610797292476
407,407,0.9881139652204677,-0.7765605263184611
408,408,0.615932933112161,-0.30468795368561996
409,409,0.1353684576220986,-0.44812066259164907
410,410,0.39475635515956253,0.2568842743163475
411,411,0.7819818053174737,0.41918807176652484
412,412,0.995409541239504,0.28632466832596093
413,413,-0.029856136739176753,-0.9374921054595008
414,414,-0.4176091065830366,-0.40851249698334735
415,415,0.7868917786124207,1.1530844404921503
416,416,0.3342578479528541,-0.36947010036510225
417,417,1.1174296884255652,0.8129047985477027
418,418,0.5766205818260974,-0.4402776340225641
419,419,-0.0639394598248968,-0.5974148588321687
420,420,-0.5311525356932102,-0.49054752455331974
421,421,-0.5771518623100121,-0.10424139140613493
422,422,0.7961519761938247,1.3215395722280168
423,423,-0.3872737920663982,-1.0927275266608083
424,424,-0.9782301440907593,-0.631873732369839
425,425,-1.5628808971727741,-0.6865625493323649
426,426,-1.545175434257823,-0.12492758744075483
427,427,-2.008903943383282,-0.5928349421386054
428,428,-3.244080308901207,-1.4049861965419475
429,429,-2.6649308653922166,0.29028220639528074
430,430,-1.8381517679095098,0.6128158534663297
431,431,-2.305145958745104,-0.5917192558836111
432,432,-2.5287317440065142,-0.40906955480290336
433,433,-2.9046020530210033,-0.5873105061485948
434,434,-3.924415483243234,-1.261934858496815
435,435,-2.2506683404363654,1.33563893245282
436,436,-1.522837597092407,0.5710540846629645
437,437,-1.8784450030426056,-0.4461403274226432
438,438,-0.6907592439102159,1.0375763182034168
439,439,-0.06011427797020519,0.5955818675503393
440,440,-0.29807887012706075,-0.21828397748434786
441,441,-1.705477315513927,-1.429697597180768
442,442,-0.550176213313609,0.988335302129898
443,443,0.2672710315626998,0.7824651854013578
444,444,1.388740166986607,1.1707527738684524
445,445,1.382201581762725,0.13516448329228758
446,446,0.4999895283561888,-0.7605520072157566
447,447,0.4048330469940675,-0.07286694601399571
448,448,-0.13269487265061408,-0.515866526046464
449,449,0.43995526763082055,0.5503324272628707
450,450,0.732495017098409,0.3338138944872359
451,451,1.822414024831811,1.1600959054934408
452,452,1.81130464072063,0.15940751552470758
453,453,2.814704140800172,1.1589808737323029
454,454,1.0413199858725297,-1.5282509275031495
455,455,-0.21333222178609512,-1.19678029688658
456,456,0.4827534614424789,0.6361922197832375
457,457,-0.3533049918482235,-0.7960629847873189
458,458,-0.21734966115340354,0.09793061911343376
459,459,-0.23475014005108633,-0.040429929708965674
460,460,1.0880078937804276,1.3049895663564217
461,461,0.10545839806966084,-0.8692277083206792
462,462,0.40773613018254906,0.30429099438256085
463,463,0.9228387343269915,0.5439415542441964
464,464,0.8908574539249107,0.05517064774809634
465,465,-0.30778322124393664,-1.1228606784214517
466,466,0.8680097344315065,1.1268776716685305
467,467,-0.4854720104741299,-1.2725115137892955
468,468,1.3359311140892025,1.7672536583840437
469,469,3.576036021900508,2.3698726419806517
470,470,1.933103227129922,-1.293833783616686
471,471,2.3629634754643485,0.5740508996875215
472,472,2.2358218086340975,0.05406328822587914
473,473,2.2334246171446535,0.17822432234802263
474,474,1.8691588383237474,-0.1869111699474254
475,475,2.9183481656783163,1.1914127469291562
476,476,3.959128098208569,1.2915889145434007
477,477,2.854263093347498,-0.7568272650802348
478,478,2.6408405663467716,0.0032290196951541396
479,479,3.2632894852448406,0.8183990636171853
480,480,2.2159419340220063,-0.7759696392952933
481,481,3.1994034753058997,1.1460144341701775
482,482,1.3050940308057937,-1.6291614111621848
483,483,0.28228402455099044,-0.946454057267503
484,484,0.06651475693737072,-0.2325858402196376
485,485,-0.32017277616875695,-0.39590983796595847
486,486,0.3721436788621033,0.656811189599101
487,487,-1.464739206727883,-1.797131937511462
488,488,-2.245205761785101,-0.9274601847569398
489,489,-1.002569534367136,1.0290416065181132
490,490,-1.4400508218995376,-0.5006387912839856
491,491,-0.9638242456695454,0.3646992470015609
492,492,-0.35490026792850315,0.5369677567367545
493,493,-1.2651507693146753,-0.9217017775033317
494,494,-0.19107610682441767,0.9607468306947705
495,495,1.07394115321709,1.2621101597314976
496,496,-0.023346273194360667,-0.9753310423283508
497,497,0.2189210427368128,0.23110403814781066
498,498,-2.9857623373679587,-3.1932972246313174
499,499,-1.9264016240615511,0.7588287318741872
500,500,-3.5700357016872575,-0.8657747922428469
501,501,-2.191714356440621,-0.392394914394673
502,502,-2.1253418694701347,1.1288714218534188
503,503,-1.606159419270009,0.4233372772381239
504,504,-1.1135105299464927,0.8372758903337346
505,505,-0.4384305693913535,1.039501431945821
506,506,-1.1942940785832712,-0.17168870174481424
507,507,1.149606731276618,1.5672722898141338
508,508,-0.8016809908181439,0.26607191828794735
509,509,0.8697294377325862,-0.14495686972235597
510,510,1.1794236119321333,1.8807431419783707
511,511,0.9993086228122714,0.21277470264180398
512,512,1.5058853734045323,0.4257137420601639
513,513,0.3086408742429948,-0.6175899761414161
514,514,3.093902386960969,1.7255260559263368
515,515,-0.5157109586889665,-0.8394856231113168
516,516,1.5787858044532863,-1.203655642967126
517,517,0.7051581806059944,1.1225711615119218
518,518,-0.3151123313245132,-1.7379140275516411
519,519,-0.6652239903663415,-1.3125030876430241
520,520,-0.34335653224406454,-0.060154775954399164
521,521,-0.06987047290880521,0.535415807056588
522,522,-0.8267411144130438,-0.5103692907606342
523,523,-0.6492848035792401,-0.5747004014947443
524,524,-1.3783569088764485,-0.6270983531398284
525,525,-0.8594081974434726,-0.25300089398926157
526,526,-0.28109707805868056,0.9745110699403503
527,527,-2.035235826078611,-1.245173908510134
528,528,-0.17434412129229035,0.10758968919574305
529,529,-3.681736226643868,-1.8454695711796085
530,530,-0.661734529226063,-0.44765509953577687
531,531,-1.2779582093863904,2.043965181098274
532,532,0.8568318906220757,1.501989911285835
533,533,-0.6222848977701482,0.5259265170636432
534,534,1.1596655198024615,0.40751924931415884
535,535,-1.069664564678943,-0.5297731307900552
536,536,0.7170544871369056,-0.30972498606081894
537,537,-1.4383040384885972,-0.49437313034694214
538,538,0.5012831727660183,-0.11898617962552126
539,539,-3.234073712724933,-1.9517834546842243
540,540,1.5183097200856426,1.1138786421083613
541,541,-4.332333519720628,-1.441863107196705
542,542,3.3977388915876765,2.1069242158350536
543,543,-3.0629815754657628,0.7869581061660686
544,544,2.6090462276074833,-0.3749656238695614
545,545,-2.7771800239263555,-0.08056445719912081
546,546,3.9757023133564955,1.6859623245036823
547,547,-3.2913443357069685,-0.8577297995828885
548,548,4.040603233377855,0.5231563949533414
549,549,-3.144166666172039,-0.26211981950311125
550,550,2.6395839978277627,-0.9326038021935167
551,551,-2.4386511792944363,0.3242969479483429
552,552,2.7504149637239252,0.4306175441336039
553,553,-3.7485296421018104,-1.6076435703523346
554,554,4.726234956218719,2.3127332970811487
555,555,-5.424788015381774,-2.1258778366895705
556,556,5.9607962351235795,1.798917951101568
557,557,-5.288777129208585,-0.5133382272784108
558,558,4.74391800860552,-0.5136629515597988
559,559,-4.260684621308782,0.39216765254165453
560,560,5.037583880077517,0.863552289837723
561,561,-5.161929156151767,-1.4251280158606936
562,562,4.663608582940464,0.22400922864530426
563,563,-4.068012397402646,0.48071191850376394
564,564,3.962875055699042,-0.14207325341183105
565,565,-4.208407946115282,-0.6334616248392962
566,566,3.0418338438421406,-0.4419895028518181
567,567,-4.643266215686166,-0.9257461531778235
568,568,3.705493265549836,1.056359547709924
569,569,-4.858893406854939,-0.7474270838313093
570,570,5.175518810055282,1.9355964672858397
571,571,-5.5608671557275615,-1.276673210314167
572,572,3.8155003337659736,-0.738268989657955
573,573,-4.8088173085383,0.10605294017829243
574,574,3.192443783976887,-0.1378096717698312
575,575,-2.654214513904782,1.6036416226022596
576,576,1.6572593508131181,-1.1413097365416494
577,577,-3.0649673996791194,-0.7246713685127159
578,578,1.0192800729400717,-0.4150615236558957
579,579,-4.311270896580917,-1.5795656311072408
580,580,0.7501756942233018,-0.09341398846016234
581,581,-3.9851549688780046,-0.12270571962681298
582,582,0.9772089965782622,0.3850151304318798
583,583,-3.5020236046377424,0.06734202044444611
584,584,0.5694715933272692,-0.23514471785800956
585,585,-3.7424449798691746,-0.606090541594262
586,586,0.2243772856359632,-0.21570246251350988
587,587,-1.6963957594258419,1.6638662336667827
588,588,0.711649197212524,0.5640980475331072
589,589,-2.999585492973571,-1.4821895743187983
590,590,0.18675263879219328,-0.40677182617508423
591,591,-2.2603639620804,0.4302789632357665
592,592,1.565748871138828,1.4502709907763938
593,593,-3.3497176053198725,-1.3329150545468227
594,594,0.5544685430221246,-0.7986046253288179
595,595,-3.7245705071640134,-0.7310268365177376
596,596,-0.7218505527178527,-1.150129360312926
597,597,-2.3654110457831887,0.9883762307613807
598,598,0.8728349617657456,1.5834002747412852
599,599,-2.15400568506893,-0.026645587954539068
600,600,0.41097157851782545,-0.32938571976282444
601,601,-0.08762637773048021,1.8381406734287213
602,602,1.0430538924923747,0.6955957924543258
603,603,0.35056490544802293,0.4148883906953531
604,604,1.2683206553222817,0.32694276680196904
605,605,-0.29201858237373124,-0.6306407427550984
606,606,2.317745993854329,1.1756719408335328
607,607,0.8898006863792721,1.1167567440238642
608,608,1.5969253803631527,-0.4950238351457989
609,609,-1.8053630616041922,-2.645330393087712
610,610,1.1602029257892028,-0.2678742927853854
611,611,-1.914791584570784,-0.3175361121885344
612,612,1.9128686875178658,0.9058876007693328
613,613,-1.9984775544139333,-0.30589584443329837
614,614,1.164950035838661,-0.5174990915375709
615,615,0.5004136381703641,2.268265249909339
616,616,0.8096113346268043,-0.22386305846555501
617,617,0.920280052321188,0.4501621642632057
618,618,0.8259258615851784,0.083068723516139
619,619,1.8042812098329666,0.9596737907817776
620,620,-0.3266485414652439,-1.097227429513446
621,621,1.8514730984885939,0.22262723643772434
622,622,1.2533909208066676,1.5108170650421715
623,623,3.1663609714517107,1.490767759018562
624,624,1.3764067258676895,0.19817655644228566
625,625,2.9445862594217163,0.06856340864843295
626,626,0.5315733166138924,-0.7683022089757624
627,627,2.4327842448990635,-0.2364231890052972
628,628,1.9234800498839983,1.3912903598882873
629,629,3.040468777028549,0.8264124229544128
630,630,0.962374645522306,-0.8234899295925685
631,631,4.5009159989829515,1.7356355527031948
632,632,1.0528561422937879,0.1113051135635975
633,633,4.077027974986557,0.0060512680237388965
634,634,-0.07237284865557148,-1.1057228164596757
635,635,4.689976153960104,1.010846143535821
636,636,-0.13754660657057488,-0.16008108407002716
637,637,4.554101714278041,0.3352223702662087
638,638,0.3156205978969766,0.34697176512811256
639,639,3.27872675855987,-0.8217455242036313
640,640,-0.6063101215928167,-0.9686969444284748
641,641,3.4725780295242092,0.5246308420572847
642,642,-0.2403749182409999,0.23779114331169435
643,643,4.7873041603215505,1.6704507841481004
644,644,-0.6519287785981476,-0.5181901740797052
645,645,3.884810891623041,-0.41483981569796324
646,646,-1.3568381625507344,-0.8568234123318473
647,647,2.9679565114776647,-0.5082856215715834
648,648,-0.39816319506688513,0.754463477197769
649,649,4.108286624856552,1.4546757781028292
650,650,0.6631122424245695,0.9506966866214239
651,651,4.147831244665381,0.44772379182090777
652,652,1.7608318873925404,1.0814696905152086
653,653,4.562123311895537,0.8048357503985218
654,654,-1.2434878667363192,-2.9153361109552147
655,655,5.5436990204076,1.4326145994950554
656,656,-1.674384891006174,-0.6563040342665183
657,657,6.4390654832822065,1.478915092492791
658,658,-2.347034735023552,-0.9599159781548938
659,659,6.158540482789768,0.4035957440960783
660,660,-2.8547041222474783,-0.8683489203870013
661,661,5.867804200300676,0.37713515436259576
662,662,-3.2574393819902445,-0.808469118798419
663,663,5.295272575733595,0.07537023050536347
664,664,-1.9021261498903435,0.917938526140534
665,665,5.073054261014939,0.35890459817350945
666,666,-2.6877420867822313,-1.0795118202484073
667,667,3.644931182028279,-0.8749189705184404
668,668,-2.9009510156399267,-0.5691629919663506
669,669,3.060076305232086,-0.16447482756914375
670,670,-3.34834504283741,-0.8045392036340802
671,671,4.431037880455082,1.7394621663309782
672,672,-3.0303839971578306,-0.09178460046103294
673,673,4.357584423708188,0.43343762169856626
674,674,-2.0186753329492424,0.6207840414511729
675,675,4.364112130432135,0.492776742395836
676,676,-1.233261611628282,0.49632922248463285
677,677,4.893032981698428,0.9978514337552814
678,678,0.29955534428954245,1.3169193436336906
679,679,3.8505802201263584,-0.5438124007288391
680,680,-0.18727724224696785,-0.544313184125804
681,681,3.4154283397363363,-0.05121663939781204
682,682,-0.5178528150338115,-0.4219633826101674
683,683,1.5980799919158615,-1.4687542132740334
684,684,-1.4397681871900276,-1.0238357369761193
685,685,1.1683429377145327,-0.2503528449875044
686,686,-3.3538610580014856,-2.0857339188267643
687,687,0.6562875601065469,-0.34728479138461743
688,688,-0.6768870197177486,2.3233416275053775
689,689,0.242718008076579,-0.30763331524212084
690,690,-0.5685096900558019,0.031698572008340635
691,691,-0.24548899883874364,-0.45148123900992926
692,692,-2.102482503411233,-1.5907960724533898
693,693,-0.9439021759241035,-0.6962521550345638
694,694,-3.452724074346786,-1.5485959095290478
695,695,-1.9075672528068521,-1.0025032286975788
696,696,-1.2544791287257098,1.881487232473707
697,697,-1.416416201112133,0.34746635844475887
698,698,-0.03839181769442579,1.1238792326979028
699,699,-1.2315701630251066,0.05613312744001476
700,700,0.40558018089773545,0.46661268046409105
701,701,-1.7644687973063,-0.6597275342157372
702,702,0.9301755750123886,0.5951138018077408
703,703,-1.233526811719996,0.3411375482965727
704,704,-0.2339310974165505,-1.0411091588374373
705,705,-2.170321612736486,-1.067109926964448
706,706,-2.7298956845886337,-2.4853192126691734
707,707,-2.6973833925349266,-0.7144556732520376
708,708,-2.616278504933325,-0.11069533875084052
709,709,-3.3547092136080607,-0.8736024184314073
710,710,-0.7917224360900839,1.6234491444113381
711,711,-2.196545666859765,0.8567726347977243
712,712,-1.4407002644522684,-0.6726375231665146
713,713,-3.1191348322586983,-1.1199195050794861
714,714,-2.1203890976050235,-0.7706020546067974
715,715,-1.8121426494305093,1.030689593222892
716,716,-0.3103586204865967,1.6473043421748166
717,717,-2.3713041720551318,-0.716068310386757
718,718,-0.1686791501997985,0.15247807645299494
719,719,-2.21908981536279,-0.08012568280630793
720,720,0.47372115188035796,0.6714363269343558
721,721,-2.986510537786917,-0.9923801239772118
722,722,0.4737338971556011,0.09944086399477604
723,723,-2.1856314921202835,0.49275344139758187
724,724,0.012260881137309665,-0.36237820600365933
725,725,-1.2771608612863132,0.685047533839013
726,726,-0.10608181986256782,-0.08248868935208055
727,727,-0.001686249528803474,1.148696735016131
728,728,1.1774699191545466,1.2857320281390088
729,729,-0.6013216675002985,-0.6105179239172951
730,730,0.9240494185695491,-0.1296434294992519
731,731,0.47243061786337226,0.9926049252363999
732,732,-0.3059307254563133,-1.1362862916725383
733,733,1.9632926541944338,1.5319239111862664
734,734,0.3474215915607849,0.5984020117508888
735,735,1.8970942353430653,0.12971593790703007
736,736,-0.055238637045553096,-0.4065219383456345
737,737,1.8956495094168169,0.1853428680629057
738,738,-0.6082270270453997,-0.5964396911520007
739,739,2.338235839984757,0.6387859381505312
740,740,-0.22183064701701277,0.2832348238298312
741,741,1.9767768116395221,-0.11933486760613489
742,742,0.4260017932000211,0.5824992489990898
743,743,2.3206587470800493,0.5395179051426494
744,744,0.16454445785979,-0.26183151160742474
745,745,0.8301933635592396,-1.2643049713234031
746,746,0.5256572918539232,0.34605875867371927
747,747,0.9796192240072029,0.2255431793067502
748,748,-0.3008692687375064,-0.7920589572817017
749,749,1.5349174290023817,0.651012247164735
750,750,1.5753923084106716,1.8210292837443316
751,751,2.288913742977406,0.8947428264785307
752,752,1.003427779903269,-0.45266360938613365
753,753,2.9063304222880495,0.8205198527252447
754,754,0.5353408195938707,-0.4196966239717259
755,755,3.091000747630064,0.4599156815758478
756,756,1.0134937346641313,0.47171368533046654
757,757,1.8851819411499622,-0.9122070772596755
758,758,-1.3787861285055623,-2.3406923165910807
759,759,1.7725844431534377,0.07957362005688608
760,760,-1.4510845499985536,-0.24675469818658177
761,761,3.0410057930802523,1.4739785010272
762,762,-2.423769416149712,-1.165929223513351
763,763,1.492257464789739,-1.2058992093210055
764,764,-2.512100068944732,-0.3760402269886912
765,765,-0.2110821945428223,-1.5047552180026431
766,766,-3.4447702791797354,-1.1966919698319456
767,767,-1.3437051355547431,-1.0941624569849584
768,768,-2.0061763490477276,1.1096647755150102
769,769,-0.9830458379307185,0.2807982503508249
770,770,-2.8387492101124177,-1.0099229862346082
771,771,-1.6799757371070099,-0.7467852273777618
772,772,-3.52564925164787,-0.9441447467963171
773,773,-2.4363166993220604,-0.8606945513081486
774,774,-2.629344542931541,0.5849027079158329
775,775,-3.400411834793963,-1.146176867458314
776,776,-1.8919941138658865,0.5327832601136612
777,777,-3.307188008723601,-0.2016039708410598
778,778,-0.3934773544104322,1.3763933465040412
779,779,-3.2210760672628522,-0.22175214472884797
780,780,-0.8603924846357547,-0.44098022490650113
781,781,-0.44753240449354337,2.463974754433486
782,782,-1.0264984095122947,-0.21545908862255153
783,783,0.3932727785639476,0.8149208515496171
784,784,0.6336298965876502,1.5580210614080114
785,785,0.582755356576899,0.23273854099859262
786,786,0.5022404757757838,-0.07778671250450997
787,787,-0.4253909525980383,-0.9612294772408818
788,788,0.3771286250389407,-0.07646144719905335
789,789,0.0510816193741106,0.4251397857041978
790,790,-0.7599211717836607,-1.095593840986468
791,791,0.5183439129352079,0.4761983809659555
792,792,-0.9311798496886081,-0.25294505040640664
793,793,-0.12317898544753059,-0.572777496874495
794,794,-0.8785474036024971,-0.044437188157626505
795,795,-1.1054062910294082,-0.9764479315937197
796,796,-1.008369168678437,-0.20539065267142032
797,797,0.5017672737469292,1.515502101396206
798,798,-1.9681531216306298,-1.0545844796472117
799,799,0.006458921473485368,-0.4153664019956603
800,800,-3.9446791853518706,-2.178423637836508
801,801,-0.898586208133247,-0.8452709143895588
802,802,-3.683247793302036,-0.12411525361875496
803,803,-0.6300340208388202,0.25497283626764117
804,804,-2.7271928716622167,0.6030163445993366
805,805,-0.3149381534678935,0.3161968719366873
806,806,-3.7590348157087026,-1.2951115094696402
807,807,-1.4872203039272507,-1.1389136889324374
808,808,-2.3401225714146285,1.0610303472971552
809,809,-0.8945825376978689,0.50490730970789
810,810,-1.6005009183834646,0.5294274243059522
811,811,-1.7026390424992734,-0.8581085236732106
812,812,-0.45626745258948054,1.010155589757609
813,813,0.049841892448520886,1.6027847144075966
814,814,-0.0642201338028982,0.3629485450281418
815,815,0.5758814833503842,0.5362286560106392
816,816,0.5976437035075072,0.6491845901721265
817,817,2.0705379762462064,1.5469104055338145
818,818,0.24005084416400158,-0.3242926835887209
819,819,1.500383654693632,-0.37147746940466897
820,820,-0.22884377601965977,-0.4805987520766596
821,821,-0.38361726366170723,-1.7340746235674196
822,822,-1.183883497566193,-0.9890917630588183
823,823,-0.30201495132917083,0.057367858702224196
824,824,-1.8280817364668205,-0.7557302665073377
825,825,-1.3069719968733318,-1.0050388883367478
826,826,-1.6203757809616492,0.04098765134051439
827,827,-2.085763053781797,-0.8750036814215132
828,828,-2.4235335574569943,-0.9312680040849588
829,829,-2.096514710158812,-0.17888886837100848
830,830,-2.749581705302333,-0.5265787259516318
831,831,-1.583979635772746,0.35461475599777814
832,832,-0.9404139343202531,1.5710145439111622
833,833,-1.5212906599724492,-0.05880903138075188
834,834,0.011888529377547363,0.8893137732232271
835,835,-0.46934179306228596,0.9091050549623453
836,836,-0.90727497927691,-0.8980683311863553
837,837,0.09109248876406811,0.5224539670191192
838,838,-1.2883860461439327,-0.46805607175173153
839,839,-0.12110986325970813,-0.181136492893161
840,840,-1.503975594316651,-0.3441279790421553
841,841,0.4656293628397531,0.6025518561780963
842,842,-2.5292030436158717,-1.179070203726686
843,843,1.2996237673407527,0.9208891271643003
844,844,-3.1233622524101925,-0.8647320444577126
845,845,-0.22930087143976152,-1.3424366090861783
846,846,-1.5050972939947038,1.2952255042154595
847,847,-1.155177823769314,-0.9025224440094797
848,848,-2.958179722627764,-1.5897473710804402
849,849,-1.1064605026153647,-0.02216769105675709
850,850,-3.374947381576558,-0.6899692479477233
851,851,-0.7473179412608049,0.3118277821350668
852,852,-3.1542083280392594,-0.09821790018159529
853,853,-0.5444637888342637,0.1934139153966189
854,854,-4.132607045987696,-1.2809017334514112
855,855,-0.8474526606363426,-0.28456709694523563
856,856,-3.5602497209591584,0.17301578492447436
857,857,-2.395638508270798,-1.5560025460286206
858,858,-2.747850117369158,0.48880554318315583
859,859,-1.8158244263400798,0.4033312294869217
860,860,-1.5345022619772584,0.9806774730010926
861,861,-1.5481132312667638,0.12895227623277228
862,862,0.9825868257390316,2.3972782380946325
863,863,-2.7468750012276324,-1.3480539387251624
864,864,0.7076644099835092,-0.13371385085667517
865,865,-4.209988463294183,-1.7547034745465384
866,866,-0.6021947294924497,-1.1695240638323898
867,867,-5.02529438564029,-1.2373594654804358
868,868,-1.6579087865779094,-1.02358070154536
869,869,-4.1916146376579855,0.35375134457897917
870,870,-1.5355388867584372,0.048748111394664194
871,871,-1.9433940089808908,1.8609936416446597
872,872,-2.4411235790636017,-0.9977884945146192
873,873,-0.8914183738072587,0.8974028589337635
874,874,-3.1977364073841237,-0.9723770623990005
875,875,-1.7024786532655884,-0.8438135169745785
876,876,-1.3249336464288581,1.578968090487582
877,877,-0.6590895262054798,0.9183679622716795
878,878,-2.251056913711092,-1.035000950130409
879,879,-0.0622793313094544,0.5666611478768769
880,880,-2.28470697169739,-0.2515420607822576
881,881,1.2261178341217303,1.327526871154324
882,882,-1.264174868783217,0.7804230207163112
883,883,0.25352268510315035,-0.8144945472016011
884,884,0.17888865022714828,1.301849626939795
885,885,-0.2914357013588478,-0.5087532557661224
886,886,-1.5147104615422942,-1.6753311165841707
887,887,-0.8924967815580225,-0.6168464322219079
888,888,-1.189395440960657,0.18568329925657648
889,889,-1.4127038340411295,-0.5824156716138797
890,890,-0.7976487606055469,0.29585914241503614
891,891,-1.3600573539653624,-0.06875346131268374
892,892,-0.6608877355721442,0.08472376085291293
893,893,-2.605825825560968,-1.3671888420303648
894,894,-1.7397480846079354,-1.1052902907977422
895,895,-4.080581813251553,-1.7113322120448806
896,896,-2.1633305093514634,-0.5306931568161961
897,897,-2.040156206125048,1.6713982117409432
898,898,0.12715960647555624,2.1353644450856395
899,899,-2.1758072291560016,-0.31930493461469905
900,900,-1.532287358263133,-1.604571369738323
901,901,-2.358790166403882,-0.38651238264560484
902,902,-0.6787398891284143,0.745664707264004
903,903,-0.8796492018625826,1.2653722203748268
904,904,-0.37474763556801177,0.26850265833022574
905,905,0.9173054466816669,1.7195246036049554
906,906,-0.651369206051619,-0.31447289648859916
907,907,0.5361494891490197,-0.2791642444482842
908,908,-0.7592339862904002,-0.18753625020224993
909,909,0.37131550843448125,-0.0971129998762163
910,910,-1.4406190495948386,-0.7663831119093133
911,911,1.036701233709496,0.7245158064773154
912,912,-0.42723208373380384,0.8552448934801112
913,913,1.4008605814391075,0.4865079824338475
914,914,-2.224174902679111,-1.8640416454701736
915,915,2.1097826076596453,0.8755221542285778
916,916,0.015963961894932766,1.9826149424151451
917,917,1.6235512826668044,-0.25317095481903457
918,918,1.2792711549281204,1.2275702503194164
919,919,2.5494712093639906,1.0753227037956359
920,920,2.0796446389441527,0.8865703745885366
921,921,2.3425853408050785,0.014472094438764075
922,922,1.1854418331134524,-0.735158907437976
923,923,2.3567488386838606,0.21577116723871373
924,924,2.8182148304078263,1.70432383881083
925,925,2.0236187811916606,-0.1374917402590267
926,926,0.6201470031451497,-1.9600500204206495
927,927,1.6722908883740142,-0.18334963303401003
928,928,-2.2655823642789517,-2.8606737638052433
929,929,1.76298942863855,0.27438198271327513
930,930,-2.153462143958888,-0.1487908192779569
931,931,1.334429529377147,-0.20807051131516938
932,932,-3.2155210677266104,-1.308379327743768
933,933,1.5036806879602875,0.3563839436377098
934,934,-2.654590343461687,0.21099751531888788
935,935,2.107542471952388,0.8129309669000118
936,936,-0.9800253597930839,1.3729937177233078
937,937,-0.18338810526668659,-2.0438301729912878
938,938,-2.742052661010982,-1.8792713808640635
939,939,-0.7308588957375538,-0.5285888207894952
940,940,-0.8673624055618565,1.6096274593580695
941,941,-0.7632760024701276,-0.06940884564060076
942,942,-0.7991229398714224,-0.0035554258836747676
943,943,-0.37165579335394494,0.33195746232350265
944,944,-0.7967893756512887,-0.06622941180876783
945,945,0.050045427611197624,0.4004947647849752
946,946,-0.35202286717627845,0.3683036745673088
947,947,0.7277986612120715,0.6942458987902693
948,948,-0.900918646201367,-0.5918765066309489
949,949,-0.9108585613352658,-1.5533479412923537
950,950,0.1120834036809476,0.9247407842634099
951,951,-0.570348905333034,0.25731215229390936
952,952,0.16203467261058258,0.07597168396441273
953,953,1.205074626501141,1.7156474605379564
954,954,-0.21300056103665088,-0.36517902359785626
955,955,0.4923038643576346,-0.5917536406091314
956,956,-1.4425707130526233,-1.2678439930282253
957,957,0.46723732462877393,0.04071955944779547
958,958,-0.9484780256021168,0.3402402042553802
959,959,0.0037430725283975064,-0.3928600322509517
960,960,0.0272783817176786,0.876198800788012
961,961,-0.8008772595199604,-0.7950340283566737
962,962,0.21088176636338876,0.19430256468739365
963,963,0.6748466667835487,1.3932545988707024
964,964,-0.6188450928180609,-0.8073783766177467
965,965,0.33960512470435184,-0.26367724213629523
966,966,-2.0046360679027617,-1.457820002281386
967,967,1.7913338110221557,1.5119240103954472
968,968,-2.01748729575608,-0.23462422400085942
969,969,2.904401005339623,1.3324218090562714
970,970,-1.0844305553929434,0.6843506626239109
971,971,0.507144337389279,-2.0757973889048915
972,972,-0.986509307626095,-0.04463726119973489
973,973,1.0899067706334427,0.6541862656132819
974,974,-1.198437716726981,-0.32654985094372263
975,975,0.5292580189306992,-0.4298086043958685
976,976,-0.360756699563353,0.7016455975952886
977,977,-1.7348601236697172,-2.1956003965444433
978,978,-0.21577596251021391,0.12096108814419397
979,979,-2.291925977738987,-0.7247865398155061
980,980,0.3806007825203166,0.6150670097935962
981,981,-2.216630433516727,-0.15554530175173917
982,982,2.4827380875044494,2.1852829473487216
983,983,-2.025645024307071,-0.059311022842264464
984,984,4.026108776335487,1.8340672521597203
985,985,-3.9506926825643096,-2.192700629326345
986,986,3.6365909533999727,0.07285643176674785
987,987,-4.7341347197143895,-1.2551383027038654
988,988,3.3589641263189485,0.1728805422817603
989,989,-4.100157459600583,0.0906082373451782
990,990,1.5925254005305722,-1.3421993913633317
991,991,-4.437618586056619,-0.7969917676845896
992,992,0.9505767961774083,-0.3973183038435349
993,993,-3.93957503004582,0.028850675438056694
994,994,-0.5270402710053872,-1.2987874514040303
995,995,-3.8245183536643874,-0.2831361918748692
996,996,-1.71500902621785,-1.1630318484758995
997,997,-3.985730890341637,-0.5212438790714556
998,998,-0.33924308666378833,1.2823675293723371
999,999,-3.469876343745479,0.137823978690811
1000,1000,-4.115319811891155,-0.49007081627958876
1001,1001,-1.73813086026027,-1.356960120706494
1002,1002,-4.410700986187644,-1.229277770095199
1003,1003,-6.220595550539683,-2.4553194013731647
1004,1004,-2.6080697772087866,-0.9374390376072702
1005,1005,-4.864695715919606,-0.8067781750732411
1006,1006,-6.321860772492534,-0.6485971220755357
1007,1007,-2.7034663067258093,-0.24433794235377976
1008,1008,-4.753640115919781,-0.2851607007999522
1009,1009,-5.445330578850072,0.3189151806196645
1010,1010,-3.5400657159013535,-1.0049563329004265
1011,1011,-6.357913329309575,-1.9897832620342577
1012,1012,-5.941240234191294,-0.941462922774121
1013,1013,-3.373554692136376,-0.06450401219014917
1014,1014,-7.552573950519334,-1.7373040048774397
1015,1015,-5.369092939533663,0.08728455766505974
1016,1016,-2.7035025492014686,0.4619133426218005
1017,1017,-6.859836830273447,0.018205680081304694
1018,1018,-5.563972407458898,-0.6361553680838532
1019,1019,-0.9644810337305361,1.5929093529281093
1020,1020,-6.249752669626528,-0.010614987968531275
1021,1021,-5.517264911651849,-0.4375474079052703
1022,1022,-1.6006986883939662,-0.6149955822237
1023,1023,-5.139054321173523,0.5569027174908108
1024,1024,-5.327796275667785,-0.29486032508544535
1025,1025,-1.681019736607956,-0.13572241108497335
1026,1026,-4.214969581165237,0.480267468013691
1027,1027,-3.9903485797919136,0.863627961486824
1028,1028,-0.5111212731278492,1.0838496714288828
1029,1029,-4.000011418136208,-0.1615240965582976
1030,1030,-4.408016857247732,-0.7715918085223697
1031,1031,-0.18325911871700085,0.3608303098519028
1032,1032,-2.7216175343692988,0.9243055017129356
1033,1033,-3.237555406452106,0.7587085316017163
1034,1034,-0.4978935738106771,-0.2733686375571623
1035,1035,-3.0220679253055014,-0.5352576545705046
1036,1036,-2.143988827429575,0.8050106533684827
1037,1037,-1.4119461281431653,-0.9121813441862051
1038,1038,-3.642584753153907,-0.8871642708232282
1039,1039,-2.3853099229549715,-0.40517466945538316
1040,1040,-1.9238190964672177,-0.59278863437728
1041,1041,-1.7373592141376772,1.5840583538950612
1042,1042,-3.34142435595348,-1.1580336421879567
1043,1043,-1.4516199356667858,0.3306050868546217
1044,1044,-3.1728477436608125,-1.5612940080207003
1045,1045,-2.705892276338856,0.347634320812552
1046,1046,-0.9215216182339776,0.4437237240661263
1047,1047,-4.261222883059357,-1.3693857748188973
1048,1048,-1.3467810697179654,1.1403494239999385
1049,1049,0.26138661339362457,1.1468361093319777
1050,1050,-4.946943261249537,-1.1009887219328713
1051,1051,-0.10693933849719528,1.1520191907275326
1052,1052,1.8482085156659354,1.6634993896091406
1053,1053,-4.409366744347444,0.02546949900545222
1054,1054,-1.651517886724597,-1.529660899790306
1055,1055,3.4199311697668717,1.8171523519782504
1056,1056,-2.287211077472058,1.6635348596102182
1057,1057,-0.5438951891904229,0.9311437079387663
1058,1058,3.4715468133868588,0.42191982326329897
1059,1059,-1.320632564106721,0.7085808893761676
1060,1060,0.1979363783321263,0.6659329061107055
1061,1061,2.5899867997606214,-0.5231783704298056
1062,1062,-1.7534974936068402,-0.592807417691719
1063,1063,1.5139805924674419,1.3274729589069905
1064,1064,0.579520123644232,-1.749072827128933
1065,1065,-2.168936779657883,-0.6117240425728435
1066,1066,1.4331897730546783,0.08650140639411691
1067,1067,3.2479581433988534,2.7337475021850763
1068,1068,-2.6819330897266678,-0.7767014671991079
1069,1069,2.975889779086475,1.6803587328005427
1070,1070,4.321001969987224,1.3949000740346578
1071,1071,-2.4930717057973126,-0.15230084253404882
1072,1072,3.894725932713685,1.1981458288939588
1073,1073,3.7549661817085354,-0.14795213354912964
1074,1074,-1.7703925238326783,0.3968750902406809
1075,1075,3.282097496590617,-0.2430015794304584
1076,1076,3.8027212055166038,0.4081345922513425
1077,1077,-1.1803261266033154,0.342178957825023
1078,1078,3.8806091582379425,0.9004974605172542
1079,1079,3.226455221217869,-0.2229966940634207
1080,1080,-1.3413643597429896,-0.3501414895945639
1081,1081,3.860013439606529,0.34861428857763144
1082,1082,4.0302108961187955,1.1012147062240778
1083,1083,-1.7419312846717558,-0.6136056042603184
1084,1084,3.610894020214747,0.11399912845440012
1085,1085,4.967376667646748,1.321497233784402
1086,1086,-0.2813172004583684,1.2006382488675968
1087,1087,3.1734332021047513,-0.12323201076040478
1088,1088,5.755634032338609,1.2560738714400723
1089,1089,0.09056718853656132,0.2544619966046593
1090,1090,1.684240064012097,-1.230311830090931
1091,1091,5.2027679096626605,0.004949208032425867
1092,1092,-0.5123012627157268,-0.6626818121353796
1093,1093,-0.029525610315400463,-1.5922463343957571
1094,1094,4.913153866927014,0.23608101696093048
1095,1095,1.4944662773382948,1.906701131216333
1096,1096,-0.3588727898124393,-0.396375941971232
1097,1097,5.030769418050186,0.5975750029406139
1098,1098,0.3417575163316744,-1.0499810995551684
1099,1099,-1.6554035987845248,-1.386143357297148
1100,1100,6.415099438638267,1.9005434232176275
1101,1101,2.1198519786289807,1.7646732555319362
1102,1102,-2.097602265670952,-0.6930885409375523
1103,1103,5.25793305504634,-0.5158789368576804
1104,1104,-1.5010899268017923,-3.440560015461629
1105,1105,-2.475650195661644,-0.625376587840233
1106,1106,3.2237487777155023,-1.4686235706015693
1107,1107,-0.2802516341025605,1.0632483141985138
1108,1108,-4.070371781567847,-1.871721576908496
1109,1109,3.825668310711111,0.9678006449238626
1110,1110,0.24264496236149413,0.497318467762366
1111,1111,-4.383172183471861,-0.7605207127915248
1112,1112,2.824801324698159,-0.5768948827307372
1113,1113,1.1387983688888472,0.9360016113512395
1114,1114,-3.0964714761363408,0.8087474920524641
1115,1115,1.2926582994377909,-1.2300861617180776
1116,1116,-0.9945475021372674,-2.0014279023702444
1117,1117,-3.7732909855483974,-0.989447764998696
1118,1118,0.3218766542379421,-0.7938374303792131
1119,1119,0.37576753949112707,1.3053744347277723
1120,1120,-3.0369596764702824,0.35202576858598433
1121,1121,1.7851837128579544,1.522106645413598
1122,1122,-2.07426722166944,-2.399940247575331
1123,1123,-1.9541590246082268,0.7819955193031424
1124,1124,2.0157153616999723,0.44933428259059
1125,1125,-1.2242906059573915,0.6419343301741871
1126,1126,-1.297351199168046,0.45347767542193235
1127,1127,3.509034365037694,1.7201069575589734
1128,1128,-0.13621383255734054,0.9435308811456153
1129,1129,-0.024280980044139477,1.1096068938822983
1130,1130,1.8021432060684697,-1.35438277433944
1131,1131,-0.3675656471037213,-0.2627518200623581
1132,1132,0.8381917917681364,0.8456988982182144
1133,1133,1.7737105079190716,0.1470753610108047
1134,1134,-1.318809328640691,-1.0141192692442138
1135,1135,0.6831936292017121,-0.07572799518239444
1136,1136,2.2403854763412356,0.6504021762084607
1137,1137,-1.457342778441638,-0.29965017372044556
1138,1138,-1.9530307517252183,-2.5757354449857552
1139,1139,1.4434387544572576,-0.538804438948186
1140,1140,-1.1951653249671192,0.12153909560303466
1141,1141,-1.5482236333111956,0.2070213089465996
1142,1142,-0.10840059674362768,-1.3800615861723762
1143,1143,-0.688855415573723,0.4033596191972327
1144,1144,-1.379135297626609,0.02223853247664084
1145,1145,0.08130417484108889,0.19954461904235712
1146,1146,-2.150540466369068,-1.517592281124862
1147,1147,-1.4658034231210713,-0.2038892923418433
1148,1148,-0.3042508610204171,-0.3412611794824957
1149,1149,-1.636160788667522,0.3170261739060542
1150,1150,-1.5742546878995758,-0.23562749059373217
1151,1151,-0.019049131856860635,0.28688079782718573
1152,1152,-2.1800563315825414,-0.6915785835842072
1153,1153,-1.508140200487723,-0.06931992674371051
1154,1154,-0.8109369893090855,-0.7569108053172083
1155,1155,-1.474982323281004,0.5102591470412514
1156,1156,-1.2093770058970121,0.17080836766783924
1157,1157,-1.5339070362216756,-0.7772201525517183
1158,1158,-0.3729344953845928,0.9819824359894977
1159,1159,-0.30761685148714146,0.7998908691362322
1160,1160,-2.7930553045400304,-1.4057334584718049
1161,1161,0.6973906776832928,1.064038445089698
1162,1162,-0.9181736477943101,-0.6203618351873155
1163,1163,-3.124751390913902,-0.6087937871267642
1164,1164,-0.9544500700233576,-1.541672429551239
1165,1165,-2.0253269471273416,-1.15817864950309
1166,1166,-3.3874578193121927,-0.545383797318174
1167,1167,-0.21627279279776324,0.696860117887654
1168,1168,-0.1651122517775936,1.6937193067581133
1169,1169,-3.126610210987131,-0.07408432316040424
1170,1170,-0.8463470204846464,-0.6187842823390122
1171,1171,0.32325801622787315,0.5115886151424252
1172,1172,-4.28181889884812,-1.4626388189171338
1173,1173,-0.8235080635760069,-0.022210136313622692
1174,1174,0.2219919432198322,-0.017887001761012353
1175,1175,-3.0544918707621918,0.805160299404678
1176,1176,-0.3421197660041857,0.42736249048964414
1177,1177,-2.3195780476898227,-2.485404680220008
1178,1178,-3.7211667865611475,-0.945507124738235
1179,1179,-0.5112238690308215,-0.14290863128454467
1180,1180,-1.032330648723894,1.0976135007528665
1181,1181,-3.065902093542635,0.29858355953994536
1182,1182,0.18276956866909666,0.6838533782195013
1183,1183,-1.6946865414414756,-0.7367576323412358
1184,1184,-3.1473995141730424,-0.3729684602569476
1185,1185,0.06491964291165657,-0.05115210833438524
1186,1186,-0.7347215768719504,0.8213211091379915
1187,1187,-3.043343383547203,-0.2039858014518622
1188,1188,-0.8422597859678443,-0.8629068149841437
1189,1189,-0.6188214573813194,0.08128399349858635
1190,1190,-4.631247443290174,-1.8776275856641986
1191,1191,0.962236056277903,1.7727705526556778
1192,1192,-0.5209591255786905,0.07267029993461967
1193,1193,-2.757983454442688,1.4057264752114758
1194,1194,0.860622114696818,0.02739908984691921
1195,1195,0.4371918977018506,0.9250287241201307
1196,1196,0.20198221359422686,2.6711891824686598
1197,1197,1.0761766991850987,0.2952250548450016
1198,1198,1.9264069203352507,1.520152623275792
1199,1199,0.31140693821236787,0.0995971097823602
1200,1200,1.2496640530581686,0.2587268852061035
1201,1201,0.8638079615913915,-0.8855689766230396
1202,1202,-1.040199776300922,-1.3416007408385486
1203,1203,1.4904841106332651,0.3675503810280086
1204,1204,0.7313327855278002,-0.05059722324777554
1205,1205,-0.6088627372199067,0.3050988924893126
1206,1206,2.8746209667067086,1.531960566653691
1207,1207,1.882363594197348,1.2015065049274596
1208,1208,-1.6029036969839203,-1.1024970790950448
1209,1209,3.198972789817965,0.6090193208097928
1210,1210,1.0901692501585212,-0.6199186755474326
1211,1211,-1.182547481518147,0.21717442536761666
1212,1212,4.305780179918393,1.4276284513958202
1213,1213,1.3794755479335001,0.3670908958068286
1214,1214,-1.4973866425327402,-0.4899464664449269
1215,1215,4.298477798640226,0.4244547476596652
1216,1216,2.005307197170265,0.7357682924690399
1217,1217,-0.521715851412654,0.7628942769087074
1218,1218,2.592727635624388,-1.2907382966093919
1219,1219,0.700813198165811,-1.124673397129545
1220,1220,-1.7594220563804566,-1.32281319844697
1221,1221,2.997555076641188,0.6746862931613854
1222,1222,0.441604044425719,-0.20150916412611827
1223,1223,0.6021060832360383,2.15119434276778
1224,1224,2.752925372232541,0.04468870197885402
1225,1225,1.532232859152344,1.1012389046145112
1226,1226,-0.6080788360077185,-1.192825893234002
1227,1227,1.8953826480741938,-0.5914917271665392
1228,1228,1.6777416749900957,0.2858590636323213
1229,1229,-0.3136772872230965,0.19786242195320725
1230,1230,-0.11156198325428446,-1.8310470103987289
1231,1231,2.6152896753495023,1.1095745605631897
1232,1232,-0.5375862108903668,-0.2803139293105322
1233,1233,0.552859219021747,0.6324879693060116
1234,1234,3.7374721932250496,1.3835587553291835
1235,1235,-1.1903246648831889,-0.7494003892043267
1236,1236,0.5642060916144283,0.04116131921143742
1237,1237,3.892022405084778,0.534558616914921
1238,1238,1.0285301665324906,2.0552600799603686
1239,1239,-0.1293591772662207,-0.6863501854353788
1240,1240,2.4896305185100265,-1.0221813559589368
1241,1241,-0.7858178303643321,-1.7350976936560116
1242,1242,0.7654337390658816,0.8648188717240234
1243,1243,1.8221262028366767,-0.4183374229093629
1244,1244,-1.21086785693725,-0.5295074090283767
1245,1245,1.401246738987105,0.7062437903688173
1246,1246,1.5545391933189092,-0.0872781780545984
1247,1247,-1.3516219142368722,-0.2913987023164073
1248,1248,0.7752673717539215,-0.48788386612529344
1249,1249,1.7619655983956966,0.36864386983350766
1250,1250,-1.4249151754031975,-0.2338277822915086
1251,1251,0.2673408808048271,-0.43377025800362723
1252,1252,2.053869747998997,0.479676452388854
1253,1253,-0.4644101770192346,0.7948013745556051
1254,1254,-0.8416261206582214,-1.0981275090923635
1255,1255,2.1071795422122976,0.27175713198997475
1256,1256,-0.9678788595067709,-0.5625652344050005
1257,1257,-0.7685690734481118,-0.022498571682767688
1258,1258,2.2928239898354295,0.4137268811739102
1259,1259,-1.737715172208428,-0.8818667478162076
1260,1260,-0.043670903711445774,0.6424901742155847
1261,1261,3.1633679242488872,1.1176401941562
1262,1262,-1.42349841278999,0.10924827199222092
1263,1263,0.7068482457943447,0.7287533640200569
1264,1264,2.55636712281192,-0.28349750734212237
1265,1265,-0.5537751900475167,0.6947412277774117
1266,1266,1.5842817573603178,0.9280924168177634
1267,1267,2.10588795538069,-0.20514752082316604
1268,1268,0.9383358800728077,1.3998318539881627
1269,1269,1.531415610197993,0.0751197902191717
1270,1270,2.020891426989831,0.10089475224450158
1271,1271,0.88976043331036,0.00973507087295476
1272,1272,1.349452993434139,-0.05792757434705671
1273,1273,2.827528567133097,0.9863341485748041
1274,1274,-0.5316053407712544,-1.3741595463562508
1275,1275,0.5680092213310398,-0.6694577050233038
1276,1276,3.111791354075608,0.5666516048502229
1277,1277,0.012257067058457027,0.4539038679985195
1278,1278,-1.1429272127720078,-1.6853759961812844
1279,1279,2.631269977138787,-0.15803554007212517
1280,1280,-0.21923058095194425,-0.24514536894822336
1281,1281,0.31737053919029057,1.3218846367232293
1282,1282,2.3919028896653267,0.022778510658035288
1283,1283,0.23243413958597042,0.4026489281541641
1284,1284,-1.0618650641291598,-1.3737419196929344
1285,1285,1.1371183205565902,-1.007299970896772
1286,1286,-0.06864579853797106,-0.27858905672961876
1287,1287,-0.6237974135147715,0.3211964189812862
1288,1288,1.391037840958856,0.3745557845784522
1289,1289,0.7501452151329545,0.8042540295426877
1290,1290,-0.9261459266356874,-0.3861400850333112
1291,1291,1.8719957201026842,0.6218216703547409
1292,1292,1.8781971589445732,1.193607967390244
1293,1293,-0.36513591245122684,0.43089349273041927
1294,1294,1.8949190363084576,0.19499227575110825
1295,1295,1.2871960992680624,-0.41847917502062587
1296,1296,0.4896151279514359,0.7864162978017749
1297,1297,2.773428429256457,1.0502331843066504
1298,1298,1.4167573674982308,0.22565044258489547
1299,1299,0.7512803466533866,0.2687248735295474
1300,1300,0.29812560813110167,-2.219640355341226
1301,1301,0.40322151617556334,-0.8823541741206892
1302,1302,-0.2074285630578121,-0.8905943462889266
1303,1303,0.7138479442643801,0.44357696741521113
1304,1304,1.2814853583236785,0.9135217999536058
1305,1305,1.1086947072400613,1.2754270809662116
1306,1306,0.18904605257029616,-0.4773188979232834
1307,1307,1.1562571466032885,-0.010057083486125763
1308,1308,0.6990907021998879,-0.3121875663079031
1309,1309,-0.4336654956108207,-0.622360421412119
1310,1310,0.9811904882056592,-0.06209519580319119
1311,1311,0.06558753116357552,-0.5690693507422719
1312,1312,0.3131734751641149,0.6930046410201612
1313,1313,0.6754178502469836,-0.21144119920138665
1314,1314,3.060302214197517,2.991387522896188
1315,1315,0.48405510761695786,0.16484177932480942
1316,1316,0.13369479308369936,-0.5096248453567307
1317,1317,2.305373585972508,-0.4550759058122636
1318,1318,-0.5834198943557163,-1.0434601750015404
1319,1319,-0.5196760409268514,-0.6572208916183487
1320,1320,1.9559468637630157,-0.10785840425941645
1321,1321,0.6084160726594317,1.1191312693512148
1322,1322,0.9199336145720183,1.36199842204196
1323,1323,1.671091849565238,-0.10454382469379062
1324,1324,0.6561670666599195,0.08268234662505845
1325,1325,1.5356774140173997,0.6844645717403317
1326,1326,1.7588193656706903,0.23291825625520285
1327,1327,1.387138054132357,0.7636427263415484
1328,1328,1.0704005189051204,-0.34316872790856984
1329,1329,1.1481925589216506,-0.4593202559123455
1330,1330,1.7691254671756207,0.4985152876782318
1331,1331,0.9774647008542061,-0.01506894642137498
1332,1332,1.0420349622705054,-0.018804242439278446
1333,1333,2.6981048227044133,1.0856969056151076
1334,1334,1.3501143657856671,0.43299473716713244
1335,1335,1.5830025211584298,0.6046888632300741
1336,1336,3.253410718454508,0.795785209151095
1337,1337,0.4519404288916825,-0.8115266327115475
1338,1338,2.730206079795142,1.2684502992790931
1339,1339,2.070335497497162,-0.8895556141987634
1340,1340,1.3079270211598841,0.8531752193844467
1341,1341,1.6517409598286616,-0.8392271371735367
1342,1342,1.6520636854961779,-0.24083494206115355
1343,1343,2.1327827104032067,0.9226103449060624
1344,1344,0.9055118332932122,-0.6189034945115772
1345,1345,2.8740751712180623,1.356834908834538
1346,1346,3.28167619334973,1.3243758839417312
1347,1347,0.48449435259467627,-0.39202381101489264
1348,1348,2.713826654026645,0.08949729447094458
1349,1349,3.6079588379034315,0.6224670538224611
1350,1350,-0.2380343174791204,-0.7372970897336298
1351,1351,2.5139877339576753,0.03784450012945179
1352,1352,2.1629831495175678,-1.106939338760306
1353,1353,-1.6645586732827156,-1.4970974963862596
1354,1354,2.632567602764779,0.3649943974405226
1355,1355,2.7069119224460487,0.7505469985854173
1356,1356,-0.40359703050958307,1.0411109801927527
1357,1357,4.34557123010763,1.9532272386999647
1358,1358,1.790342800931906,-0.685297671265518
1359,1359,-3.3015744463291923,-2.999696259180963
1360,1360,4.607292734820545,0.7113909441776507
1361,1361,1.8659504718213848,0.24158476809775598
1362,1362,-3.7012556413107855,-0.7945710716809317
1363,1363,3.287777127756826,-0.8404332818867705
1364,1364,1.6642035375382778,-0.011017101965429111
1365,1365,-2.7319931329957714,0.5496171375309845
1366,1366,4.388658431062389,1.4403369120358203
1367,1367,2.7747056916272275,1.2603558548621117
1368,1368,-2.66917801961558,-0.28201784114628164
1369,1369,4.712628461350295,0.7617805966740285
1370,1370,3.4352530523294176,0.9175834254475659
1371,1371,-3.770710869659019,-1.4499294671417942
1372,1372,4.750463085707322,0.5124520486653511
1373,1373,4.509760214144977,1.408234944888018
1374,1374,-3.7726070607813753,-0.4715695110867813
1375,1375,6.624079346462579,2.3412910377923533
1376,1376,2.0580547294580893,-2.0292441861292025
1377,1377,-3.6220881405287235,-0.31356312658469215
1378,1378,6.668177405369909,0.7221463276642951
1379,1379,0.5426744598894289,-1.3400356892712633
1380,1380,-4.413500662236548,-1.22572985441329
1381,1381,4.5986819017518705,-1.363969501057577
1382,1382,0.4283669977214514,-0.061891828574187784
1383,1383,-4.3272072000096,-0.4053270929914394
1384,1384,3.312822656956483,-0.7870026525973189
1385,1385,-0.7325562984769398,-1.107942750995715
1386,1386,-6.017302402424229,-2.1486185860003846
1387,1387,1.8082873117692484,-1.1057544924825746
1388,1388,-0.4840583199686994,0.2173324995670962
1389,1389,-6.327207628987148,-0.9248777567233478
1390,1390,1.4659486240361705,-0.09339729706659465
1391,1391,0.04916104367851609,0.5334261216998554
1392,1392,-4.642359630411296,1.0369761389999903
1393,1393,0.7056536519864942,-0.5677681237787315
1394,1394,-0.1331046039761824,-0.13798248350259887
1395,1395,-3.2070120118303618,0.9653861650597019
1396,1396,0.1689864740260404,-0.43270064660373897
1397,1397,0.5283843771593763,0.6785587761159836
1398,1398,-3.20440854937286,-0.32507144723738857
1399,1399,-1.3422088348569934,-1.467536419758295
1400,1400,-1.0054148471895448,-1.435494612790685
1401,1401,-0.8947491936799903,2.0126947375760493
1402,1402,-1.1911013135459392,0.035888278234050414
1403,1403,-0.6962236596162614,0.22950820792658824
1404,1404,-0.07420511838027688,0.7499424056633364
1405,1405,-1.012004320614621,0.06769114935668953
1406,1406,-2.281113658119403,-1.6436502700748183
1407,1407,-0.8798632141148226,-0.7801474277852332
1408,1408,-1.1558179058516613,-0.2134042485761602
1409,1409,-3.625315138034221,-1.5519560345270935
1410,1410,-0.033428308207941626,0.8062599149342575
1411,1411,0.28392373645662183,1.3607472861855385
1412,1412,-3.6324507617690522,-0.37217209182074024
1413,1413,-0.17390820077586372,-0.11033745313559194
1414,1414,-0.35300896431915213,-0.5704767375046627
1415,1415,-3.5938692673378383,-0.3193944100947414
1416,1416,0.4003303237121618,0.5963164867270091
1417,1417,-0.7700611664123141,-0.4204177090888205
1418,1418,-2.6309489004992024,0.6072307485318538
1419,1419,0.9191352755378577,0.5928480848660272
1420,1420,-0.3627213269454324,0.3474518590752638
1421,1421,-2.109111958448758,0.25317791251459987
1422,1422,-1.0795980396998377,-1.8821014548299677
1423,1423,0.24422005113938766,0.6025563453717628
1424,1424,-0.4748821802074865,1.4316723622820005
1425,1425,-0.8779454143525109,0.0959994426680241
1426,1426,0.7568294868700925,0.5505597167902436
1427,1427,-0.6630933343642806,-0.23448821290271862
1428,1428,0.6912159057193082,1.48042941711151
1429,1429,-0.6160157021138993,-1.297443466010533
1430,1430,1.0044227586368315,1.60045475752863
1431,1431,1.5340973358229073,0.9081189501103005
1432,1432,1.0185972400171832,1.5476261709750951
1433,1433,-0.11410950402715248,-1.0436169325587017
1434,1434,3.653004676017266,2.263272196416749
1435,1435,0.0019448842113879428,-0.9501815835239781
1436,1436,-0.9421869656444266,-0.876037907622276
1437,1437,2.995572439224768,-0.2827293483764412
1438,1438,0.5114079607738297,0.4891237102477771
1439,1439,-1.0432344119277657,-0.23033594684776754
1440,1440,2.923890075975984,0.2331931451852316
1441,1441,0.7537066754904183,0.27463295415348943
1442,1442,-0.9756824831463311,-0.07354747992600609
1443,1443,2.0440150012012577,-0.5852663091005689
1444,1444,-0.23580829523484037,-0.9248276283567661
1445,1445,-2.4204268578990025,-1.5603946901269687
1446,1446,3.3918285071542833,1.5787773576044897
1447,1447,0.7298054273945321,0.9323188766133357
1448,1448,-0.8628282899493833,1.274339542814231
1449,1449,4.482542609435887,1.4312271816225806
1450,1450,0.8303272490496912,0.13730522119974728
1451,1451,-1.4724866934083827,-0.7490699310387936
1452,1452,1.4012259017539583,-2.6266408522947526
1453,1453,0.6961617546265971,-0.05042016160158066
1454,1454,-1.2162680650872775,0.08799608241646167
1455,1455,-0.6309160104084388,-1.8868182588823945
1456,1456,2.0265295357785833,1.4184557973696033
1457,1457,-0.3497963090355869,0.7308888142892613
1458,1458,-1.2139158638144147,-0.6628587867142497
1459,1459,1.9637737718653183,0.1555343113930933
1460,1460,0.4395260271386774,0.7468441261901966
1461,1461,-0.2550180003071959,0.8134732791357374
1462,1462,2.213285948011489,0.44404447306438766
1463,1463,0.38655483109103395,-0.02860127281081862
1464,1464,-0.47017224235873295,-0.26665444987328185
1465,1465,0.1643885872865578,-1.8267325918111053
1466,1466,1.141271093121211,0.7964295816900023
1467,1467,-1.421934209619836,-1.011835788301054
1468,1468,0.3045530738925665,0.15940997649965066
1469,1469,1.5471525733286478,0.5311824008768303
1470,1470,-0.9310349321443279,0.3301888000413124
1471,1471,2.574918475755587,2.2946595328404342
1472,1472,2.374041827501762,0.9651656760698661
1473,1473,-1.1175732879924671,-0.32913145209514566
1474,1474,2.6579765504038764,0.32798523682875497
1475,1475,2.682175534013626,0.5301338566379259
1476,1476,0.3188863929879576,1.2713008313370031
1477,1477,1.9882525742510673,-0.43393694038243724
1478,1478,3.4567947392247045,1.0197653689400505
1479,1479,-0.5172872204957233,-0.8587354473196428
1480,1480,0.17308731679430678,-1.6457350752189437
1481,1481,2.72820815917053,-0.37946510709469033
1482,1482,-2.1668260791384037,-1.7302805354519013
1483,1483,1.075905151154026,0.9145127452388288
1484,1484,2.464987650001374,0.020509516027740798
1485,1485,-3.2385664247122645,-1.3238318814992551
1486,1486,1.4751929542436693,0.5146141059521547
1487,1487,1.8989811116525979,-0.3018740386439526
1488,1488,-2.589979851170695,0.2909881904113804
1489,1489,1.4937103581367748,0.17294668671265348
1490,1490,1.0189201610040335,-0.6792001445529654
1491,1491,-0.5766868778802057,1.7291686829820117
1492,1492,0.692684299769901,-0.6560773553844346
1493,1493,1.3617830706336331,0.44359495151110595
1494,1494,-1.1038151043538247,-0.6053415879656749
1495,1495,0.5666058243830376,-0.05938972507267128
1496,1496,1.829397295350324,0.609164624579762
1497,1497,-1.190595251312675,-0.22112168859156642
1498,1498,0.8860763789907039,0.36974311660559356
1499,1499,1.5467239782225062,-0.09668839886956562
